project_code,title,description,state,district,constituency,block_or_taluk,village_or_ward,latitude,longitude,mp_name,mp_house,sector,status,sanction_date,expected_completion_date,actual_completion_date,agency_id,agency_name,agency_type,sanctioned_amount,released_amount,expenditure_amount,unspent_balance,financial_progress_pct,physical_progress_pct,output_unit,physical_quantity,cost_per_unit,archetype,data_attribution
MPLAD-MA-PUN-01199,"Construction of 2 additional smart classroom blocks at Government Higher Secondary School, Khadakwasla","Administrative sanction under MPLADS for: Construction of 2 additional smart classroom blocks at Government Higher Secondary School, Khadakwasla. Implemented by Municipal Corporation Public Infrastructure Cell for public benefit in Khadakwasla, Pune.",Maharashtra,Pune,Pune (LS-34),Haveli,Khadakwasla,18.604146,73.944701,Murlidhar Mohol,Lok Sabha,Education & School Infrastructure,IN_PROGRESS,2025-03-09,2026-01-13,,AGY-MUNC-PUN,Municipal Corporation Public Infrastructure Cell,Municipal Corporation,3510000,3264300.0,2632500.0,631800.0,75.0,82.1,classroom_block,2.9,1210344.83,NORMAL,DEMO DATA — NOT OFFICIAL GOVERNMENT DATA
MPLAD-BI-PAT-01461,"Construction of modern girls toilet block and sanitation facility at Primary School, Bakhtiarpur","Administrative sanction under MPLADS for: Construction of modern girls toilet block and sanitation facility at Primary School, Bakhtiarpur. Implemented by Public Works Department (Div-1) for public benefit in Bakhtiarpur, Patna.",Bihar,Patna,Patna Sahib (LS-30),Bakhtiarpur,Bakhtiarpur,25.59518,85.166976,Ravi Shankar Prasad,Lok Sabha,Education & School Infrastructure,IN_PROGRESS,2026-02-09,2026-08-31,,AGY-PWD-PAT,Public Works Department (Div-1),Line Department,4400000,4226483.0,3972730.29,253752.71,90.3,17.5,classroom_block,2.7,1629629.63,HIGH_SPEND_LOW_PROGRESS,DEMO DATA — NOT OFFICIAL GOVERNMENT DATA
MPLAD-RA-JAI-01097,Setting up of Community RO Water Purification Plant with distribution kiosk at Sanganer,"Administrative sanction under MPLADS for: Setting up of Community RO Water Purification Plant with distribution kiosk at Sanganer. Implemented by Gram Panchayat Development Committee for public benefit in Sanganer, Jaipur.",Rajasthan,Jaipur,Jaipur (LS-07),Sanganer,Sanganer,26.855153,75.893435,Manju Sharma,Lok Sabha,Drinking Water Supply,IN_PROGRESS,2025-06-21,2026-05-26,,AGY-PRI-JAI,Gram Panchayat Development Committee,Panchayati Raj,1440000,1166400.0,950400.0,216000.0,66.0,99.2,water_installation,2.6,553846.15,NORMAL,DEMO DATA — NOT OFFICIAL GOVERNMENT DATA
MPLAD-TA-COI-01472,Construction of Multi-Purpose Community Hall and Cultural Center for public gatherings at Kinathukadavu,"Administrative sanction under MPLADS for: Construction of Multi-Purpose Community Hall and Cultural Center for public gatherings at Kinathukadavu. Implemented by Shree Balaji Civic Builders for public benefit in Kinathukadavu, Coimbatore.",Tamil Nadu,Coimbatore,Coimbatore (LS-20),Sulur,Kinathukadavu,11.069253,76.941728,Ganapathi P. Rajkumar,Lok Sabha,Community Infrastructure,IN_PROGRESS,2025-07-23,2026-03-18,,AGY-CONTR-103-COI,Shree Balaji Civic Builders,Registered Contractor,11350000,10692426.96,10131987.31,560439.65,89.3,15.3,community_hall,3.0,3783333.33,HIGH_SPEND_LOW_PROGRESS,DEMO DATA — NOT OFFICIAL GOVERNMENT DATA
MPLAD-BI-PAT-01575,Rejuvenation of traditional percolation tank and public drinking well at Fatuha,"Administrative sanction under MPLADS for: Rejuvenation of traditional percolation tank and public drinking well at Fatuha. Implemented by District Rural Development Agency for public benefit in Fatuha, Patna.",Bihar,Patna,Patna Sahib (LS-30),Bakhtiarpur,Fatuha,25.669664,85.145878,Ravi Shankar Prasad,Lok Sabha,Drinking Water Supply,COMPLETED,2025-04-13,2025-12-26,2025-03-06,AGY-DRDA-PAT,District Rural Development Agency,Line Department,750000,675000.0,592500.0,82500.0,79.0,100.0,water_installation,1.3,576923.08,DATA_INCONSISTENT,DEMO DATA — NOT OFFICIAL GOVERNMENT DATA
MPLAD-UT-VAR-01067,"Construction of modern girls toilet block and sanitation facility at Primary School, Shivpur","Administrative sanction under MPLADS for: Construction of modern girls toilet block and sanitation facility at Primary School, Shivpur. Implemented by Vanguard Infra Projects Pvt Ltd for public benefit in Shivpur, Varanasi.",Uttar Pradesh,Varanasi,Varanasi (LS-77),Rohaniya,Shivpur,25.287637,83.047926,Narendra Modi,Lok Sabha,Education & School Infrastructure,IN_PROGRESS,2025-03-09,2026-01-03,,AGY-CONTR-101-VAR,Vanguard Infra Projects Pvt Ltd,Registered Contractor,2970000,2465100.0,2197800.0,267300.0,74.0,80.6,classroom_block,2.2,1350000.0,NORMAL,DEMO DATA — NOT OFFICIAL GOVERNMENT DATA
MPLAD-WE-DAR-01452,Procurement of Basic Life Support Mobile Ambulance van for community health services in Darjeeling,"Administrative sanction under MPLADS for: Procurement of Basic Life Support Mobile Ambulance van for community health services in Darjeeling. Implemented by State Rural Water Supply & Sanitation Board for public benefit in Siliguri, Darjeeling.",West Bengal,Darjeeling,Darjeeling (LS-04),Kurseong,Siliguri,27.039206,88.303854,Raju Bista,Lok Sabha,Health & Sanitation,IN_PROGRESS,2025-10-05,2026-09-03,,AGY-JAL-DAR,State Rural Water Supply & Sanitation Board,Line Department,3040000,2803560.42,2730333.86,73226.56,89.8,14.0,facility_center,1.1,2763636.36,HIGH_SPEND_LOW_PROGRESS,DEMO DATA — NOT OFFICIAL GOVERNMENT DATA
MPLAD-RA-JAI-01516,"Construction of 2 additional smart classroom blocks at Government Higher Secondary School, Sanganer","Administrative sanction under MPLADS for: Construction of 2 additional smart classroom blocks at Government Higher Secondary School, Sanganer. Implemented by Gram Panchayat Development Committee for public benefit in Sanganer, Jaipur.",Rajasthan,Jaipur,Jaipur (LS-07),Sanganer,Sanganer,26.955283,75.91098,Manju Sharma,Lok Sabha,Education & School Infrastructure,STALLED,2023-07-01,2024-04-26,,AGY-PRI-JAI,Gram Panchayat Development Committee,Panchayati Raj,6030000,4221000.0,3587850.0,633150.0,59.5,41.3,classroom_block,4.4,1370454.55,DELAYED_PROJECT,DEMO DATA — NOT OFFICIAL GOVERNMENT DATA
MPLAD-TA-COI-01493,"Setting up of automated diagnostic lab unit at Community Health Centre, Mettupalayam","Administrative sanction under MPLADS for: Setting up of automated diagnostic lab unit at Community Health Centre, Mettupalayam. Implemented by State Rural Water Supply & Sanitation Board for public benefit in Mettupalayam, Coimbatore.",Tamil Nadu,Coimbatore,Coimbatore (LS-20),Sulur,Mettupalayam,10.966972,77.016247,Ganapathi P. Rajkumar,Lok Sabha,Health & Sanitation,STALLED,2023-04-22,2024-02-16,,AGY-JAL-COI,State Rural Water Supply & Sanitation Board,Line Department,3780000,2646000.0,2249100.0,396900.0,59.5,31.5,facility_center,1.2,3150000.0,DELAYED_PROJECT,DEMO DATA — NOT OFFICIAL GOVERNMENT DATA
MPLAD-MA-PUN-01083,Setting up of Community RO Water Purification Plant with distribution kiosk at Haveli,"Administrative sanction under MPLADS for: Setting up of Community RO Water Purification Plant with distribution kiosk at Haveli. Implemented by Gram Panchayat Development Committee for public benefit in Haveli, Pune.",Maharashtra,Pune,Pune (LS-34),Haveli,Haveli,18.473309,73.999542,Murlidhar Mohol,Lok Sabha,Drinking Water Supply,IN_PROGRESS,2026-01-16,2026-08-02,,AGY-PRI-PUN,Gram Panchayat Development Committee,Panchayati Raj,2810000,2641400.0,1995100.0,646300.0,71.0,88.4,water_installation,5.0,562000.0,NORMAL,DEMO DATA — NOT OFFICIAL GOVERNMENT DATA
MPLAD-KA-BEN-01296,Construction of Multi-Purpose Community Hall and Cultural Center for public gatherings at Magadi,"Administrative sanction under MPLADS for: Construction of Multi-Purpose Community Hall and Cultural Center for public gatherings at Magadi. Implemented by Apex Engineering & Construction Syndicate for public benefit in Magadi, Bengaluru Rural.",Karnataka,Bengaluru Rural,Bengaluru Rural (LS-23),Devanahalli,Magadi,13.257116,77.470725,C. N. Manjunath,Lok Sabha,Community Infrastructure,IN_PROGRESS,2024-03-04,2024-10-01,,AGY-CONTR-102-BEN,Apex Engineering & Construction Syndicate,Registered Contractor,6220000,5535800.0,4727200.0,808600.0,76.0,88.3,community_hall,1.9,3273684.21,NORMAL,DEMO DATA — NOT OFFICIAL GOVERNMENT DATA
MPLAD-MA-IND-01362,Bituminous macadam surfacing of rural connectivity pathway near Depalpur main square,"Administrative sanction under MPLADS for: Bituminous macadam surfacing of rural connectivity pathway near Depalpur main square. Implemented by Gram Panchayat Development Committee for public benefit in Depalpur, Indore.",Madhya Pradesh,Indore,Indore (LS-26),Mhow,Depalpur,22.652403,75.809898,Shankar Lalwani,Lok Sabha,Roads & Pathways,IN_PROGRESS,2025-07-29,2026-04-08,,AGY-PRI-IND,Gram Panchayat Development Committee,Panchayati Raj,9840000,8954400.0,8364000.0,590400.0,85.0,80.3,kilometer,3.6,2733333.33,NORMAL,DEMO DATA — NOT OFFICIAL GOVERNMENT DATA
MPLAD-TA-COI-01122,Bituminous macadam surfacing of rural connectivity pathway near Pollachi main square,"Administrative sanction under MPLADS for: Bituminous macadam surfacing of rural connectivity pathway near Pollachi main square. Implemented by Gram Panchayat Development Committee for public benefit in Pollachi, Coimbatore.",Tamil Nadu,Coimbatore,Coimbatore (LS-20),Sulur,Pollachi,10.988267,76.9949,Ganapathi P. Rajkumar,Lok Sabha,Roads & Pathways,IN_PROGRESS,2025-03-16,2025-12-23,,AGY-PRI-COI,Gram Panchayat Development Committee,Panchayati Raj,3550000,3479000.0,2982000.0,497000.0,84.0,84.5,kilometer,1.2,2958333.33,NORMAL,DEMO DATA — NOT OFFICIAL GOVERNMENT DATA
MPLAD-BI-PAT-01257,"Setting up of automated diagnostic lab unit at Community Health Centre, Phulwari","Administrative sanction under MPLADS for: Setting up of automated diagnostic lab unit at Community Health Centre, Phulwari. Implemented by Gram Panchayat Development Committee for public benefit in Phulwari, Patna.",Bihar,Patna,Patna Sahib (LS-30),Bakhtiarpur,Phulwari,25.550629,85.052162,Ravi Shankar Prasad,Lok Sabha,Health & Sanitation,IN_PROGRESS,2024-01-11,2024-10-14,,AGY-PRI-PAT,Gram Panchayat Development Committee,Panchayati Raj,5930000,5930000.0,4744000.0,1186000.0,80.0,94.9,facility_center,1.6,3706250.0,NORMAL,DEMO DATA — NOT OFFICIAL GOVERNMENT DATA
MPLAD-MA-IND-01418,Installation of Deep Borewell with Solar Dual Pump and overhead storage tank at Hatod,"Administrative sanction under MPLADS for: Installation of Deep Borewell with Solar Dual Pump and overhead storage tank at Hatod. Implemented by Public Works Department (Div-1) for public benefit in Hatod, Indore. (Contains specialized premium design parameters and expedited specifications).",Madhya Pradesh,Indore,Indore (LS-26),Mhow,Hatod,22.702289,75.881595,Shankar Lalwani,Lok Sabha,Drinking Water Supply,IN_PROGRESS,2026-02-22,2027-02-02,,AGY-PWD-IND,Public Works Department (Div-1),Line Department,1930000,1737000.0,1476450.0,260550.0,76.5,38.6,water_installation,1.5,1286666.67,COST_OUTLIER,DEMO DATA — NOT OFFICIAL GOVERNMENT DATA
MPLAD-KA-BEN-01239,Setting up of Community RO Water Purification Plant with distribution kiosk at Doddaballapura,"Administrative sanction under MPLADS for: Setting up of Community RO Water Purification Plant with distribution kiosk at Doddaballapura. Implemented by Apex Engineering & Construction Syndicate for public benefit in Doddaballapura, Bengaluru Rural.",Karnataka,Bengaluru Rural,Bengaluru Rural (LS-23),Devanahalli,Doddaballapura,13.332663,77.696388,C. N. Manjunath,Lok Sabha,Drinking Water Supply,IN_PROGRESS,2024-01-07,2024-11-14,,AGY-CONTR-102-BEN,Apex Engineering & Construction Syndicate,Registered Contractor,1590000,1590000.0,1415100.0,174900.0,89.0,88.4,water_installation,3.8,418421.05,NORMAL,DEMO DATA — NOT OFFICIAL GOVERNMENT DATA
MPLAD-TA-COI-01306,Bituminous macadam surfacing of rural connectivity pathway near Sulur main square,"Administrative sanction under MPLADS for: Bituminous macadam surfacing of rural connectivity pathway near Sulur main square. Implemented by Gram Panchayat Development Committee for public benefit in Sulur, Coimbatore.",Tamil Nadu,Coimbatore,Coimbatore (LS-20),Sulur,Sulur,10.963554,77.000515,Ganapathi P. Rajkumar,Lok Sabha,Roads & Pathways,IN_PROGRESS,2025-06-23,2026-02-09,,AGY-PRI-COI,Gram Panchayat Development Committee,Panchayati Raj,5620000,4777000.0,4439800.0,337200.0,79.0,82.6,kilometer,2.4,2341666.67,NORMAL,DEMO DATA — NOT OFFICIAL GOVERNMENT DATA
MPLAD-WE-DAR-01183,Laying of piped drinking water distribution network for scheduled caste colony in Sukhiapokhri,"Administrative sanction under MPLADS for: Laying of piped drinking water distribution network for scheduled caste colony in Sukhiapokhri. Implemented by Vanguard Infra Projects Pvt Ltd for public benefit in Sukhiapokhri, Darjeeling.",West Bengal,Darjeeling,Darjeeling (LS-04),Kurseong,Sukhiapokhri,26.993098,88.216621,Raju Bista,Lok Sabha,Drinking Water Supply,IN_PROGRESS,2024-09-02,2025-03-12,,AGY-CONTR-101-DAR,Vanguard Infra Projects Pvt Ltd,Registered Contractor,690000,662400.0,565800.0,96600.0,82.0,88.2,water_installation,2.2,313636.36,NORMAL,DEMO DATA — NOT OFFICIAL GOVERNMENT DATA
MPLAD-UT-VAR-01485,Bituminous macadam surfacing of rural connectivity pathway near Cantt main square,"Administrative sanction under MPLADS for: Bituminous macadam surfacing of rural connectivity pathway near Cantt main square. Implemented by Gram Panchayat Development Committee for public benefit in Cantt, Varanasi.",Uttar Pradesh,Varanasi,Varanasi (LS-77),Rohaniya,Cantt,25.292214,83.056407,Narendra Modi,Lok Sabha,Roads & Pathways,STALLED,2022-12-10,2023-10-06,,AGY-PRI-VAR,Gram Panchayat Development Committee,Panchayati Raj,4800000,3360000.0,2856000.0,504000.0,59.5,33.5,kilometer,2.6,1846153.85,DELAYED_PROJECT,DEMO DATA — NOT OFFICIAL GOVERNMENT DATA
MPLAD-KA-BEN-01128,Construction of Cement Concrete (CC) Road with side drains from Hosakote to Devanahalli,"Administrative sanction under MPLADS for: Construction of Cement Concrete (CC) Road with side drains from Hosakote to Devanahalli. Implemented by Zilla Parishad Engineering Cell for public benefit in Hosakote, Bengaluru Rural.",Karnataka,Bengaluru Rural,Bengaluru Rural (LS-23),Devanahalli,Hosakote,13.257116,77.640997,C. N. Manjunath,Lok Sabha,Roads & Pathways,IN_PROGRESS,2024-08-10,2025-03-15,,AGY-ZP-BEN,Zilla Parishad Engineering Cell,Panchayati Raj,12650000,10879000.0,10626000.0,253000.0,84.0,90.3,kilometer,5.0,2530000.0,NORMAL,DEMO DATA — NOT OFFICIAL GOVERNMENT DATA
MPLAD-MA-PUN-01563,Bituminous macadam surfacing of rural connectivity pathway near Shivajinagar main square,"Administrative sanction under MPLADS for: Bituminous macadam surfacing of rural connectivity pathway near Shivajinagar main square. Implemented by Vanguard Infra Projects Pvt Ltd for public benefit in Shivajinagar, Pune.",Maharashtra,Pune,Pune (LS-34),Haveli,Shivajinagar,18.638046,73.75818,Murlidhar Mohol,Lok Sabha,Roads & Pathways,IN_PROGRESS,2024-06-12,2025-05-31,,AGY-CONTR-101-PUN,Vanguard Infra Projects Pvt Ltd,Registered Contractor,9280000,9187200.0,7145600.0,2041600.0,77.0,90.7,kilometer,3.5,2651428.57,AGENCY_MONOPOLY,DEMO DATA — NOT OFFICIAL GOVERNMENT DATA
MPLAD-MA-IND-01220,Laying of underground irrigation pipeline connecting minor irrigation tank to farmlands at Betma,"Administrative sanction under MPLADS for: Laying of underground irrigation pipeline connecting minor irrigation tank to farmlands at Betma. Implemented by Zilla Parishad Engineering Cell for public benefit in Betma, Indore.",Madhya Pradesh,Indore,Indore (LS-26),Mhow,Betma,22.788445,75.890723,Shankar Lalwani,Lok Sabha,Irrigation & Flood Control,IN_PROGRESS,2024-09-13,2025-07-21,,AGY-ZP-IND,Zilla Parishad Engineering Cell,Panchayati Raj,8410000,7905400.0,6223400.0,1682000.0,74.0,87.5,check_dam,4.9,1716326.53,NORMAL,DEMO DATA — NOT OFFICIAL GOVERNMENT DATA
MPLAD-MA-PUN-01553,Upgradation of link road and culvert bridging at Manchar,"Administrative sanction under MPLADS for: Upgradation of link road and culvert bridging at Manchar. Implemented by Vanguard Infra Projects Pvt Ltd for public benefit in Manchar, Pune.",Maharashtra,Pune,Pune (LS-34),Haveli,Manchar,18.481313,73.95655000000001,Murlidhar Mohol,Lok Sabha,Roads & Pathways,IN_PROGRESS,2025-09-21,2026-04-28,,AGY-CONTR-101-PUN,Vanguard Infra Projects Pvt Ltd,Registered Contractor,2760000,2760000.0,2290800.0,469200.0,83.0,94.9,kilometer,1.0,2760000.0,AGENCY_MONOPOLY,DEMO DATA — NOT OFFICIAL GOVERNMENT DATA
MPLAD-WE-DAR-01140,Bituminous macadam surfacing of rural connectivity pathway near Siliguri main square,"Administrative sanction under MPLADS for: Bituminous macadam surfacing of rural connectivity pathway near Siliguri main square. Implemented by Municipal Corporation Public Infrastructure Cell for public benefit in Siliguri, Darjeeling.",West Bengal,Darjeeling,Darjeeling (LS-04),Kurseong,Siliguri,27.128778,88.24328,Raju Bista,Lok Sabha,Roads & Pathways,IN_PROGRESS,2025-08-01,2026-05-26,,AGY-MUNC-DAR,Municipal Corporation Public Infrastructure Cell,Municipal Corporation,6730000,6057000.0,4980200.0,1076800.0,74.0,85.3,kilometer,2.2,3059090.91,NORMAL,DEMO DATA — NOT OFFICIAL GOVERNMENT DATA
MPLAD-RA-JAI-01479,Procurement of Basic Life Support Mobile Ambulance van for community health services in Jaipur,"Administrative sanction under MPLADS for: Procurement of Basic Life Support Mobile Ambulance van for community health services in Jaipur. Implemented by Shree Balaji Civic Builders for public benefit in Amer, Jaipur.",Rajasthan,Jaipur,Jaipur (LS-07),Sanganer,Amer,26.81817,75.711531,Manju Sharma,Lok Sabha,Health & Sanitation,IN_PROGRESS,2024-02-25,2024-09-22,,AGY-CONTR-103-JAI,Shree Balaji Civic Builders,Registered Contractor,11240000,10312458.17,10088051.9,224406.27,89.8,20.0,facility_center,4.4,2554545.45,HIGH_SPEND_LOW_PROGRESS,DEMO DATA — NOT OFFICIAL GOVERNMENT DATA
MPLAD-MA-PUN-01238,Rejuvenation of traditional percolation tank and public drinking well at Shivajinagar,"Administrative sanction under MPLADS for: Rejuvenation of traditional percolation tank and public drinking well at Shivajinagar. Implemented by State Rural Water Supply & Sanitation Board for public benefit in Shivajinagar, Pune.",Maharashtra,Pune,Pune (LS-34),Haveli,Shivajinagar,18.57366,73.806963,Murlidhar Mohol,Lok Sabha,Drinking Water Supply,IN_PROGRESS,2024-02-02,2024-08-29,,AGY-JAL-PUN,State Rural Water Supply & Sanitation Board,Line Department,1300000,1274000.0,1001000.0,273000.0,77.0,98.2,water_installation,3.5,371428.57,NORMAL,DEMO DATA — NOT OFFICIAL GOVERNMENT DATA
MPLAD-MA-IND-01523,Construction of Cement Concrete (CC) Road and side drains from Panchayat Bhawan to Main Gate in Sanwer,"Administrative sanction under MPLADS for: Construction of modern girls toilet block and sanitation facility at Primary School, Betma. Implemented by Gram Panchayat Development Committee for public benefit in Betma, Indore.",Madhya Pradesh,Indore,Indore (LS-26),Mhow,Sanwer,22.701391,75.817718,Shankar Lalwani,Lok Sabha,Roads & Pathways,IN_PROGRESS,2025-12-19,2026-12-05,,AGY-PRI-IND,Gram Panchayat Development Committee,Panchayati Raj,6290000,3806000.0,2906400.0,899600.0,42.0,55.5,classroom_block,4.3,3145000.0,DUPLICATE_PAIR,DEMO DATA — NOT OFFICIAL GOVERNMENT DATA
MPLAD-KA-BEN-01361,Development of Rural Sports Playground with boundary wall and athletic track at Doddaballapura,"Administrative sanction under MPLADS for: Development of Rural Sports Playground with boundary wall and athletic track at Doddaballapura. Implemented by District Rural Development Agency for public benefit in Doddaballapura, Bengaluru Rural.",Karnataka,Bengaluru Rural,Bengaluru Rural (LS-23),Devanahalli,Doddaballapura,13.312442,77.468205,C. N. Manjunath,Lok Sabha,Community Infrastructure,IN_PROGRESS,2024-12-09,2025-09-21,,AGY-DRDA-BEN,District Rural Development Agency,Line Department,6750000,5805000.0,5062500.0,742500.0,75.0,99.2,community_hall,2.4,2812500.0,NORMAL,DEMO DATA — NOT OFFICIAL GOVERNMENT DATA
MPLAD-MA-PUN-01552,Desilting and embankment strengthening of drainage canal serving agricultural fields in Baramati,"Administrative sanction under MPLADS for: Desilting and embankment strengthening of drainage canal serving agricultural fields in Baramati. Implemented by Vanguard Infra Projects Pvt Ltd for public benefit in Baramati, Pune.",Maharashtra,Pune,Pune (LS-34),Haveli,Baramati,18.474985,73.88513,Murlidhar Mohol,Lok Sabha,Irrigation & Flood Control,IN_PROGRESS,2025-02-01,2025-11-24,,AGY-CONTR-101-PUN,Vanguard Infra Projects Pvt Ltd,Registered Contractor,4000000,3680000.0,3320000.0,360000.0,83.0,87.3,check_dam,2.4,1666666.67,AGENCY_MONOPOLY,DEMO DATA — NOT OFFICIAL GOVERNMENT DATA
MPLAD-WE-DAR-01075,Upgradation of link road and culvert bridging at Sukhiapokhri,"Administrative sanction under MPLADS for: Upgradation of link road and culvert bridging at Sukhiapokhri. Implemented by Apex Engineering & Construction Syndicate for public benefit in Sukhiapokhri, Darjeeling.",West Bengal,Darjeeling,Darjeeling (LS-04),Kurseong,Sukhiapokhri,26.968233,88.302863,Raju Bista,Lok Sabha,Roads & Pathways,COMPLETED,2025-02-24,2025-09-08,2025-09-12,AGY-CONTR-102-DAR,Apex Engineering & Construction Syndicate,Registered Contractor,5280000,4752000.0,4382400.0,369600.0,83.0,100.0,kilometer,2.8,1885714.29,NORMAL,DEMO DATA — NOT OFFICIAL GOVERNMENT DATA
MPLAD-UT-VAR-01475,"Setting up of automated diagnostic lab unit at Community Health Centre, Kashi","Administrative sanction under MPLADS for: Setting up of automated diagnostic lab unit at Community Health Centre, Kashi. Implemented by Public Works Department (Div-1) for public benefit in Kashi, Varanasi.",Uttar Pradesh,Varanasi,Varanasi (LS-77),Rohaniya,Kashi,25.385373,82.995082,Narendra Modi,Lok Sabha,Health & Sanitation,IN_PROGRESS,2026-04-12,2027-03-17,,AGY-PWD-VAR,Public Works Department (Div-1),Line Department,11340000,10866980.93,10512881.51,354099.42,92.7,14.5,facility_center,4.0,2835000.0,HIGH_SPEND_LOW_PROGRESS,DEMO DATA — NOT OFFICIAL GOVERNMENT DATA
MPLAD-WE-DAR-01039,"Establishment of Composite Science and STEM Laboratory at Zilla Parishad High School, Kurseong","Administrative sanction under MPLADS for: Establishment of Composite Science and STEM Laboratory at Zilla Parishad High School, Kurseong. Implemented by Apex Engineering & Construction Syndicate for public benefit in Kurseong, Darjeeling.",West Bengal,Darjeeling,Darjeeling (LS-04),Kurseong,Kurseong,27.077254,88.299101,Raju Bista,Lok Sabha,Education & School Infrastructure,IN_PROGRESS,2025-08-01,2026-04-21,,AGY-CONTR-102-DAR,Apex Engineering & Construction Syndicate,Registered Contractor,1390000,1237100.0,1000800.0,236300.0,72.0,92.6,classroom_block,1.1,1263636.36,NORMAL,DEMO DATA — NOT OFFICIAL GOVERNMENT DATA
MPLAD-UT-VAR-01352,Desilting and embankment strengthening of drainage canal serving agricultural fields in Shivpur,"Administrative sanction under MPLADS for: Desilting and embankment strengthening of drainage canal serving agricultural fields in Shivpur. Implemented by Shree Balaji Civic Builders for public benefit in Shivpur, Varanasi.",Uttar Pradesh,Varanasi,Varanasi (LS-77),Rohaniya,Shivpur,25.271529,82.970805,Narendra Modi,Lok Sabha,Irrigation & Flood Control,IN_PROGRESS,2025-10-14,2026-09-29,,AGY-CONTR-103-VAR,Shree Balaji Civic Builders,Registered Contractor,4680000,4258800.0,3884400.0,374400.0,83.0,75.9,check_dam,2.0,2340000.0,NORMAL,DEMO DATA — NOT OFFICIAL GOVERNMENT DATA
MPLAD-KA-BEN-01052,Rejuvenation of traditional percolation tank and public drinking well at Doddaballapura,"Administrative sanction under MPLADS for: Rejuvenation of traditional percolation tank and public drinking well at Doddaballapura. Implemented by Shree Balaji Civic Builders for public benefit in Doddaballapura, Bengaluru Rural.",Karnataka,Bengaluru Rural,Bengaluru Rural (LS-23),Devanahalli,Doddaballapura,13.252134999999999,77.577911,C. N. Manjunath,Lok Sabha,Drinking Water Supply,IN_PROGRESS,2024-05-19,2025-05-05,,AGY-CONTR-103-BEN,Shree Balaji Civic Builders,Registered Contractor,1680000,1663200.0,1276800.0,386400.0,76.0,89.4,water_installation,3.2,525000.0,NORMAL,DEMO DATA — NOT OFFICIAL GOVERNMENT DATA
MPLAD-RA-JAI-01096,Construction of gabion flood protection retaining wall along vulnerable bank in Bassi,"Administrative sanction under MPLADS for: Construction of gabion flood protection retaining wall along vulnerable bank in Bassi. Implemented by Shree Balaji Civic Builders for public benefit in Bassi, Jaipur.",Rajasthan,Jaipur,Jaipur (LS-07),Sanganer,Bassi,26.865448,75.779332,Manju Sharma,Lok Sabha,Irrigation & Flood Control,IN_PROGRESS,2024-05-02,2024-12-29,,AGY-CONTR-103-JAI,Shree Balaji Civic Builders,Registered Contractor,9310000,9030700.0,7448000.0,1582700.0,80.0,81.8,check_dam,3.9,2387179.49,NORMAL,DEMO DATA — NOT OFFICIAL GOVERNMENT DATA
MPLAD-WE-DAR-01148,Paving of interlocking paver block street in Siliguri Ward 4,"Administrative sanction under MPLADS for: Paving of interlocking paver block street in Siliguri Ward 4. Implemented by Shree Balaji Civic Builders for public benefit in Siliguri, Darjeeling.",West Bengal,Darjeeling,Darjeeling (LS-04),Kurseong,Siliguri,27.052333,88.285733,Raju Bista,Lok Sabha,Roads & Pathways,IN_PROGRESS,2024-09-09,2025-06-19,,AGY-CONTR-103-DAR,Shree Balaji Civic Builders,Registered Contractor,8070000,7424400.0,6456000.0,968400.0,80.0,98.0,kilometer,4.1,1968292.68,NORMAL,DEMO DATA — NOT OFFICIAL GOVERNMENT DATA
MPLAD-MA-PUN-01457,Setting up of Community RO Water Purification Plant with distribution kiosk at Manchar,"Administrative sanction under MPLADS for: Setting up of Community RO Water Purification Plant with distribution kiosk at Manchar. Implemented by State Rural Water Supply & Sanitation Board for public benefit in Manchar, Pune.",Maharashtra,Pune,Pune (LS-34),Haveli,Manchar,18.489295,73.956739,Murlidhar Mohol,Lok Sabha,Drinking Water Supply,IN_PROGRESS,2024-01-20,2024-10-30,,AGY-JAL-PUN,State Rural Water Supply & Sanitation Board,Line Department,1900000,1744148.05,1680402.65,63745.4,88.4,11.1,water_installation,3.2,593750.0,HIGH_SPEND_LOW_PROGRESS,DEMO DATA — NOT OFFICIAL GOVERNMENT DATA
MPLAD-RA-JAI-01512,Procurement of Basic Life Support Mobile Ambulance van for community health services in Jaipur,"Administrative sanction under MPLADS for: Procurement of Basic Life Support Mobile Ambulance van for community health services in Jaipur. Implemented by Municipal Corporation Public Infrastructure Cell for public benefit in Bassi, Jaipur.",Rajasthan,Jaipur,Jaipur (LS-07),Sanganer,Bassi,27.006658,75.948302,Manju Sharma,Lok Sabha,Health & Sanitation,STALLED,2023-06-04,2024-03-30,,AGY-MUNC-JAI,Municipal Corporation Public Infrastructure Cell,Municipal Corporation,12510000,8757000.0,7443450.0,1313550.0,59.5,46.8,facility_center,3.9,3207692.31,DELAYED_PROJECT,DEMO DATA — NOT OFFICIAL GOVERNMENT DATA
MPLAD-RA-JAI-01063,Desilting and embankment strengthening of drainage canal serving agricultural fields in Amer,"Administrative sanction under MPLADS for: Desilting and embankment strengthening of drainage canal serving agricultural fields in Amer. Implemented by Apex Engineering & Construction Syndicate for public benefit in Amer, Jaipur.",Rajasthan,Jaipur,Jaipur (LS-07),Sanganer,Amer,26.923744,75.728843,Manju Sharma,Lok Sabha,Irrigation & Flood Control,IN_PROGRESS,2026-05-02,2027-02-03,,AGY-CONTR-102-JAI,Apex Engineering & Construction Syndicate,Registered Contractor,3170000,1109500.0,1014400.0,95100.0,32.0,28.5,check_dam,1.4,2264285.71,NORMAL,DEMO DATA — NOT OFFICIAL GOVERNMENT DATA
MPLAD-MA-PUN-01213,Construction of Cement Concrete (CC) Road with side drains from Manchar to Khadakwasla,"Administrative sanction under MPLADS for: Construction of Cement Concrete (CC) Road with side drains from Manchar to Khadakwasla. Implemented by Municipal Corporation Public Infrastructure Cell for public benefit in Manchar, Pune.",Maharashtra,Pune,Pune (LS-34),Haveli,Manchar,18.517971,73.851021,Murlidhar Mohol,Lok Sabha,Roads & Pathways,IN_PROGRESS,2024-05-16,2024-12-01,,AGY-MUNC-PUN,Municipal Corporation Public Infrastructure Cell,Municipal Corporation,3100000,3100000.0,2356000.0,744000.0,76.0,86.7,kilometer,1.1,2818181.82,NORMAL,DEMO DATA — NOT OFFICIAL GOVERNMENT DATA
MPLAD-TA-COI-01255,Setting up of Community RO Water Purification Plant with distribution kiosk at Sulur,"Administrative sanction under MPLADS for: Setting up of Community RO Water Purification Plant with distribution kiosk at Sulur. Implemented by Public Works Department (Div-1) for public benefit in Sulur, Coimbatore.",Tamil Nadu,Coimbatore,Coimbatore (LS-20),Sulur,Sulur,10.965113,76.916198,Ganapathi P. Rajkumar,Lok Sabha,Drinking Water Supply,IN_PROGRESS,2025-08-09,2026-05-06,,AGY-PWD-COI,Public Works Department (Div-1),Line Department,1100000,1045000.0,957000.0,88000.0,87.0,95.1,water_installation,2.0,550000.0,NORMAL,DEMO DATA — NOT OFFICIAL GOVERNMENT DATA
MPLAD-MA-PUN-01373,Desilting and embankment strengthening of drainage canal serving agricultural fields in Haveli,"Administrative sanction under MPLADS for: Desilting and embankment strengthening of drainage canal serving agricultural fields in Haveli. Implemented by State Rural Water Supply & Sanitation Board for public benefit in Haveli, Pune.",Maharashtra,Pune,Pune (LS-34),Haveli,Haveli,18.478608,73.900511,Murlidhar Mohol,Lok Sabha,Irrigation & Flood Control,IN_PROGRESS,2025-02-05,2025-10-23,,AGY-JAL-PUN,State Rural Water Supply & Sanitation Board,Line Department,4720000,4342400.0,3776000.0,566400.0,80.0,97.7,check_dam,2.4,1966666.67,NORMAL,DEMO DATA — NOT OFFICIAL GOVERNMENT DATA
MPLAD-WE-DAR-01322,Development of Rural Sports Playground with boundary wall and athletic track at Mirik,"Administrative sanction under MPLADS for: Development of Rural Sports Playground with boundary wall and athletic track at Mirik. Implemented by Vanguard Infra Projects Pvt Ltd for public benefit in Mirik, Darjeeling.",West Bengal,Darjeeling,Darjeeling (LS-04),Kurseong,Mirik,27.109918,88.300868,Raju Bista,Lok Sabha,Community Infrastructure,IN_PROGRESS,2025-05-18,2025-11-25,,AGY-CONTR-101-DAR,Vanguard Infra Projects Pvt Ltd,Registered Contractor,11610000,10913400.0,10332900.0,580500.0,89.0,93.4,community_hall,3.9,2976923.08,NORMAL,DEMO DATA — NOT OFFICIAL GOVERNMENT DATA
MPLAD-BI-PAT-01209,Construction of gabion flood protection retaining wall along vulnerable bank in Maner,"Administrative sanction under MPLADS for: Construction of gabion flood protection retaining wall along vulnerable bank in Maner. Implemented by Public Works Department (Div-1) for public benefit in Maner, Patna.",Bihar,Patna,Patna Sahib (LS-30),Bakhtiarpur,Maner,25.628253,85.176514,Ravi Shankar Prasad,Lok Sabha,Irrigation & Flood Control,IN_PROGRESS,2025-03-26,2025-10-01,,AGY-PWD-PAT,Public Works Department (Div-1),Line Department,11240000,10678000.0,8317600.0,2360400.0,74.0,83.5,check_dam,4.6,2443478.26,NORMAL,DEMO DATA — NOT OFFICIAL GOVERNMENT DATA
MPLAD-MA-IND-01480,"Setting up of automated diagnostic lab unit at Community Health Centre, Depalpur","Administrative sanction under MPLADS for: Setting up of automated diagnostic lab unit at Community Health Centre, Depalpur. Implemented by District Rural Development Agency for public benefit in Depalpur, Indore.",Madhya Pradesh,Indore,Indore (LS-26),Mhow,Depalpur,22.786531,75.81479,Shankar Lalwani,Lok Sabha,Health & Sanitation,IN_PROGRESS,2024-11-15,2025-06-03,,AGY-DRDA-IND,District Rural Development Agency,Line Department,8360000,8165884.73,7865287.56,300597.17,94.1,16.4,facility_center,2.4,3483333.33,HIGH_SPEND_LOW_PROGRESS,DEMO DATA — NOT OFFICIAL GOVERNMENT DATA
MPLAD-TA-COI-01502,Paving of interlocking paver block street in Annur Ward 4,"Administrative sanction under MPLADS for: Paving of interlocking paver block street in Annur Ward 4. Implemented by Vanguard Infra Projects Pvt Ltd for public benefit in Annur, Coimbatore.",Tamil Nadu,Coimbatore,Coimbatore (LS-20),Sulur,Annur,11.056516,76.941961,Ganapathi P. Rajkumar,Lok Sabha,Roads & Pathways,STALLED,2022-11-10,2023-09-06,,AGY-CONTR-101-COI,Vanguard Infra Projects Pvt Ltd,Registered Contractor,6240000,4368000.0,3712800.0,655200.0,59.5,30.5,kilometer,3.3,1890909.09,DELAYED_PROJECT,DEMO DATA — NOT OFFICIAL GOVERNMENT DATA
MPLAD-MA-IND-01223,"Establishment of Composite Science and STEM Laboratory at Zilla Parishad High School, Depalpur","Administrative sanction under MPLADS for: Establishment of Composite Science and STEM Laboratory at Zilla Parishad High School, Depalpur. Implemented by Vanguard Infra Projects Pvt Ltd for public benefit in Depalpur, Indore.",Madhya Pradesh,Indore,Indore (LS-26),Mhow,Depalpur,22.788472,75.804768,Shankar Lalwani,Lok Sabha,Education & School Infrastructure,IN_PROGRESS,2025-06-05,2026-02-11,,AGY-CONTR-101-IND,Vanguard Infra Projects Pvt Ltd,Registered Contractor,4350000,4132500.0,3480000.0,652500.0,80.0,92.8,classroom_block,3.2,1359375.0,NORMAL,DEMO DATA — NOT OFFICIAL GOVERNMENT DATA
MPLAD-BI-PAT-01252,Upgradation and modernization of Primary Health Sub-Centre with emergency maternity unit at Phulwari,"Administrative sanction under MPLADS for: Upgradation and modernization of Primary Health Sub-Centre with emergency maternity unit at Phulwari. Implemented by District Rural Development Agency for public benefit in Phulwari, Patna.",Bihar,Patna,Patna Sahib (LS-30),Bakhtiarpur,Phulwari,25.642875,85.237243,Ravi Shankar Prasad,Lok Sabha,Health & Sanitation,IN_PROGRESS,2026-04-21,2027-02-08,,AGY-DRDA-PAT,District Rural Development Agency,Line Department,8710000,2874300.0,2438800.0,435500.0,28.0,29.9,facility_center,2.7,3225925.93,NORMAL,DEMO DATA — NOT OFFICIAL GOVERNMENT DATA
MPLAD-WE-DAR-01191,Paving of interlocking paver block street in Kalimpong Ward 4,"Administrative sanction under MPLADS for: Paving of interlocking paver block street in Kalimpong Ward 4. Implemented by Apex Engineering & Construction Syndicate for public benefit in Kalimpong, Darjeeling.",West Bengal,Darjeeling,Darjeeling (LS-04),Kurseong,Kalimpong,27.106151,88.223971,Raju Bista,Lok Sabha,Roads & Pathways,IN_PROGRESS,2023-12-31,2024-11-11,,AGY-CONTR-102-DAR,Apex Engineering & Construction Syndicate,Registered Contractor,11270000,11157300.0,8790600.0,2366700.0,78.0,93.8,kilometer,3.8,2965789.47,NORMAL,DEMO DATA — NOT OFFICIAL GOVERNMENT DATA
MPLAD-MA-PUN-01447,Installation of Deep Borewell with Solar Dual Pump and overhead storage tank at Baramati,"Administrative sanction under MPLADS for: Installation of Deep Borewell with Solar Dual Pump and overhead storage tank at Baramati. Implemented by Zilla Parishad Engineering Cell for public benefit in Baramati, Pune.",Maharashtra,Pune,Pune (LS-34),Haveli,Baramati,18.542526,73.868216,Murlidhar Mohol,Lok Sabha,Drinking Water Supply,IN_PROGRESS,2025-08-18,2026-07-10,,AGY-ZP-PUN,Zilla Parishad Engineering Cell,Panchayati Raj,630000,605841.83,584952.03,20889.8,92.8,12.2,water_installation,1.1,572727.27,HIGH_SPEND_LOW_PROGRESS,DEMO DATA — NOT OFFICIAL GOVERNMENT DATA
MPLAD-WE-DAR-01179,"Setting up of automated diagnostic lab unit at Community Health Centre, Siliguri","Administrative sanction under MPLADS for: Setting up of automated diagnostic lab unit at Community Health Centre, Siliguri. Implemented by State Rural Water Supply & Sanitation Board for public benefit in Siliguri, Darjeeling.",West Bengal,Darjeeling,Darjeeling (LS-04),Kurseong,Siliguri,27.130211,88.291633,Raju Bista,Lok Sabha,Health & Sanitation,IN_PROGRESS,2026-02-18,2026-11-21,,AGY-JAL-DAR,State Rural Water Supply & Sanitation Board,Line Department,10110000,5257200.0,4448400.0,808800.0,44.0,54.0,facility_center,3.4,2973529.41,NORMAL,DEMO DATA — NOT OFFICIAL GOVERNMENT DATA
MPLAD-RA-JAI-01151,Desilting and embankment strengthening of drainage canal serving agricultural fields in Chaksu,"Administrative sanction under MPLADS for: Desilting and embankment strengthening of drainage canal serving agricultural fields in Chaksu. Implemented by Vanguard Infra Projects Pvt Ltd for public benefit in Chaksu, Jaipur.",Rajasthan,Jaipur,Jaipur (LS-07),Sanganer,Chaksu,26.834725,75.717877,Manju Sharma,Lok Sabha,Irrigation & Flood Control,IN_PROGRESS,2026-02-04,2026-11-24,,AGY-CONTR-101-JAI,Vanguard Infra Projects Pvt Ltd,Registered Contractor,2810000,1405000.0,1292600.0,112400.0,46.0,54.1,check_dam,1.7000000000000002,1652941.18,NORMAL,DEMO DATA — NOT OFFICIAL GOVERNMENT DATA
MPLAD-UT-VAR-01586,Development of Rural Sports Playground with boundary wall and athletic track at Pindra,"Administrative sanction under MPLADS for: Development of Rural Sports Playground with boundary wall and athletic track at Pindra. Implemented by Vanguard Infra Projects Pvt Ltd for public benefit in Pindra, Varanasi.",Uttar Pradesh,Varanasi,Varanasi (LS-77),Rohaniya,Pindra,25.312874,83.060695,Narendra Modi,Lok Sabha,Community Infrastructure,IN_PROGRESS,2024-05-18,2025-05-15,,AGY-CONTR-101-VAR,Vanguard Infra Projects Pvt Ltd,Registered Contractor,13200000,10824000.0,8448000.0,2376000.0,64.0,,community_hall,3.4,3882352.94,DATA_MISSING,DEMO DATA — NOT OFFICIAL GOVERNMENT DATA
MPLAD-WE-DAR-01190,Construction of Cement Concrete (CC) Road with side drains from Kurseong to Kalimpong,"Administrative sanction under MPLADS for: Construction of Cement Concrete (CC) Road with side drains from Kurseong to Kalimpong. Implemented by Shree Balaji Civic Builders for public benefit in Kurseong, Darjeeling.",West Bengal,Darjeeling,Darjeeling (LS-04),Kurseong,Kurseong,27.050945,88.206628,Raju Bista,Lok Sabha,Roads & Pathways,IN_PROGRESS,2025-10-11,2026-05-13,,AGY-CONTR-103-DAR,Shree Balaji Civic Builders,Registered Contractor,3430000,2881200.0,2435300.0,445900.0,71.0,95.8,kilometer,1.1,3118181.82,NORMAL,DEMO DATA — NOT OFFICIAL GOVERNMENT DATA
MPLAD-KA-BEN-01332,Setting up of Community RO Water Purification Plant with distribution kiosk at Devanahalli,"Administrative sanction under MPLADS for: Setting up of Community RO Water Purification Plant with distribution kiosk at Devanahalli. Implemented by Apex Engineering & Construction Syndicate for public benefit in Devanahalli, Bengaluru Rural.",Karnataka,Bengaluru Rural,Bengaluru Rural (LS-23),Devanahalli,Devanahalli,13.345106,77.66284,C. N. Manjunath,Lok Sabha,Drinking Water Supply,IN_PROGRESS,2025-03-12,2025-09-26,,AGY-CONTR-102-BEN,Apex Engineering & Construction Syndicate,Registered Contractor,1330000,1170400.0,997500.0,172900.0,75.0,82.4,water_installation,2.5,532000.0,NORMAL,DEMO DATA — NOT OFFICIAL GOVERNMENT DATA
MPLAD-TA-COI-01069,"Establishment of Composite Science and STEM Laboratory at Zilla Parishad High School, Annur","Administrative sanction under MPLADS for: Establishment of Composite Science and STEM Laboratory at Zilla Parishad High School, Annur. Implemented by Gram Panchayat Development Committee for public benefit in Annur, Coimbatore.",Tamil Nadu,Coimbatore,Coimbatore (LS-20),Sulur,Annur,11.026301,76.905617,Ganapathi P. Rajkumar,Lok Sabha,Education & School Infrastructure,IN_PROGRESS,2024-08-05,2025-03-23,,AGY-PRI-COI,Gram Panchayat Development Committee,Panchayati Raj,3910000,3636300.0,2815200.0,821100.0,72.0,99.7,classroom_block,2.2,1777272.73,NORMAL,DEMO DATA — NOT OFFICIAL GOVERNMENT DATA
MPLAD-MA-PUN-01395,"Establishment of Composite Science and STEM Laboratory at Zilla Parishad High School, Khadakwasla","Administrative sanction under MPLADS for: Establishment of Composite Science and STEM Laboratory at Zilla Parishad High School, Khadakwasla. Implemented by Vanguard Infra Projects Pvt Ltd for public benefit in Khadakwasla, Pune.",Maharashtra,Pune,Pune (LS-34),Haveli,Khadakwasla,18.521676,73.855371,Murlidhar Mohol,Lok Sabha,Education & School Infrastructure,IN_PROGRESS,2024-07-25,2025-02-22,,AGY-CONTR-101-PUN,Vanguard Infra Projects Pvt Ltd,Registered Contractor,3980000,3781000.0,3024800.0,756200.0,76.0,98.2,classroom_block,3.1,1283870.97,NORMAL,DEMO DATA — NOT OFFICIAL GOVERNMENT DATA
MPLAD-MA-IND-01589,Installation of Deep Borewell with Solar Dual Pump and overhead storage tank at Hatod,Work,Madhya Pradesh,Indore,Indore (LS-26),Mhow,Hatod,22.745044,75.832967,Shankar Lalwani,Lok Sabha,Drinking Water Supply,IN_PROGRESS,2025-05-23,2026-02-02,,AGY-CONTR-102-IND,Apex Engineering & Construction Syndicate,Registered Contractor,540000,540000.0,448200.0,91800.0,83.0,99.4,water_installation,1.1,490909.09,DATA_MISSING,DEMO DATA — NOT OFFICIAL GOVERNMENT DATA
MPLAD-RA-JAI-01300,Paving of interlocking paver block street in Chaksu Ward 4,"Administrative sanction under MPLADS for: Paving of interlocking paver block street in Chaksu Ward 4. Implemented by Gram Panchayat Development Committee for public benefit in Chaksu, Jaipur.",Rajasthan,Jaipur,Jaipur (LS-07),Sanganer,Chaksu,26.901496,75.808128,Manju Sharma,Lok Sabha,Roads & Pathways,IN_PROGRESS,2024-11-29,2025-08-29,,AGY-PRI-JAI,Gram Panchayat Development Committee,Panchayati Raj,5240000,4873200.0,4192000.0,681200.0,80.0,90.3,kilometer,2.1,2495238.1,NORMAL,DEMO DATA — NOT OFFICIAL GOVERNMENT DATA
MPLAD-MA-PUN-01152,Creation of Farmer Training & Seed Storage Facility near agricultural marketing yard at Haveli,"Administrative sanction under MPLADS for: Creation of Farmer Training & Seed Storage Facility near agricultural marketing yard at Haveli. Implemented by Municipal Corporation Public Infrastructure Cell for public benefit in Haveli, Pune.",Maharashtra,Pune,Pune (LS-34),Haveli,Haveli,18.543387,73.994176,Murlidhar Mohol,Lok Sabha,Community Infrastructure,IN_PROGRESS,2024-02-06,2024-10-29,,AGY-MUNC-PUN,Municipal Corporation Public Infrastructure Cell,Municipal Corporation,12290000,11306800.0,8603000.0,2703800.0,70.0,99.5,community_hall,3.8,3234210.53,NORMAL,DEMO DATA — NOT OFFICIAL GOVERNMENT DATA
MPLAD-MA-IND-01397,"Construction of modern girls toilet block and sanitation facility at Primary School, Hatod","Administrative sanction under MPLADS for: Construction of modern girls toilet block and sanitation facility at Primary School, Hatod. Implemented by Municipal Corporation Public Infrastructure Cell for public benefit in Hatod, Indore.",Madhya Pradesh,Indore,Indore (LS-26),Mhow,Hatod,22.740243,75.834589,Shankar Lalwani,Lok Sabha,Education & School Infrastructure,IN_PROGRESS,2024-04-26,2024-11-10,,AGY-MUNC-IND,Municipal Corporation Public Infrastructure Cell,Municipal Corporation,5560000,5393200.0,4892800.0,500400.0,88.0,96.5,classroom_block,4.8,1158333.33,NORMAL,DEMO DATA — NOT OFFICIAL GOVERNMENT DATA
MPLAD-WE-DAR-01416,Laying of underground irrigation pipeline connecting minor irrigation tank to farmlands at Naxalbari,"Administrative sanction under MPLADS for: Laying of underground irrigation pipeline connecting minor irrigation tank to farmlands at Naxalbari. Implemented by District Rural Development Agency for public benefit in Naxalbari, Darjeeling. (Contains specialized premium design parameters and expedited specifications).",West Bengal,Darjeeling,Darjeeling (LS-04),Kurseong,Naxalbari,27.007251,88.236111,Raju Bista,Lok Sabha,Irrigation & Flood Control,IN_PROGRESS,2024-09-23,2025-06-18,,AGY-DRDA-DAR,District Rural Development Agency,Line Department,14390000,12951000.0,11008350.0,1942650.0,76.5,82.5,check_dam,1.6,8993750.0,COST_OUTLIER,DEMO DATA — NOT OFFICIAL GOVERNMENT DATA
MPLAD-MA-PUN-01294,Development of Rural Sports Playground with boundary wall and athletic track at Baramati,"Administrative sanction under MPLADS for: Development of Rural Sports Playground with boundary wall and athletic track at Baramati. Implemented by Zilla Parishad Engineering Cell for public benefit in Baramati, Pune.",Maharashtra,Pune,Pune (LS-34),Haveli,Baramati,18.649914,73.829951,Murlidhar Mohol,Lok Sabha,Community Infrastructure,IN_PROGRESS,2025-02-05,2025-12-05,,AGY-ZP-PUN,Zilla Parishad Engineering Cell,Panchayati Raj,8510000,7403700.0,6978200.0,425500.0,82.0,86.6,community_hall,2.5,3404000.0,NORMAL,DEMO DATA — NOT OFFICIAL GOVERNMENT DATA
MPLAD-WE-DAR-01187,Bituminous macadam surfacing of rural connectivity pathway near Mirik main square,"Administrative sanction under MPLADS for: Bituminous macadam surfacing of rural connectivity pathway near Mirik main square. Implemented by Vanguard Infra Projects Pvt Ltd for public benefit in Mirik, Darjeeling.",West Bengal,Darjeeling,Darjeeling (LS-04),Kurseong,Mirik,26.991537,88.213339,Raju Bista,Lok Sabha,Roads & Pathways,IN_PROGRESS,2025-02-04,2025-09-11,,AGY-CONTR-101-DAR,Vanguard Infra Projects Pvt Ltd,Registered Contractor,9940000,9045400.0,8051400.0,994000.0,81.0,95.7,kilometer,4.2,2366666.67,NORMAL,DEMO DATA — NOT OFFICIAL GOVERNMENT DATA
MPLAD-TA-COI-01392,"Establishment of Composite Science and STEM Laboratory at Zilla Parishad High School, Kinathukadavu","Administrative sanction under MPLADS for: Establishment of Composite Science and STEM Laboratory at Zilla Parishad High School, Kinathukadavu. Implemented by Zilla Parishad Engineering Cell for public benefit in Kinathukadavu, Coimbatore.",Tamil Nadu,Coimbatore,Coimbatore (LS-20),Sulur,Kinathukadavu,11.077379,77.021293,Ganapathi P. Rajkumar,Lok Sabha,Education & School Infrastructure,IN_PROGRESS,2024-06-08,2024-12-08,,AGY-ZP-COI,Zilla Parishad Engineering Cell,Panchayati Raj,1870000,1683000.0,1365100.0,317900.0,73.0,89.1,classroom_block,1.7000000000000002,1100000.0,NORMAL,DEMO DATA — NOT OFFICIAL GOVERNMENT DATA
MPLAD-MA-PUN-01216,Laying of underground irrigation pipeline connecting minor irrigation tank to farmlands at Khadakwasla,"Administrative sanction under MPLADS for: Laying of underground irrigation pipeline connecting minor irrigation tank to farmlands at Khadakwasla. Implemented by Municipal Corporation Public Infrastructure Cell for public benefit in Khadakwasla, Pune.",Maharashtra,Pune,Pune (LS-34),Haveli,Khadakwasla,18.634094,73.936524,Murlidhar Mohol,Lok Sabha,Irrigation & Flood Control,IN_PROGRESS,2026-03-09,2026-11-01,,AGY-MUNC-PUN,Municipal Corporation Public Infrastructure Cell,Municipal Corporation,4390000,2765700.0,2458400.0,307300.0,56.0,53.7,check_dam,2.0,2195000.0,NORMAL,DEMO DATA — NOT OFFICIAL GOVERNMENT DATA
MPLAD-BI-PAT-01467,Upgradation and modernization of Primary Health Sub-Centre with emergency maternity unit at Danapur,"Administrative sanction under MPLADS for: Upgradation and modernization of Primary Health Sub-Centre with emergency maternity unit at Danapur. Implemented by Gram Panchayat Development Committee for public benefit in Danapur, Patna.",Bihar,Patna,Patna Sahib (LS-30),Bakhtiarpur,Danapur,25.679815,85.06303,Ravi Shankar Prasad,Lok Sabha,Health & Sanitation,IN_PROGRESS,2024-06-02,2025-03-20,,AGY-PRI-PAT,Gram Panchayat Development Committee,Panchayati Raj,11260000,10402815.87,9591850.22,810965.65,85.2,7.8,facility_center,3.4,3311764.71,HIGH_SPEND_LOW_PROGRESS,DEMO DATA — NOT OFFICIAL GOVERNMENT DATA
MPLAD-BI-PAT-01174,"Construction of modern girls toilet block and sanitation facility at Primary School, Bakhtiarpur","Administrative sanction under MPLADS for: Construction of modern girls toilet block and sanitation facility at Primary School, Bakhtiarpur. Implemented by Apex Engineering & Construction Syndicate for public benefit in Bakhtiarpur, Patna.",Bihar,Patna,Patna Sahib (LS-30),Bakhtiarpur,Bakhtiarpur,25.614029,85.183116,Ravi Shankar Prasad,Lok Sabha,Education & School Infrastructure,IN_PROGRESS,2025-09-22,2026-08-30,,AGY-CONTR-102-PAT,Apex Engineering & Construction Syndicate,Registered Contractor,2390000,2174900.0,1744700.0,430200.0,73.0,90.7,classroom_block,1.8,1327777.78,NORMAL,DEMO DATA — NOT OFFICIAL GOVERNMENT DATA
MPLAD-MA-IND-01074,Upgradation and modernization of Primary Health Sub-Centre with emergency maternity unit at Betma,"Administrative sanction under MPLADS for: Upgradation and modernization of Primary Health Sub-Centre with emergency maternity unit at Betma. Implemented by Zilla Parishad Engineering Cell for public benefit in Betma, Indore.",Madhya Pradesh,Indore,Indore (LS-26),Mhow,Betma,22.746547,75.92401,Shankar Lalwani,Lok Sabha,Health & Sanitation,IN_PROGRESS,2025-10-20,2026-09-06,,AGY-ZP-IND,Zilla Parishad Engineering Cell,Panchayati Raj,12080000,9180800.0,7127200.0,2053600.0,59.0,75.2,facility_center,4.4,2745454.55,NORMAL,DEMO DATA — NOT OFFICIAL GOVERNMENT DATA
MPLAD-KA-BEN-01598,Paving of interlocking paver block street in Nelamangala Ward 4,"Administrative sanction under MPLADS for: Paving of interlocking paver block street in Nelamangala Ward 4. Implemented by State Rural Water Supply & Sanitation Board for public benefit in Nelamangala, Bengaluru Rural.",Karnataka,Bengaluru Rural,Bengaluru Rural (LS-23),Devanahalli,Nelamangala,13.184127,77.653188,C. N. Manjunath,Lok Sabha,Roads & Pathways,IN_PROGRESS,2023-12-24,2024-09-05,,AGY-JAL-BEN,State Rural Water Supply & Sanitation Board,Line Department,5430000,4452600.0,3746700.0,705900.0,69.0,,kilometer,2.7,2011111.11,DATA_MISSING,DEMO DATA — NOT OFFICIAL GOVERNMENT DATA
MPLAD-KA-BEN-01377,Creation of Farmer Training & Seed Storage Facility near agricultural marketing yard at Hosakote,"Administrative sanction under MPLADS for: Creation of Farmer Training & Seed Storage Facility near agricultural marketing yard at Hosakote. Implemented by Public Works Department (Div-1) for public benefit in Hosakote, Bengaluru Rural.",Karnataka,Bengaluru Rural,Bengaluru Rural (LS-23),Devanahalli,Hosakote,13.326806,77.661777,C. N. Manjunath,Lok Sabha,Community Infrastructure,IN_PROGRESS,2025-08-10,2026-05-26,,AGY-PWD-BEN,Public Works Department (Div-1),Line Department,7670000,7439900.0,6749600.0,690300.0,88.0,83.9,community_hall,2.0,3835000.0,NORMAL,DEMO DATA — NOT OFFICIAL GOVERNMENT DATA
MPLAD-MA-IND-01590,Desilting and embankment strengthening of drainage canal serving agricultural fields in Rau,"Administrative sanction under MPLADS for: Desilting and embankment strengthening of drainage canal serving agricultural fields in Rau. Implemented by Zilla Parishad Engineering Cell for public benefit in Rau, Indore.",Madhya Pradesh,Indore,Indore (LS-26),Mhow,Rau,,,Shankar Lalwani,Lok Sabha,Irrigation & Flood Control,IN_PROGRESS,2026-02-18,2026-12-12,,AGY-ZP-IND,Zilla Parishad Engineering Cell,Panchayati Raj,7510000,4205600.0,3154200.0,1051400.0,42.0,47.9,check_dam,4.1,1831707.32,DATA_MISSING,DEMO DATA — NOT OFFICIAL GOVERNMENT DATA
MPLAD-MA-PUN-01363,Construction of Community Sanitary Complex with biological septic filtration in Khadakwasla,"Administrative sanction under MPLADS for: Construction of Community Sanitary Complex with biological septic filtration in Khadakwasla. Implemented by Shree Balaji Civic Builders for public benefit in Khadakwasla, Pune.",Maharashtra,Pune,Pune (LS-34),Haveli,Khadakwasla,18.63162,73.81025700000001,Murlidhar Mohol,Lok Sabha,Health & Sanitation,IN_PROGRESS,2024-03-06,2024-10-11,,AGY-CONTR-103-PUN,Shree Balaji Civic Builders,Registered Contractor,9980000,8782400.0,8283400.0,499000.0,83.0,81.0,facility_center,4.1,2434146.34,NORMAL,DEMO DATA — NOT OFFICIAL GOVERNMENT DATA
MPLAD-MA-PUN-01078,Creation of Farmer Training & Seed Storage Facility near agricultural marketing yard at Manchar,"Administrative sanction under MPLADS for: Creation of Farmer Training & Seed Storage Facility near agricultural marketing yard at Manchar. Implemented by Shree Balaji Civic Builders for public benefit in Manchar, Pune.",Maharashtra,Pune,Pune (LS-34),Haveli,Manchar,18.508027,73.934615,Murlidhar Mohol,Lok Sabha,Community Infrastructure,IN_PROGRESS,2023-11-26,2024-07-29,,AGY-CONTR-103-PUN,Shree Balaji Civic Builders,Registered Contractor,7700000,7315000.0,6237000.0,1078000.0,81.0,87.2,community_hall,1.8,4277777.78,NORMAL,DEMO DATA — NOT OFFICIAL GOVERNMENT DATA
MPLAD-UT-VAR-01118,Setting up of Community RO Water Purification Plant with distribution kiosk at Pindra,"Administrative sanction under MPLADS for: Setting up of Community RO Water Purification Plant with distribution kiosk at Pindra. Implemented by Public Works Department (Div-1) for public benefit in Pindra, Varanasi.",Uttar Pradesh,Varanasi,Varanasi (LS-77),Rohaniya,Pindra,25.276543,82.90035,Narendra Modi,Lok Sabha,Drinking Water Supply,IN_PROGRESS,2026-01-12,2026-10-09,,AGY-PWD-VAR,Public Works Department (Div-1),Line Department,1320000,1174800.0,910800.0,264000.0,69.0,63.6,water_installation,4.4,300000.0,NORMAL,DEMO DATA — NOT OFFICIAL GOVERNMENT DATA
MPLAD-UT-VAR-01207,Paving of interlocking paver block street in Shivpur Ward 4,"Administrative sanction under MPLADS for: Paving of interlocking paver block street in Shivpur Ward 4. Implemented by Public Works Department (Div-1) for public benefit in Shivpur, Varanasi.",Uttar Pradesh,Varanasi,Varanasi (LS-77),Rohaniya,Shivpur,25.268579,82.993652,Narendra Modi,Lok Sabha,Roads & Pathways,IN_PROGRESS,2025-12-20,2026-09-03,,AGY-PWD-VAR,Public Works Department (Div-1),Line Department,11540000,10847600.0,8885800.0,1961800.0,77.0,85.0,kilometer,3.9,2958974.36,NORMAL,DEMO DATA — NOT OFFICIAL GOVERNMENT DATA
MPLAD-RA-JAI-01442,Construction of Community Sanitary Complex with biological septic filtration in Sanganer,"Administrative sanction under MPLADS for: Construction of Community Sanitary Complex with biological septic filtration in Sanganer. Implemented by Public Works Department (Div-1) for public benefit in Sanganer, Jaipur. (Contains specialized premium design parameters and expedited specifications).",Rajasthan,Jaipur,Jaipur (LS-07),Sanganer,Sanganer,26.903248,75.872134,Manju Sharma,Lok Sabha,Health & Sanitation,IN_PROGRESS,2025-12-07,2026-08-23,,AGY-PWD-JAI,Public Works Department (Div-1),Line Department,47400000,42660000.0,36261000.0,6399000.0,76.5,88.8,facility_center,4.9,9673469.39,COST_OUTLIER,DEMO DATA — NOT OFFICIAL GOVERNMENT DATA
MPLAD-RA-JAI-01157,Bituminous macadam surfacing of rural connectivity pathway near Shahpura main square,"Administrative sanction under MPLADS for: Bituminous macadam surfacing of rural connectivity pathway near Shahpura main square. Implemented by Shree Balaji Civic Builders for public benefit in Shahpura, Jaipur.",Rajasthan,Jaipur,Jaipur (LS-07),Sanganer,Shahpura,26.999354,75.770612,Manju Sharma,Lok Sabha,Roads & Pathways,IN_PROGRESS,2024-03-23,2024-12-02,,AGY-CONTR-103-JAI,Shree Balaji Civic Builders,Registered Contractor,3760000,3722400.0,3120800.0,601600.0,83.0,83.4,kilometer,1.3,2892307.69,NORMAL,DEMO DATA — NOT OFFICIAL GOVERNMENT DATA
MPLAD-KA-BEN-01432,Paving of interlocking paver block street in Hosakote Ward 4,"Administrative sanction under MPLADS for: Paving of interlocking paver block street in Hosakote Ward 4. Implemented by Municipal Corporation Public Infrastructure Cell for public benefit in Hosakote, Bengaluru Rural. (Contains specialized premium design parameters and expedited specifications).",Karnataka,Bengaluru Rural,Bengaluru Rural (LS-23),Devanahalli,Hosakote,13.161034,77.68346,C. N. Manjunath,Lok Sabha,Roads & Pathways,IN_PROGRESS,2025-05-17,2025-12-13,,AGY-MUNC-BEN,Municipal Corporation Public Infrastructure Cell,Municipal Corporation,20900000,18810000.0,15988500.0,2821500.0,76.5,81.7,kilometer,2.2,9500000.0,COST_OUTLIER,DEMO DATA — NOT OFFICIAL GOVERNMENT DATA
MPLAD-TA-COI-01253,Upgradation and modernization of Primary Health Sub-Centre with emergency maternity unit at Kinathukadavu,"Administrative sanction under MPLADS for: Upgradation and modernization of Primary Health Sub-Centre with emergency maternity unit at Kinathukadavu. Implemented by District Rural Development Agency for public benefit in Kinathukadavu, Coimbatore.",Tamil Nadu,Coimbatore,Coimbatore (LS-20),Sulur,Kinathukadavu,11.068998,76.939864,Ganapathi P. Rajkumar,Lok Sabha,Health & Sanitation,IN_PROGRESS,2026-02-12,2027-01-15,,AGY-DRDA-COI,District Rural Development Agency,Line Department,14040000,8283600.0,6879600.0,1404000.0,49.0,41.8,facility_center,5.0,2808000.0,NORMAL,DEMO DATA — NOT OFFICIAL GOVERNMENT DATA
MPLAD-KA-BEN-01293,Construction of gabion flood protection retaining wall along vulnerable bank in Doddaballapura,"Administrative sanction under MPLADS for: Construction of gabion flood protection retaining wall along vulnerable bank in Doddaballapura. Implemented by Zilla Parishad Engineering Cell for public benefit in Doddaballapura, Bengaluru Rural.",Karnataka,Bengaluru Rural,Bengaluru Rural (LS-23),Devanahalli,Doddaballapura,13.133403,77.556122,C. N. Manjunath,Lok Sabha,Irrigation & Flood Control,IN_PROGRESS,2024-11-20,2025-10-31,,AGY-ZP-BEN,Zilla Parishad Engineering Cell,Panchayati Raj,11010000,8918100.0,6936300.0,1981800.0,63.0,87.4,check_dam,4.5,2446666.67,NORMAL,DEMO DATA — NOT OFFICIAL GOVERNMENT DATA
MPLAD-UT-VAR-01034,Bituminous macadam surfacing of rural connectivity pathway near Shivpur main square,"Administrative sanction under MPLADS for: Bituminous macadam surfacing of rural connectivity pathway near Shivpur main square. Implemented by District Rural Development Agency for public benefit in Shivpur, Varanasi.",Uttar Pradesh,Varanasi,Varanasi (LS-77),Rohaniya,Shivpur,25.362994,82.94521,Narendra Modi,Lok Sabha,Roads & Pathways,IN_PROGRESS,2025-06-05,2026-03-22,,AGY-DRDA-VAR,District Rural Development Agency,Line Department,6790000,6654200.0,6111000.0,543200.0,90.0,97.1,kilometer,3.0,2263333.33,NORMAL,DEMO DATA — NOT OFFICIAL GOVERNMENT DATA
MPLAD-UT-VAR-01085,Creation of Farmer Training & Seed Storage Facility near agricultural marketing yard at Shivpur,"Administrative sanction under MPLADS for: Creation of Farmer Training & Seed Storage Facility near agricultural marketing yard at Shivpur. Implemented by Apex Engineering & Construction Syndicate for public benefit in Shivpur, Varanasi.",Uttar Pradesh,Varanasi,Varanasi (LS-77),Rohaniya,Shivpur,25.345337,82.929386,Narendra Modi,Lok Sabha,Community Infrastructure,IN_PROGRESS,2026-05-03,2027-01-11,,AGY-CONTR-102-VAR,Apex Engineering & Construction Syndicate,Registered Contractor,11360000,3408000.0,2726400.0,681600.0,24.0,35.3,community_hall,4.1,2770731.71,NORMAL,DEMO DATA — NOT OFFICIAL GOVERNMENT DATA
MPLAD-MA-PUN-01482,"Establishment of Composite Science and STEM Laboratory at Zilla Parishad High School, Shivajinagar","Administrative sanction under MPLADS for: Establishment of Composite Science and STEM Laboratory at Zilla Parishad High School, Shivajinagar. Implemented by Vanguard Infra Projects Pvt Ltd for public benefit in Shivajinagar, Pune.",Maharashtra,Pune,Pune (LS-34),Haveli,Shivajinagar,18.5496,73.817255,Murlidhar Mohol,Lok Sabha,Education & School Infrastructure,STALLED,2022-11-29,2023-09-25,,AGY-CONTR-101-PUN,Vanguard Infra Projects Pvt Ltd,Registered Contractor,6300000,4410000.0,3748500.0,661500.0,59.5,29.0,classroom_block,3.4,1852941.18,DELAYED_PROJECT,DEMO DATA — NOT OFFICIAL GOVERNMENT DATA
MPLAD-MA-IND-01507,Procurement of Basic Life Support Mobile Ambulance van for community health services in Indore,"Administrative sanction under MPLADS for: Procurement of Basic Life Support Mobile Ambulance van for community health services in Indore. Implemented by Apex Engineering & Construction Syndicate for public benefit in Rau, Indore.",Madhya Pradesh,Indore,Indore (LS-26),Mhow,Rau,22.785211,75.835109,Shankar Lalwani,Lok Sabha,Health & Sanitation,STALLED,2022-10-28,2023-08-24,,AGY-CONTR-102-IND,Apex Engineering & Construction Syndicate,Registered Contractor,6810000,4767000.0,4051950.0,715050.0,59.5,39.8,facility_center,1.8,3783333.33,DELAYED_PROJECT,DEMO DATA — NOT OFFICIAL GOVERNMENT DATA
MPLAD-TA-COI-01577,Laying of piped drinking water distribution network for scheduled caste colony in Sulur,"Administrative sanction under MPLADS for: Laying of piped drinking water distribution network for scheduled caste colony in Sulur. Implemented by State Rural Water Supply & Sanitation Board for public benefit in Sulur, Coimbatore.",Tamil Nadu,Coimbatore,Coimbatore (LS-20),Sulur,Sulur,11.005719,76.938907,Ganapathi P. Rajkumar,Lok Sabha,Drinking Water Supply,COMPLETED,2025-12-16,2026-08-23,2025-10-31,AGY-JAL-COI,State Rural Water Supply & Sanitation Board,Line Department,2240000,1948800.0,1792000.0,156800.0,80.0,100.0,water_installation,4.4,509090.91,DATA_INCONSISTENT,DEMO DATA — NOT OFFICIAL GOVERNMENT DATA
MPLAD-BI-PAT-01134,Rejuvenation of traditional percolation tank and public drinking well at Fatuha,"Administrative sanction under MPLADS for: Rejuvenation of traditional percolation tank and public drinking well at Fatuha. Implemented by Municipal Corporation Public Infrastructure Cell for public benefit in Fatuha, Patna.",Bihar,Patna,Patna Sahib (LS-30),Bakhtiarpur,Fatuha,25.666252,85.101742,Ravi Shankar Prasad,Lok Sabha,Drinking Water Supply,IN_PROGRESS,2026-04-30,2026-11-14,,AGY-MUNC-PAT,Municipal Corporation Public Infrastructure Cell,Municipal Corporation,540000,297000.0,243000.0,54000.0,45.0,37.9,water_installation,1.3,415384.62,NORMAL,DEMO DATA — NOT OFFICIAL GOVERNMENT DATA
MPLAD-KA-BEN-01446,Upgradation and modernization of Primary Health Sub-Centre with emergency maternity unit at Magadi,"Administrative sanction under MPLADS for: Upgradation and modernization of Primary Health Sub-Centre with emergency maternity unit at Magadi. Implemented by District Rural Development Agency for public benefit in Magadi, Bengaluru Rural.",Karnataka,Bengaluru Rural,Bengaluru Rural (LS-23),Devanahalli,Magadi,13.317622,77.508051,C. N. Manjunath,Lok Sabha,Health & Sanitation,IN_PROGRESS,2024-08-21,2025-06-18,,AGY-DRDA-BEN,District Rural Development Agency,Line Department,8450000,7906508.22,7476404.18,430104.04,88.5,7.9,facility_center,2.4,3520833.33,HIGH_SPEND_LOW_PROGRESS,DEMO DATA — NOT OFFICIAL GOVERNMENT DATA
MPLAD-UT-VAR-01340,Desilting and embankment strengthening of drainage canal serving agricultural fields in Kashi,"Administrative sanction under MPLADS for: Desilting and embankment strengthening of drainage canal serving agricultural fields in Kashi. Implemented by Vanguard Infra Projects Pvt Ltd for public benefit in Kashi, Varanasi.",Uttar Pradesh,Varanasi,Varanasi (LS-77),Rohaniya,Kashi,25.299781,82.900175,Narendra Modi,Lok Sabha,Irrigation & Flood Control,IN_PROGRESS,2024-08-06,2025-07-31,,AGY-CONTR-101-VAR,Vanguard Infra Projects Pvt Ltd,Registered Contractor,4160000,3785600.0,2953600.0,832000.0,71.0,87.8,check_dam,2.5,1664000.0,NORMAL,DEMO DATA — NOT OFFICIAL GOVERNMENT DATA
MPLAD-WE-DAR-01158,Installation of Deep Borewell with Solar Dual Pump and overhead storage tank at Mirik,"Administrative sanction under MPLADS for: Installation of Deep Borewell with Solar Dual Pump and overhead storage tank at Mirik. Implemented by District Rural Development Agency for public benefit in Mirik, Darjeeling.",West Bengal,Darjeeling,Darjeeling (LS-04),Kurseong,Mirik,27.111261,88.30642,Raju Bista,Lok Sabha,Drinking Water Supply,IN_PROGRESS,2024-07-22,2025-02-23,,AGY-DRDA-DAR,District Rural Development Agency,Line Department,1470000,1205400.0,1087800.0,117600.0,74.0,95.8,water_installation,2.6,565384.62,NORMAL,DEMO DATA — NOT OFFICIAL GOVERNMENT DATA
MPLAD-WE-DAR-01365,Upgradation and modernization of Primary Health Sub-Centre with emergency maternity unit at Siliguri,"Administrative sanction under MPLADS for: Upgradation and modernization of Primary Health Sub-Centre with emergency maternity unit at Siliguri. Implemented by District Rural Development Agency for public benefit in Siliguri, Darjeeling.",West Bengal,Darjeeling,Darjeeling (LS-04),Kurseong,Siliguri,26.962678,88.344429,Raju Bista,Lok Sabha,Health & Sanitation,IN_PROGRESS,2025-09-30,2026-08-26,,AGY-DRDA-DAR,District Rural Development Agency,Line Department,3760000,3008000.0,2256000.0,752000.0,60.0,84.9,facility_center,1.0,3760000.0,NORMAL,DEMO DATA — NOT OFFICIAL GOVERNMENT DATA
MPLAD-UT-VAR-01193,Paving of interlocking paver block street in Sewapuri Ward 4,"Administrative sanction under MPLADS for: Paving of interlocking paver block street in Sewapuri Ward 4. Implemented by Zilla Parishad Engineering Cell for public benefit in Sewapuri, Varanasi.",Uttar Pradesh,Varanasi,Varanasi (LS-77),Rohaniya,Sewapuri,25.307527,82.985644,Narendra Modi,Lok Sabha,Roads & Pathways,IN_PROGRESS,2025-12-04,2026-06-04,,AGY-ZP-VAR,Zilla Parishad Engineering Cell,Panchayati Raj,11480000,11250400.0,10102400.0,1148000.0,88.0,96.6,kilometer,3.6,3188888.89,NORMAL,DEMO DATA — NOT OFFICIAL GOVERNMENT DATA
MPLAD-WE-DAR-01299,Construction of modern cremation shed with solar lighting and water facility at Kalimpong,"Administrative sanction under MPLADS for: Construction of modern cremation shed with solar lighting and water facility at Kalimpong. Implemented by Zilla Parishad Engineering Cell for public benefit in Kalimpong, Darjeeling.",West Bengal,Darjeeling,Darjeeling (LS-04),Kurseong,Kalimpong,27.119196,88.221414,Raju Bista,Lok Sabha,Community Infrastructure,IN_PROGRESS,2024-09-10,2025-07-12,,AGY-ZP-DAR,Zilla Parishad Engineering Cell,Panchayati Raj,4950000,4009500.0,3366000.0,643500.0,68.0,80.4,community_hall,1.8,2750000.0,NORMAL,DEMO DATA — NOT OFFICIAL GOVERNMENT DATA
MPLAD-UT-VAR-01103,Construction of Check Dam across local seasonal stream for groundwater recharge at Shivpur,"Administrative sanction under MPLADS for: Construction of Check Dam across local seasonal stream for groundwater recharge at Shivpur. Implemented by Vanguard Infra Projects Pvt Ltd for public benefit in Shivpur, Varanasi.",Uttar Pradesh,Varanasi,Varanasi (LS-77),Rohaniya,Shivpur,25.295844,82.947659,Narendra Modi,Lok Sabha,Irrigation & Flood Control,IN_PROGRESS,2026-02-07,2026-08-26,,AGY-CONTR-101-VAR,Vanguard Infra Projects Pvt Ltd,Registered Contractor,1530000,1300500.0,1254600.0,45900.0,82.0,70.9,check_dam,1.0,1530000.0,NORMAL,DEMO DATA — NOT OFFICIAL GOVERNMENT DATA
MPLAD-TA-COI-01274,Desilting and embankment strengthening of drainage canal serving agricultural fields in Annur,"Administrative sanction under MPLADS for: Desilting and embankment strengthening of drainage canal serving agricultural fields in Annur. Implemented by Gram Panchayat Development Committee for public benefit in Annur, Coimbatore.",Tamil Nadu,Coimbatore,Coimbatore (LS-20),Sulur,Annur,11.087472,76.982883,Ganapathi P. Rajkumar,Lok Sabha,Irrigation & Flood Control,IN_PROGRESS,2025-06-20,2026-02-01,,AGY-PRI-COI,Gram Panchayat Development Committee,Panchayati Raj,8350000,8183000.0,7431500.0,751500.0,89.0,89.6,check_dam,3.3,2530303.03,NORMAL,DEMO DATA — NOT OFFICIAL GOVERNMENT DATA
MPLAD-MA-IND-01170,Upgradation and modernization of Primary Health Sub-Centre with emergency maternity unit at Mhow,"Administrative sanction under MPLADS for: Upgradation and modernization of Primary Health Sub-Centre with emergency maternity unit at Mhow. Implemented by Zilla Parishad Engineering Cell for public benefit in Mhow, Indore.",Madhya Pradesh,Indore,Indore (LS-26),Mhow,Mhow,22.72873,75.876246,Shankar Lalwani,Lok Sabha,Health & Sanitation,IN_PROGRESS,2025-05-13,2026-03-27,,AGY-ZP-IND,Zilla Parishad Engineering Cell,Panchayati Raj,14080000,12672000.0,11827200.0,844800.0,84.0,91.8,facility_center,4.1,3434146.34,NORMAL,DEMO DATA — NOT OFFICIAL GOVERNMENT DATA
MPLAD-KA-BEN-01436,"Construction of modern girls toilet block and sanitation facility at Primary School, Nelamangala","Administrative sanction under MPLADS for: Construction of modern girls toilet block and sanitation facility at Primary School, Nelamangala. Implemented by Shree Balaji Civic Builders for public benefit in Nelamangala, Bengaluru Rural. (Contains specialized premium design parameters and expedited specifications).",Karnataka,Bengaluru Rural,Bengaluru Rural (LS-23),Devanahalli,Nelamangala,13.250843,77.462289,C. N. Manjunath,Lok Sabha,Education & School Infrastructure,IN_PROGRESS,2024-08-09,2025-02-18,,AGY-CONTR-103-BEN,Shree Balaji Civic Builders,Registered Contractor,6920000,6228000.0,5293800.0,934200.0,76.5,85.5,classroom_block,1.9,3642105.26,COST_OUTLIER,DEMO DATA — NOT OFFICIAL GOVERNMENT DATA
MPLAD-UT-VAR-01053,"Construction of 2 additional smart classroom blocks at Government Higher Secondary School, Rohaniya","Administrative sanction under MPLADS for: Construction of 2 additional smart classroom blocks at Government Higher Secondary School, Rohaniya. Implemented by Gram Panchayat Development Committee for public benefit in Rohaniya, Varanasi.",Uttar Pradesh,Varanasi,Varanasi (LS-77),Rohaniya,Rohaniya,25.260538,83.084512,Narendra Modi,Lok Sabha,Education & School Infrastructure,IN_PROGRESS,2024-10-03,2025-04-28,,AGY-PRI-VAR,Gram Panchayat Development Committee,Panchayati Raj,4040000,3676400.0,3151200.0,525200.0,78.0,89.6,classroom_block,2.5,1616000.0,NORMAL,DEMO DATA — NOT OFFICIAL GOVERNMENT DATA
MPLAD-MA-PUN-01464,Procurement of Basic Life Support Mobile Ambulance van for community health services in Pune,"Administrative sanction under MPLADS for: Procurement of Basic Life Support Mobile Ambulance van for community health services in Pune. Implemented by Apex Engineering & Construction Syndicate for public benefit in Manchar, Pune.",Maharashtra,Pune,Pune (LS-34),Haveli,Manchar,18.543677,73.911034,Murlidhar Mohol,Lok Sabha,Health & Sanitation,IN_PROGRESS,2024-03-04,2024-09-16,,AGY-CONTR-102-PUN,Apex Engineering & Construction Syndicate,Registered Contractor,5020000,4667281.0,4513450.08,153830.92,89.9,6.2,facility_center,2.2,2281818.18,HIGH_SPEND_LOW_PROGRESS,DEMO DATA — NOT OFFICIAL GOVERNMENT DATA
MPLAD-RA-JAI-01068,Laying of underground irrigation pipeline connecting minor irrigation tank to farmlands at Jhotwara,"Administrative sanction under MPLADS for: Laying of underground irrigation pipeline connecting minor irrigation tank to farmlands at Jhotwara. Implemented by Gram Panchayat Development Committee for public benefit in Jhotwara, Jaipur.",Rajasthan,Jaipur,Jaipur (LS-07),Sanganer,Jhotwara,26.841469,75.725377,Manju Sharma,Lok Sabha,Irrigation & Flood Control,IN_PROGRESS,2025-04-04,2025-11-02,,AGY-PRI-JAI,Gram Panchayat Development Committee,Panchayati Raj,7510000,6608800.0,5857800.0,751000.0,78.0,86.1,check_dam,3.4,2208823.53,NORMAL,DEMO DATA — NOT OFFICIAL GOVERNMENT DATA
MPLAD-WE-DAR-01289,Paving of interlocking paver block street in Mirik Ward 4,"Administrative sanction under MPLADS for: Paving of interlocking paver block street in Mirik Ward 4. Implemented by Municipal Corporation Public Infrastructure Cell for public benefit in Mirik, Darjeeling.",West Bengal,Darjeeling,Darjeeling (LS-04),Kurseong,Mirik,27.089056,88.270686,Raju Bista,Lok Sabha,Roads & Pathways,IN_PROGRESS,2025-11-03,2026-08-30,,AGY-MUNC-DAR,Municipal Corporation Public Infrastructure Cell,Municipal Corporation,6400000,6016000.0,5312000.0,704000.0,83.0,89.6,kilometer,2.8,2285714.29,NORMAL,DEMO DATA — NOT OFFICIAL GOVERNMENT DATA
MPLAD-MA-PUN-01448,Construction of Community Sanitary Complex with biological septic filtration in Manchar,"Administrative sanction under MPLADS for: Construction of Community Sanitary Complex with biological septic filtration in Manchar. Implemented by Zilla Parishad Engineering Cell for public benefit in Manchar, Pune.",Maharashtra,Pune,Pune (LS-34),Haveli,Manchar,18.591518,73.777079,Murlidhar Mohol,Lok Sabha,Health & Sanitation,IN_PROGRESS,2025-02-27,2025-12-06,,AGY-ZP-PUN,Zilla Parishad Engineering Cell,Panchayati Raj,9450000,9103051.07,8443353.67,659697.4,89.3,8.1,facility_center,3.1,3048387.1,HIGH_SPEND_LOW_PROGRESS,DEMO DATA — NOT OFFICIAL GOVERNMENT DATA
MPLAD-BI-PAT-01282,Rejuvenation of traditional percolation tank and public drinking well at Phulwari,"Administrative sanction under MPLADS for: Rejuvenation of traditional percolation tank and public drinking well at Phulwari. Implemented by Shree Balaji Civic Builders for public benefit in Phulwari, Patna.",Bihar,Patna,Patna Sahib (LS-30),Bakhtiarpur,Phulwari,25.617562,85.08768,Ravi Shankar Prasad,Lok Sabha,Drinking Water Supply,IN_PROGRESS,2024-01-24,2024-08-24,,AGY-CONTR-103-PAT,Shree Balaji Civic Builders,Registered Contractor,890000,756500.0,658600.0,97900.0,74.0,83.7,water_installation,2.2,404545.45,NORMAL,DEMO DATA — NOT OFFICIAL GOVERNMENT DATA
MPLAD-RA-JAI-01177,"Setting up of automated diagnostic lab unit at Community Health Centre, Amer","Administrative sanction under MPLADS for: Setting up of automated diagnostic lab unit at Community Health Centre, Amer. Implemented by District Rural Development Agency for public benefit in Amer, Jaipur.",Rajasthan,Jaipur,Jaipur (LS-07),Sanganer,Amer,26.887803,75.899852,Manju Sharma,Lok Sabha,Health & Sanitation,IN_PROGRESS,2023-11-08,2024-09-10,,AGY-DRDA-JAI,District Rural Development Agency,Line Department,10350000,9625500.0,8797500.0,828000.0,85.0,93.6,facility_center,3.7,2797297.3,NORMAL,DEMO DATA — NOT OFFICIAL GOVERNMENT DATA
MPLAD-WE-DAR-01062,Setting up of Community RO Water Purification Plant with distribution kiosk at Kalimpong,"Administrative sanction under MPLADS for: Setting up of Community RO Water Purification Plant with distribution kiosk at Kalimpong. Implemented by Zilla Parishad Engineering Cell for public benefit in Kalimpong, Darjeeling.",West Bengal,Darjeeling,Darjeeling (LS-04),Kurseong,Kalimpong,27.05097,88.250564,Raju Bista,Lok Sabha,Drinking Water Supply,IN_PROGRESS,2025-07-22,2026-07-02,,AGY-ZP-DAR,Zilla Parishad Engineering Cell,Panchayati Raj,1590000,1272000.0,969900.0,302100.0,61.0,95.1,water_installation,3.6,441666.67,NORMAL,DEMO DATA — NOT OFFICIAL GOVERNMENT DATA
MPLAD-MA-PUN-01043,Bituminous macadam surfacing of rural connectivity pathway near Shirur main square,"Administrative sanction under MPLADS for: Bituminous macadam surfacing of rural connectivity pathway near Shirur main square. Implemented by Vanguard Infra Projects Pvt Ltd for public benefit in Shirur, Pune.",Maharashtra,Pune,Pune (LS-34),Haveli,Shirur,18.646206,73.904103,Murlidhar Mohol,Lok Sabha,Roads & Pathways,IN_PROGRESS,2023-12-12,2024-10-17,,AGY-CONTR-101-PUN,Vanguard Infra Projects Pvt Ltd,Registered Contractor,12910000,11619000.0,10457100.0,1161900.0,81.0,87.2,kilometer,4.9,2634693.88,NORMAL,DEMO DATA — NOT OFFICIAL GOVERNMENT DATA
MPLAD-UT-VAR-01198,Creation of Farmer Training & Seed Storage Facility near agricultural marketing yard at Sewapuri,"Administrative sanction under MPLADS for: Creation of Farmer Training & Seed Storage Facility near agricultural marketing yard at Sewapuri. Implemented by Public Works Department (Div-1) for public benefit in Sewapuri, Varanasi.",Uttar Pradesh,Varanasi,Varanasi (LS-77),Rohaniya,Sewapuri,25.361188,83.012635,Narendra Modi,Lok Sabha,Community Infrastructure,IN_PROGRESS,2024-09-21,2025-08-18,,AGY-PWD-VAR,Public Works Department (Div-1),Line Department,15580000,15424200.0,14645200.0,779000.0,94.0,86.5,community_hall,4.7,3314893.62,NORMAL,DEMO DATA — NOT OFFICIAL GOVERNMENT DATA
MPLAD-MA-IND-01149,"Setting up of automated diagnostic lab unit at Community Health Centre, Depalpur","Administrative sanction under MPLADS for: Setting up of automated diagnostic lab unit at Community Health Centre, Depalpur. Implemented by Municipal Corporation Public Infrastructure Cell for public benefit in Depalpur, Indore.",Madhya Pradesh,Indore,Indore (LS-26),Mhow,Depalpur,22.651722,75.855814,Shankar Lalwani,Lok Sabha,Health & Sanitation,IN_PROGRESS,2024-03-14,2024-11-23,,AGY-MUNC-IND,Municipal Corporation Public Infrastructure Cell,Municipal Corporation,9020000,8749400.0,8388600.0,360800.0,93.0,94.0,facility_center,3.6,2505555.56,NORMAL,DEMO DATA — NOT OFFICIAL GOVERNMENT DATA
MPLAD-RA-JAI-01275,Setting up of Community RO Water Purification Plant with distribution kiosk at Jhotwara,"Administrative sanction under MPLADS for: Setting up of Community RO Water Purification Plant with distribution kiosk at Jhotwara. Implemented by Shree Balaji Civic Builders for public benefit in Jhotwara, Jaipur.",Rajasthan,Jaipur,Jaipur (LS-07),Sanganer,Jhotwara,27.009924,75.940225,Manju Sharma,Lok Sabha,Drinking Water Supply,IN_PROGRESS,2026-04-21,2026-11-29,,AGY-CONTR-103-JAI,Shree Balaji Civic Builders,Registered Contractor,560000,280000.0,212800.0,67200.0,38.0,38.2,water_installation,1.6,350000.0,NORMAL,DEMO DATA — NOT OFFICIAL GOVERNMENT DATA
MPLAD-RA-JAI-01124,Construction of Community Sanitary Complex with biological septic filtration in Shahpura,"Administrative sanction under MPLADS for: Construction of Community Sanitary Complex with biological septic filtration in Shahpura. Implemented by Shree Balaji Civic Builders for public benefit in Shahpura, Jaipur.",Rajasthan,Jaipur,Jaipur (LS-07),Sanganer,Shahpura,26.897175,75.911051,Manju Sharma,Lok Sabha,Health & Sanitation,IN_PROGRESS,2025-01-13,2025-08-08,,AGY-CONTR-103-JAI,Shree Balaji Civic Builders,Registered Contractor,3410000,3137200.0,2557500.0,579700.0,75.0,85.7,facility_center,1.0,3410000.0,NORMAL,DEMO DATA — NOT OFFICIAL GOVERNMENT DATA
MPLAD-MA-PUN-01413,Construction of Multi-Purpose Community Hall and Cultural Center for public gatherings at Shirur,"Administrative sanction under MPLADS for: Construction of Multi-Purpose Community Hall and Cultural Center for public gatherings at Shirur. Implemented by Gram Panchayat Development Committee for public benefit in Shirur, Pune. (Contains specialized premium design parameters and expedited specifications).",Maharashtra,Pune,Pune (LS-34),Haveli,Shirur,18.630728,73.914639,Murlidhar Mohol,Lok Sabha,Community Infrastructure,IN_PROGRESS,2025-10-07,2026-05-19,,AGY-PRI-PUN,Gram Panchayat Development Committee,Panchayati Raj,32290000,29061000.0,24701850.0,4359150.0,76.5,94.6,community_hall,2.7,11959259.26,COST_OUTLIER,DEMO DATA — NOT OFFICIAL GOVERNMENT DATA
MPLAD-WE-DAR-01211,Rejuvenation of traditional percolation tank and public drinking well at Naxalbari,"Administrative sanction under MPLADS for: Rejuvenation of traditional percolation tank and public drinking well at Naxalbari. Implemented by Apex Engineering & Construction Syndicate for public benefit in Naxalbari, Darjeeling.",West Bengal,Darjeeling,Darjeeling (LS-04),Kurseong,Naxalbari,27.014744,88.254807,Raju Bista,Lok Sabha,Drinking Water Supply,IN_PROGRESS,2024-06-04,2024-12-12,,AGY-CONTR-102-DAR,Apex Engineering & Construction Syndicate,Registered Contractor,1050000,997500.0,808500.0,189000.0,77.0,98.6,water_installation,3.4,308823.53,NORMAL,DEMO DATA — NOT OFFICIAL GOVERNMENT DATA
MPLAD-BI-PAT-01202,Construction of Check Dam across local seasonal stream for groundwater recharge at Maner,"Administrative sanction under MPLADS for: Construction of Check Dam across local seasonal stream for groundwater recharge at Maner. Implemented by State Rural Water Supply & Sanitation Board for public benefit in Maner, Patna.",Bihar,Patna,Patna Sahib (LS-30),Bakhtiarpur,Maner,25.660834,85.231412,Ravi Shankar Prasad,Lok Sabha,Irrigation & Flood Control,IN_PROGRESS,2024-09-05,2025-03-04,,AGY-JAL-PAT,State Rural Water Supply & Sanitation Board,Line Department,4720000,4012000.0,3492800.0,519200.0,74.0,91.8,check_dam,3.0,1573333.33,NORMAL,DEMO DATA — NOT OFFICIAL GOVERNMENT DATA
MPLAD-MA-PUN-01497,Rejuvenation of traditional percolation tank and public drinking well at Haveli,"Administrative sanction under MPLADS for: Rejuvenation of traditional percolation tank and public drinking well at Haveli. Implemented by Gram Panchayat Development Committee for public benefit in Haveli, Pune.",Maharashtra,Pune,Pune (LS-34),Haveli,Haveli,18.57744,73.777833,Murlidhar Mohol,Lok Sabha,Drinking Water Supply,STALLED,2022-11-19,2023-09-15,,AGY-PRI-PUN,Gram Panchayat Development Committee,Panchayati Raj,1080000,756000.0,642600.0,113400.0,59.5,47.2,water_installation,2.0,540000.0,DELAYED_PROJECT,DEMO DATA — NOT OFFICIAL GOVERNMENT DATA
MPLAD-RA-JAI-01354,Creation of Farmer Training & Seed Storage Facility near agricultural marketing yard at Jhotwara,"Administrative sanction under MPLADS for: Creation of Farmer Training & Seed Storage Facility near agricultural marketing yard at Jhotwara. Implemented by Public Works Department (Div-1) for public benefit in Jhotwara, Jaipur.",Rajasthan,Jaipur,Jaipur (LS-07),Sanganer,Jhotwara,26.839224,75.87366,Manju Sharma,Lok Sabha,Community Infrastructure,IN_PROGRESS,2024-12-26,2025-06-27,,AGY-PWD-JAI,Public Works Department (Div-1),Line Department,3980000,3542200.0,3144200.0,398000.0,79.0,81.8,community_hall,1.1,3618181.82,NORMAL,DEMO DATA — NOT OFFICIAL GOVERNMENT DATA
MPLAD-TA-COI-01526,"Paving and laying of cement concrete road with drainage near Panchayat Hall to Village Entry, Mettupalayam","Administrative sanction under MPLADS for: Installation of Deep Borewell with Solar Dual Pump and overhead storage tank at Sulur. Implemented by Public Works Department (Div-1) for public benefit in Sulur, Coimbatore.",Tamil Nadu,Coimbatore,Coimbatore (LS-20),Sulur,Mettupalayam,10.97598,77.027917,Ganapathi P. Rajkumar,Lok Sabha,Roads & Pathways,IN_PROGRESS,2026-04-14,2026-11-05,,AGY-PWD-COI,Public Works Department (Div-1),Line Department,4620000,522600.0,421200.0,101400.0,54.0,57.2,water_installation,2.1,2310000.0,DUPLICATE_PAIR,DEMO DATA — NOT OFFICIAL GOVERNMENT DATA
MPLAD-KA-BEN-01321,"Construction of modern girls toilet block and sanitation facility at Primary School, Magadi","Administrative sanction under MPLADS for: Construction of modern girls toilet block and sanitation facility at Primary School, Magadi. Implemented by Apex Engineering & Construction Syndicate for public benefit in Magadi, Bengaluru Rural.",Karnataka,Bengaluru Rural,Bengaluru Rural (LS-23),Devanahalli,Magadi,13.218,77.660255,C. N. Manjunath,Lok Sabha,Education & School Infrastructure,IN_PROGRESS,2025-09-07,2026-09-07,,AGY-CONTR-102-BEN,Apex Engineering & Construction Syndicate,Registered Contractor,5880000,5527200.0,5233200.0,294000.0,89.0,78.7,classroom_block,4.4,1336363.64,NORMAL,DEMO DATA — NOT OFFICIAL GOVERNMENT DATA
MPLAD-MA-IND-01262,Desilting and embankment strengthening of drainage canal serving agricultural fields in Hatod,"Administrative sanction under MPLADS for: Desilting and embankment strengthening of drainage canal serving agricultural fields in Hatod. Implemented by District Rural Development Agency for public benefit in Hatod, Indore.",Madhya Pradesh,Indore,Indore (LS-26),Mhow,Hatod,22.76985,75.932988,Shankar Lalwani,Lok Sabha,Irrigation & Flood Control,IN_PROGRESS,2025-07-16,2026-04-30,,AGY-DRDA-IND,District Rural Development Agency,Line Department,4870000,4090800.0,3993400.0,97400.0,82.0,91.6,check_dam,2.0,2435000.0,NORMAL,DEMO DATA — NOT OFFICIAL GOVERNMENT DATA
MPLAD-MA-IND-01331,Rejuvenation of traditional percolation tank and public drinking well at Sanwer,"Administrative sanction under MPLADS for: Rejuvenation of traditional percolation tank and public drinking well at Sanwer. Implemented by State Rural Water Supply & Sanitation Board for public benefit in Sanwer, Indore.",Madhya Pradesh,Indore,Indore (LS-26),Mhow,Sanwer,22.736154,75.871536,Shankar Lalwani,Lok Sabha,Drinking Water Supply,IN_PROGRESS,2025-06-27,2026-03-15,,AGY-JAL-IND,State Rural Water Supply & Sanitation Board,Line Department,1700000,1598000.0,1428000.0,170000.0,84.0,85.1,water_installation,3.0,566666.67,NORMAL,DEMO DATA — NOT OFFICIAL GOVERNMENT DATA
MPLAD-RA-JAI-01520,"Paving and laying of cement concrete road with drainage near Panchayat Hall to Village Entry, Bassi","Administrative sanction under MPLADS for: Upgradation and modernization of Primary Health Sub-Centre with emergency maternity unit at Amer. Implemented by Municipal Corporation Public Infrastructure Cell for public benefit in Amer, Jaipur.",Rajasthan,Jaipur,Jaipur (LS-07),Sanganer,Bassi,26.874064,75.785439,Manju Sharma,Lok Sabha,Roads & Pathways,IN_PROGRESS,2024-10-20,2025-04-19,,AGY-MUNC-JAI,Municipal Corporation Public Infrastructure Cell,Municipal Corporation,4430000,5930100.0,5391000.0,539100.0,90.0,88.9,facility_center,2.0,2215000.0,DUPLICATE_PAIR,DEMO DATA — NOT OFFICIAL GOVERNMENT DATA
MPLAD-BI-PAT-01465,Upgradation and modernization of Primary Health Sub-Centre with emergency maternity unit at Bakhtiarpur,"Administrative sanction under MPLADS for: Upgradation and modernization of Primary Health Sub-Centre with emergency maternity unit at Bakhtiarpur. Implemented by Gram Panchayat Development Committee for public benefit in Bakhtiarpur, Patna.",Bihar,Patna,Patna Sahib (LS-30),Bakhtiarpur,Bakhtiarpur,25.608063,85.238523,Ravi Shankar Prasad,Lok Sabha,Health & Sanitation,IN_PROGRESS,2025-02-04,2025-09-08,,AGY-PRI-PAT,Gram Panchayat Development Committee,Panchayati Raj,4090000,3972581.74,3757621.88,214959.86,91.9,9.8,facility_center,1.1,3718181.82,HIGH_SPEND_LOW_PROGRESS,DEMO DATA — NOT OFFICIAL GOVERNMENT DATA
MPLAD-MA-IND-01241,Construction of Community Sanitary Complex with biological septic filtration in Sanwer,"Administrative sanction under MPLADS for: Construction of Community Sanitary Complex with biological septic filtration in Sanwer. Implemented by Public Works Department (Div-1) for public benefit in Sanwer, Indore.",Madhya Pradesh,Indore,Indore (LS-26),Mhow,Sanwer,22.735316,75.941691,Shankar Lalwani,Lok Sabha,Health & Sanitation,IN_PROGRESS,2025-09-09,2026-08-02,,AGY-PWD-IND,Public Works Department (Div-1),Line Department,3790000,3069900.0,2880400.0,189500.0,76.0,94.9,facility_center,1.5,2526666.67,NORMAL,DEMO DATA — NOT OFFICIAL GOVERNMENT DATA
MPLAD-BI-PAT-01037,Creation of Farmer Training & Seed Storage Facility near agricultural marketing yard at Fatuha,"Administrative sanction under MPLADS for: Creation of Farmer Training & Seed Storage Facility near agricultural marketing yard at Fatuha. Implemented by Gram Panchayat Development Committee for public benefit in Fatuha, Patna.",Bihar,Patna,Patna Sahib (LS-30),Bakhtiarpur,Fatuha,25.552824,85.193292,Ravi Shankar Prasad,Lok Sabha,Community Infrastructure,IN_PROGRESS,2024-06-12,2025-03-23,,AGY-PRI-PAT,Gram Panchayat Development Committee,Panchayati Raj,8790000,8614200.0,8262600.0,351600.0,94.0,96.9,community_hall,2.3,3821739.13,NORMAL,DEMO DATA — NOT OFFICIAL GOVERNMENT DATA
MPLAD-MA-IND-01347,Setting up of Community RO Water Purification Plant with distribution kiosk at Betma,"Administrative sanction under MPLADS for: Setting up of Community RO Water Purification Plant with distribution kiosk at Betma. Implemented by District Rural Development Agency for public benefit in Betma, Indore.",Madhya Pradesh,Indore,Indore (LS-26),Mhow,Betma,22.751487,75.808361,Shankar Lalwani,Lok Sabha,Drinking Water Supply,IN_PROGRESS,2024-01-30,2025-01-08,,AGY-DRDA-IND,District Rural Development Agency,Line Department,2090000,2090000.0,1776500.0,313500.0,85.0,94.4,water_installation,3.5,597142.86,NORMAL,DEMO DATA — NOT OFFICIAL GOVERNMENT DATA
MPLAD-RA-JAI-01496,Rejuvenation of traditional percolation tank and public drinking well at Sanganer,"Administrative sanction under MPLADS for: Rejuvenation of traditional percolation tank and public drinking well at Sanganer. Implemented by Gram Panchayat Development Committee for public benefit in Sanganer, Jaipur.",Rajasthan,Jaipur,Jaipur (LS-07),Sanganer,Sanganer,26.87302,75.71779,Manju Sharma,Lok Sabha,Drinking Water Supply,STALLED,2022-10-13,2023-08-09,,AGY-PRI-JAI,Gram Panchayat Development Committee,Panchayati Raj,1260000,882000.0,749700.0,132300.0,59.5,27.4,water_installation,2.6,484615.38,DELAYED_PROJECT,DEMO DATA — NOT OFFICIAL GOVERNMENT DATA
MPLAD-MA-IND-01328,Procurement of Basic Life Support Mobile Ambulance van for community health services in Indore,"Administrative sanction under MPLADS for: Procurement of Basic Life Support Mobile Ambulance van for community health services in Indore. Implemented by Shree Balaji Civic Builders for public benefit in Hatod, Indore.",Madhya Pradesh,Indore,Indore (LS-26),Mhow,Hatod,22.788946,75.893022,Shankar Lalwani,Lok Sabha,Health & Sanitation,IN_PROGRESS,2025-09-25,2026-07-26,,AGY-CONTR-103-IND,Shree Balaji Civic Builders,Registered Contractor,12760000,11611600.0,10590800.0,1020800.0,83.0,82.5,facility_center,4.4,2900000.0,NORMAL,DEMO DATA — NOT OFFICIAL GOVERNMENT DATA
MPLAD-MA-PUN-01547,Development of Rural Sports Playground with boundary wall and athletic track at Haveli,"Administrative sanction under MPLADS for: Development of Rural Sports Playground with boundary wall and athletic track at Haveli. Implemented by Vanguard Infra Projects Pvt Ltd for public benefit in Haveli, Pune.",Maharashtra,Pune,Pune (LS-34),Haveli,Haveli,18.538176,73.899627,Murlidhar Mohol,Lok Sabha,Community Infrastructure,IN_PROGRESS,2025-07-04,2026-04-12,,AGY-CONTR-101-PUN,Vanguard Infra Projects Pvt Ltd,Registered Contractor,13700000,13700000.0,12193000.0,1507000.0,89.0,98.6,community_hall,3.7,3702702.7,AGENCY_MONOPOLY,DEMO DATA — NOT OFFICIAL GOVERNMENT DATA
MPLAD-RA-JAI-01382,Paving of interlocking paver block street in Jhotwara Ward 4,"Administrative sanction under MPLADS for: Paving of interlocking paver block street in Jhotwara Ward 4. Implemented by Municipal Corporation Public Infrastructure Cell for public benefit in Jhotwara, Jaipur.",Rajasthan,Jaipur,Jaipur (LS-07),Sanganer,Jhotwara,27.010876,75.848494,Manju Sharma,Lok Sabha,Roads & Pathways,IN_PROGRESS,2025-03-11,2026-01-29,,AGY-MUNC-JAI,Municipal Corporation Public Infrastructure Cell,Municipal Corporation,4580000,4351000.0,4213600.0,137400.0,92.0,96.1,kilometer,1.9,2410526.32,NORMAL,DEMO DATA — NOT OFFICIAL GOVERNMENT DATA
MPLAD-BI-PAT-01212,"Construction of modern girls toilet block and sanitation facility at Primary School, Maner","Administrative sanction under MPLADS for: Construction of modern girls toilet block and sanitation facility at Primary School, Maner. Implemented by Municipal Corporation Public Infrastructure Cell for public benefit in Maner, Patna.",Bihar,Patna,Patna Sahib (LS-30),Bakhtiarpur,Maner,25.569616,85.229235,Ravi Shankar Prasad,Lok Sabha,Education & School Infrastructure,IN_PROGRESS,2025-01-31,2025-10-25,,AGY-MUNC-PAT,Municipal Corporation Public Infrastructure Cell,Municipal Corporation,1770000,1486800.0,1309800.0,177000.0,74.0,85.5,classroom_block,1.2,1475000.0,NORMAL,DEMO DATA — NOT OFFICIAL GOVERNMENT DATA
MPLAD-BI-PAT-01404,Construction of Cement Concrete (CC) Road with side drains from Maner to Bakhtiarpur,"Administrative sanction under MPLADS for: Construction of Cement Concrete (CC) Road with side drains from Maner to Bakhtiarpur. Implemented by District Rural Development Agency for public benefit in Maner, Patna.",Bihar,Patna,Patna Sahib (LS-30),Bakhtiarpur,Maner,25.575929,85.14141,Ravi Shankar Prasad,Lok Sabha,Roads & Pathways,IN_PROGRESS,2024-02-12,2024-12-18,,AGY-DRDA-PAT,District Rural Development Agency,Line Department,10630000,9673300.0,8397700.0,1275600.0,79.0,81.9,kilometer,4.8,2214583.33,NORMAL,DEMO DATA — NOT OFFICIAL GOVERNMENT DATA
MPLAD-MA-IND-01164,Construction of modern cremation shed with solar lighting and water facility at Hatod,"Administrative sanction under MPLADS for: Construction of modern cremation shed with solar lighting and water facility at Hatod. Implemented by District Rural Development Agency for public benefit in Hatod, Indore.",Madhya Pradesh,Indore,Indore (LS-26),Mhow,Hatod,22.743114,75.828533,Shankar Lalwani,Lok Sabha,Community Infrastructure,IN_PROGRESS,2024-08-18,2025-03-28,,AGY-DRDA-IND,District Rural Development Agency,Line Department,14630000,13313300.0,11411400.0,1901900.0,78.0,95.2,community_hall,3.4,4302941.18,NORMAL,DEMO DATA — NOT OFFICIAL GOVERNMENT DATA
MPLAD-TA-COI-01025,Installation of Deep Borewell with Solar Dual Pump and overhead storage tank at Pollachi,"Administrative sanction under MPLADS for: Installation of Deep Borewell with Solar Dual Pump and overhead storage tank at Pollachi. Implemented by Gram Panchayat Development Committee for public benefit in Pollachi, Coimbatore.",Tamil Nadu,Coimbatore,Coimbatore (LS-20),Sulur,Pollachi,10.991525,76.971826,Ganapathi P. Rajkumar,Lok Sabha,Drinking Water Supply,IN_PROGRESS,2025-08-06,2026-04-23,,AGY-PRI-COI,Gram Panchayat Development Committee,Panchayati Raj,780000,639600.0,507000.0,132600.0,65.0,80.8,water_installation,1.6,487500.0,NORMAL,DEMO DATA — NOT OFFICIAL GOVERNMENT DATA
MPLAD-UT-VAR-01030,Laying of underground irrigation pipeline connecting minor irrigation tank to farmlands at Shivpur,"Administrative sanction under MPLADS for: Laying of underground irrigation pipeline connecting minor irrigation tank to farmlands at Shivpur. Implemented by Zilla Parishad Engineering Cell for public benefit in Shivpur, Varanasi.",Uttar Pradesh,Varanasi,Varanasi (LS-77),Rohaniya,Shivpur,25.296563,83.047466,Narendra Modi,Lok Sabha,Irrigation & Flood Control,IN_PROGRESS,2024-06-24,2025-02-07,,AGY-ZP-VAR,Zilla Parishad Engineering Cell,Panchayati Raj,2920000,2657200.0,2219200.0,438000.0,76.0,99.5,check_dam,1.6,1825000.0,NORMAL,DEMO DATA — NOT OFFICIAL GOVERNMENT DATA
MPLAD-WE-DAR-01050,Development of Rural Sports Playground with boundary wall and athletic track at Siliguri,"Administrative sanction under MPLADS for: Development of Rural Sports Playground with boundary wall and athletic track at Siliguri. Implemented by Shree Balaji Civic Builders for public benefit in Siliguri, Darjeeling.",West Bengal,Darjeeling,Darjeeling (LS-04),Kurseong,Siliguri,27.097811,88.217378,Raju Bista,Lok Sabha,Community Infrastructure,IN_PROGRESS,2026-02-12,2026-11-09,,AGY-CONTR-103-DAR,Shree Balaji Civic Builders,Registered Contractor,14510000,7835400.0,6239300.0,1596100.0,43.0,58.4,community_hall,3.9,3720512.82,NORMAL,DEMO DATA — NOT OFFICIAL GOVERNMENT DATA
MPLAD-MA-PUN-01548,"Setting up of automated diagnostic lab unit at Community Health Centre, Khadakwasla","Administrative sanction under MPLADS for: Setting up of automated diagnostic lab unit at Community Health Centre, Khadakwasla. Implemented by Vanguard Infra Projects Pvt Ltd for public benefit in Khadakwasla, Pune.",Maharashtra,Pune,Pune (LS-34),Haveli,Khadakwasla,18.573453,73.763921,Murlidhar Mohol,Lok Sabha,Health & Sanitation,IN_PROGRESS,2025-07-05,2026-06-12,,AGY-CONTR-101-PUN,Vanguard Infra Projects Pvt Ltd,Registered Contractor,16190000,14894800.0,13437700.0,1457100.0,83.0,92.5,facility_center,4.4,3679545.45,AGENCY_MONOPOLY,DEMO DATA — NOT OFFICIAL GOVERNMENT DATA
MPLAD-BI-PAT-01270,Procurement of Basic Life Support Mobile Ambulance van for community health services in Patna,"Administrative sanction under MPLADS for: Procurement of Basic Life Support Mobile Ambulance van for community health services in Patna. Implemented by Apex Engineering & Construction Syndicate for public benefit in Barh, Patna.",Bihar,Patna,Patna Sahib (LS-30),Bakhtiarpur,Barh,25.571452,85.168441,Ravi Shankar Prasad,Lok Sabha,Health & Sanitation,IN_PROGRESS,2025-05-28,2026-04-05,,AGY-CONTR-102-PAT,Apex Engineering & Construction Syndicate,Registered Contractor,13050000,10701000.0,9396000.0,1305000.0,72.0,99.2,facility_center,4.3,3034883.72,NORMAL,DEMO DATA — NOT OFFICIAL GOVERNMENT DATA
MPLAD-TA-COI-01003,Construction of Check Dam across local seasonal stream for groundwater recharge at Sulur,"Administrative sanction under MPLADS for: Construction of Check Dam across local seasonal stream for groundwater recharge at Sulur. Implemented by Shree Balaji Civic Builders for public benefit in Sulur, Coimbatore.",Tamil Nadu,Coimbatore,Coimbatore (LS-20),Sulur,Sulur,11.033618,76.943818,Ganapathi P. Rajkumar,Lok Sabha,Irrigation & Flood Control,IN_PROGRESS,2025-01-20,2025-08-24,,AGY-CONTR-103-COI,Shree Balaji Civic Builders,Registered Contractor,10230000,9411600.0,7161000.0,2250600.0,70.0,94.2,check_dam,4.5,2273333.33,NORMAL,DEMO DATA — NOT OFFICIAL GOVERNMENT DATA
MPLAD-WE-DAR-01469,Development of Rural Sports Playground with boundary wall and athletic track at Naxalbari,"Administrative sanction under MPLADS for: Development of Rural Sports Playground with boundary wall and athletic track at Naxalbari. Implemented by District Rural Development Agency for public benefit in Naxalbari, Darjeeling.",West Bengal,Darjeeling,Darjeeling (LS-04),Kurseong,Naxalbari,27.016325,88.313912,Raju Bista,Lok Sabha,Community Infrastructure,IN_PROGRESS,2023-11-22,2024-08-25,,AGY-DRDA-DAR,District Rural Development Agency,Line Department,11850000,10927854.25,10423234.77,504619.48,88.0,19.4,community_hall,4.1,2890243.9,HIGH_SPEND_LOW_PROGRESS,DEMO DATA — NOT OFFICIAL GOVERNMENT DATA
MPLAD-MA-IND-01021,Upgradation and modernization of Primary Health Sub-Centre with emergency maternity unit at Hatod,"Administrative sanction under MPLADS for: Upgradation and modernization of Primary Health Sub-Centre with emergency maternity unit at Hatod. Implemented by Municipal Corporation Public Infrastructure Cell for public benefit in Hatod, Indore.",Madhya Pradesh,Indore,Indore (LS-26),Mhow,Hatod,22.788712,75.84741,Shankar Lalwani,Lok Sabha,Health & Sanitation,IN_PROGRESS,2025-09-25,2026-08-23,,AGY-MUNC-IND,Municipal Corporation Public Infrastructure Cell,Municipal Corporation,10920000,10592400.0,9609600.0,982800.0,88.0,90.8,facility_center,2.9,3765517.24,NORMAL,DEMO DATA — NOT OFFICIAL GOVERNMENT DATA
MPLAD-WE-DAR-01344,"Setting up of automated diagnostic lab unit at Community Health Centre, Kurseong","Administrative sanction under MPLADS for: Setting up of automated diagnostic lab unit at Community Health Centre, Kurseong. Implemented by Apex Engineering & Construction Syndicate for public benefit in Kurseong, Darjeeling.",West Bengal,Darjeeling,Darjeeling (LS-04),Kurseong,Kurseong,26.996288,88.306968,Raju Bista,Lok Sabha,Health & Sanitation,IN_PROGRESS,2026-03-28,2027-03-24,,AGY-CONTR-102-DAR,Apex Engineering & Construction Syndicate,Registered Contractor,4810000,1635400.0,1298700.0,336700.0,27.0,31.6,facility_center,1.5,3206666.67,NORMAL,DEMO DATA — NOT OFFICIAL GOVERNMENT DATA
MPLAD-KA-BEN-01579,Bituminous macadam surfacing of rural connectivity pathway near Magadi main square,"Administrative sanction under MPLADS for: Bituminous macadam surfacing of rural connectivity pathway near Magadi main square. Implemented by Gram Panchayat Development Committee for public benefit in Magadi, Bengaluru Rural.",Karnataka,Bengaluru Rural,Bengaluru Rural (LS-23),Devanahalli,Magadi,13.203874,77.584421,C. N. Manjunath,Lok Sabha,Roads & Pathways,IN_PROGRESS,2024-08-19,2025-03-07,,AGY-PRI-BEN,Gram Panchayat Development Committee,Panchayati Raj,10910000,8728000.0,-50000.0,8778000.0,-0.5,92.2,kilometer,3.6,3030555.56,DATA_INCONSISTENT,DEMO DATA — NOT OFFICIAL GOVERNMENT DATA
MPLAD-WE-DAR-01005,Development of Rural Sports Playground with boundary wall and athletic track at Kurseong,"Administrative sanction under MPLADS for: Development of Rural Sports Playground with boundary wall and athletic track at Kurseong. Implemented by Shree Balaji Civic Builders for public benefit in Kurseong, Darjeeling.",West Bengal,Darjeeling,Darjeeling (LS-04),Kurseong,Kurseong,27.103165,88.32272,Raju Bista,Lok Sabha,Community Infrastructure,IN_PROGRESS,2024-05-12,2025-03-21,,AGY-CONTR-103-DAR,Shree Balaji Civic Builders,Registered Contractor,12530000,11527600.0,9898700.0,1628900.0,79.0,89.6,community_hall,4.5,2784444.44,NORMAL,DEMO DATA — NOT OFFICIAL GOVERNMENT DATA
MPLAD-RA-JAI-01473,"Setting up of automated diagnostic lab unit at Community Health Centre, Chaksu","Administrative sanction under MPLADS for: Setting up of automated diagnostic lab unit at Community Health Centre, Chaksu. Implemented by Vanguard Infra Projects Pvt Ltd for public benefit in Chaksu, Jaipur.",Rajasthan,Jaipur,Jaipur (LS-07),Sanganer,Chaksu,26.968140000000002,75.812469,Manju Sharma,Lok Sabha,Health & Sanitation,IN_PROGRESS,2025-12-02,2026-10-18,,AGY-CONTR-101-JAI,Vanguard Infra Projects Pvt Ltd,Registered Contractor,4550000,4418127.92,4305475.77,112652.15,94.6,14.5,facility_center,2.0,2275000.0,HIGH_SPEND_LOW_PROGRESS,DEMO DATA — NOT OFFICIAL GOVERNMENT DATA
MPLAD-MA-PUN-01483,Construction of gabion flood protection retaining wall along vulnerable bank in Shivajinagar,"Administrative sanction under MPLADS for: Construction of gabion flood protection retaining wall along vulnerable bank in Shivajinagar. Implemented by Zilla Parishad Engineering Cell for public benefit in Shivajinagar, Pune.",Maharashtra,Pune,Pune (LS-34),Haveli,Shivajinagar,18.647219,73.857313,Murlidhar Mohol,Lok Sabha,Irrigation & Flood Control,STALLED,2022-12-16,2023-10-12,,AGY-ZP-PUN,Zilla Parishad Engineering Cell,Panchayati Raj,3780000,2646000.0,2249100.0,396900.0,59.5,27.7,check_dam,2.5,1512000.0,DELAYED_PROJECT,DEMO DATA — NOT OFFICIAL GOVERNMENT DATA
MPLAD-BI-PAT-01161,"Installation of rooftop solar photovoltaic system at Model Senior Secondary School, Phulwari","Administrative sanction under MPLADS for: Installation of rooftop solar photovoltaic system at Model Senior Secondary School, Phulwari. Implemented by Vanguard Infra Projects Pvt Ltd for public benefit in Phulwari, Patna.",Bihar,Patna,Patna Sahib (LS-30),Bakhtiarpur,Phulwari,25.649572,85.190402,Ravi Shankar Prasad,Lok Sabha,Education & School Infrastructure,IN_PROGRESS,2025-10-05,2026-06-10,,AGY-CONTR-101-PAT,Vanguard Infra Projects Pvt Ltd,Registered Contractor,4710000,4003500.0,3862200.0,141300.0,82.0,83.4,classroom_block,3.1,1519354.84,NORMAL,DEMO DATA — NOT OFFICIAL GOVERNMENT DATA
MPLAD-TA-COI-01597,"Setting up of automated diagnostic lab unit at Community Health Centre, Annur",Work,Tamil Nadu,Coimbatore,Coimbatore (LS-20),Sulur,Annur,11.037276,77.042043,Ganapathi P. Rajkumar,Lok Sabha,Health & Sanitation,IN_PROGRESS,2024-07-25,2025-07-06,,AGY-MUNC-COI,Municipal Corporation Public Infrastructure Cell,Municipal Corporation,12990000,11041500.0,8963100.0,2078400.0,69.0,96.5,facility_center,4.2,3092857.14,DATA_MISSING,DEMO DATA — NOT OFFICIAL GOVERNMENT DATA
MPLAD-MA-IND-01325,Bituminous macadam surfacing of rural connectivity pathway near Depalpur main square,"Administrative sanction under MPLADS for: Bituminous macadam surfacing of rural connectivity pathway near Depalpur main square. Implemented by Gram Panchayat Development Committee for public benefit in Depalpur, Indore.",Madhya Pradesh,Indore,Indore (LS-26),Mhow,Depalpur,22.650831,75.850463,Shankar Lalwani,Lok Sabha,Roads & Pathways,IN_PROGRESS,2024-09-06,2025-04-29,,AGY-PRI-IND,Gram Panchayat Development Committee,Panchayati Raj,2480000,2331200.0,2083200.0,248000.0,84.0,93.2,kilometer,1.2,2066666.67,NORMAL,DEMO DATA — NOT OFFICIAL GOVERNMENT DATA
MPLAD-TA-COI-01144,Construction of modern cremation shed with solar lighting and water facility at Sulur,"Administrative sanction under MPLADS for: Construction of modern cremation shed with solar lighting and water facility at Sulur. Implemented by District Rural Development Agency for public benefit in Sulur, Coimbatore.",Tamil Nadu,Coimbatore,Coimbatore (LS-20),Sulur,Sulur,10.961257,76.964654,Ganapathi P. Rajkumar,Lok Sabha,Community Infrastructure,IN_PROGRESS,2026-02-23,2026-10-20,,AGY-DRDA-COI,District Rural Development Agency,Line Department,13580000,7333200.0,7061600.0,271600.0,52.0,58.9,community_hall,3.6,3772222.22,NORMAL,DEMO DATA — NOT OFFICIAL GOVERNMENT DATA
MPLAD-WE-DAR-01256,Construction of modern cremation shed with solar lighting and water facility at Kurseong,"Administrative sanction under MPLADS for: Construction of modern cremation shed with solar lighting and water facility at Kurseong. Implemented by District Rural Development Agency for public benefit in Kurseong, Darjeeling.",West Bengal,Darjeeling,Darjeeling (LS-04),Kurseong,Kurseong,27.039108,88.230973,Raju Bista,Lok Sabha,Community Infrastructure,IN_PROGRESS,2026-04-23,2027-03-10,,AGY-DRDA-DAR,District Rural Development Agency,Line Department,10870000,2934900.0,2608800.0,326100.0,24.0,28.1,community_hall,2.6,4180769.23,NORMAL,DEMO DATA — NOT OFFICIAL GOVERNMENT DATA
MPLAD-TA-COI-01142,"Installation of rooftop solar photovoltaic system at Model Senior Secondary School, Sulur","Administrative sanction under MPLADS for: Installation of rooftop solar photovoltaic system at Model Senior Secondary School, Sulur. Implemented by State Rural Water Supply & Sanitation Board for public benefit in Sulur, Coimbatore.",Tamil Nadu,Coimbatore,Coimbatore (LS-20),Sulur,Sulur,10.962208,76.955684,Ganapathi P. Rajkumar,Lok Sabha,Education & School Infrastructure,IN_PROGRESS,2024-02-13,2024-11-11,,AGY-JAL-COI,State Rural Water Supply & Sanitation Board,Line Department,1730000,1487800.0,1262900.0,224900.0,73.0,87.7,classroom_block,1.1,1572727.27,NORMAL,DEMO DATA — NOT OFFICIAL GOVERNMENT DATA
MPLAD-KA-BEN-01593,Construction of Cement Concrete (CC) Road with side drains from Magadi to Hosakote,Work,Karnataka,Bengaluru Rural,Bengaluru Rural (LS-23),Devanahalli,Magadi,13.334569,77.615449,C. N. Manjunath,Lok Sabha,Roads & Pathways,IN_PROGRESS,2025-02-18,2025-09-23,,AGY-JAL-BEN,State Rural Water Supply & Sanitation Board,Line Department,4840000,4598000.0,3726800.0,871200.0,77.0,86.3,kilometer,1.8,2688888.89,DATA_MISSING,DEMO DATA — NOT OFFICIAL GOVERNMENT DATA
MPLAD-MA-PUN-01495,Paving of interlocking paver block street in Shirur Ward 4,"Administrative sanction under MPLADS for: Paving of interlocking paver block street in Shirur Ward 4. Implemented by Municipal Corporation Public Infrastructure Cell for public benefit in Shirur, Pune.",Maharashtra,Pune,Pune (LS-34),Haveli,Shirur,18.461903,73.900505,Murlidhar Mohol,Lok Sabha,Roads & Pathways,STALLED,2023-02-14,2023-12-11,,AGY-MUNC-PUN,Municipal Corporation Public Infrastructure Cell,Municipal Corporation,10200000,7140000.0,6069000.0,1071000.0,59.5,28.3,kilometer,4.4,2318181.82,DELAYED_PROJECT,DEMO DATA — NOT OFFICIAL GOVERNMENT DATA
MPLAD-RA-JAI-01060,Upgradation of link road and culvert bridging at Chaksu,"Administrative sanction under MPLADS for: Upgradation of link road and culvert bridging at Chaksu. Implemented by Apex Engineering & Construction Syndicate for public benefit in Chaksu, Jaipur.",Rajasthan,Jaipur,Jaipur (LS-07),Sanganer,Chaksu,26.962967,75.769781,Manju Sharma,Lok Sabha,Roads & Pathways,IN_PROGRESS,2026-04-26,2027-01-04,,AGY-CONTR-102-JAI,Apex Engineering & Construction Syndicate,Registered Contractor,6510000,2929500.0,2213400.0,716100.0,34.0,36.0,kilometer,3.5,1860000.0,NORMAL,DEMO DATA — NOT OFFICIAL GOVERNMENT DATA
MPLAD-UT-VAR-01143,Construction of Check Dam across local seasonal stream for groundwater recharge at Sewapuri,"Administrative sanction under MPLADS for: Construction of Check Dam across local seasonal stream for groundwater recharge at Sewapuri. Implemented by Gram Panchayat Development Committee for public benefit in Sewapuri, Varanasi.",Uttar Pradesh,Varanasi,Varanasi (LS-77),Rohaniya,Sewapuri,25.319934,83.090333,Narendra Modi,Lok Sabha,Irrigation & Flood Control,IN_PROGRESS,2026-02-09,2026-10-16,,AGY-PRI-VAR,Gram Panchayat Development Committee,Panchayati Raj,2910000,1833300.0,1571400.0,261900.0,54.0,60.9,check_dam,1.9,1531578.95,NORMAL,DEMO DATA — NOT OFFICIAL GOVERNMENT DATA
MPLAD-KA-BEN-01186,Desilting and embankment strengthening of drainage canal serving agricultural fields in Doddaballapura,"Administrative sanction under MPLADS for: Desilting and embankment strengthening of drainage canal serving agricultural fields in Doddaballapura. Implemented by Shree Balaji Civic Builders for public benefit in Doddaballapura, Bengaluru Rural.",Karnataka,Bengaluru Rural,Bengaluru Rural (LS-23),Devanahalli,Doddaballapura,13.133252,77.694649,C. N. Manjunath,Lok Sabha,Irrigation & Flood Control,IN_PROGRESS,2025-05-18,2025-11-20,,AGY-CONTR-103-BEN,Shree Balaji Civic Builders,Registered Contractor,9000000,8550000.0,6570000.0,1980000.0,73.0,97.7,check_dam,3.5,2571428.57,NORMAL,DEMO DATA — NOT OFFICIAL GOVERNMENT DATA
MPLAD-MA-IND-01094,"Installation of rooftop solar photovoltaic system at Model Senior Secondary School, Mhow","Administrative sanction under MPLADS for: Installation of rooftop solar photovoltaic system at Model Senior Secondary School, Mhow. Implemented by District Rural Development Agency for public benefit in Mhow, Indore.",Madhya Pradesh,Indore,Indore (LS-26),Mhow,Mhow,22.683834,75.831141,Shankar Lalwani,Lok Sabha,Education & School Infrastructure,IN_PROGRESS,2025-09-27,2026-07-21,,AGY-DRDA-IND,District Rural Development Agency,Line Department,5310000,4301100.0,4194900.0,106200.0,79.0,89.5,classroom_block,4.8,1106250.0,NORMAL,DEMO DATA — NOT OFFICIAL GOVERNMENT DATA
MPLAD-UT-VAR-01033,"Construction of 2 additional smart classroom blocks at Government Higher Secondary School, Cantt","Administrative sanction under MPLADS for: Construction of 2 additional smart classroom blocks at Government Higher Secondary School, Cantt. Implemented by Vanguard Infra Projects Pvt Ltd for public benefit in Cantt, Varanasi.",Uttar Pradesh,Varanasi,Varanasi (LS-77),Rohaniya,Cantt,25.30217,83.0819,Narendra Modi,Lok Sabha,Education & School Infrastructure,IN_PROGRESS,2025-12-31,2026-11-18,,AGY-CONTR-101-VAR,Vanguard Infra Projects Pvt Ltd,Registered Contractor,5470000,3883700.0,3336700.0,547000.0,61.0,60.7,classroom_block,3.1,1764516.13,NORMAL,DEMO DATA — NOT OFFICIAL GOVERNMENT DATA
MPLAD-BI-PAT-01026,Construction of Check Dam across local seasonal stream for groundwater recharge at Maner,"Administrative sanction under MPLADS for: Construction of Check Dam across local seasonal stream for groundwater recharge at Maner. Implemented by Municipal Corporation Public Infrastructure Cell for public benefit in Maner, Patna.",Bihar,Patna,Patna Sahib (LS-30),Bakhtiarpur,Maner,25.635523,85.052282,Ravi Shankar Prasad,Lok Sabha,Irrigation & Flood Control,IN_PROGRESS,2025-08-28,2026-06-24,,AGY-MUNC-PAT,Municipal Corporation Public Infrastructure Cell,Municipal Corporation,2090000,1881000.0,1483900.0,397100.0,71.0,94.9,check_dam,1.2,1741666.67,NORMAL,DEMO DATA — NOT OFFICIAL GOVERNMENT DATA
MPLAD-RA-JAI-01167,Upgradation of link road and culvert bridging at Shahpura,"Administrative sanction under MPLADS for: Upgradation of link road and culvert bridging at Shahpura. Implemented by Apex Engineering & Construction Syndicate for public benefit in Shahpura, Jaipur.",Rajasthan,Jaipur,Jaipur (LS-07),Sanganer,Shahpura,26.806648,75.702012,Manju Sharma,Lok Sabha,Roads & Pathways,IN_PROGRESS,2026-03-15,2027-01-26,,AGY-CONTR-102-JAI,Apex Engineering & Construction Syndicate,Registered Contractor,5050000,2171500.0,1717000.0,454500.0,34.0,37.5,kilometer,2.5,2020000.0,NORMAL,DEMO DATA — NOT OFFICIAL GOVERNMENT DATA
MPLAD-KA-BEN-01029,Bituminous macadam surfacing of rural connectivity pathway near Magadi main square,"Administrative sanction under MPLADS for: Bituminous macadam surfacing of rural connectivity pathway near Magadi main square. Implemented by District Rural Development Agency for public benefit in Magadi, Bengaluru Rural.",Karnataka,Bengaluru Rural,Bengaluru Rural (LS-23),Devanahalli,Magadi,13.243157,77.686663,C. N. Manjunath,Lok Sabha,Roads & Pathways,IN_PROGRESS,2025-04-09,2026-02-20,,AGY-DRDA-BEN,District Rural Development Agency,Line Department,12360000,11494800.0,9022800.0,2472000.0,73.0,90.2,kilometer,4.9,2522448.98,NORMAL,DEMO DATA — NOT OFFICIAL GOVERNMENT DATA
MPLAD-MA-IND-01591,"Construction of modern girls toilet block and sanitation facility at Primary School, Betma",Work,Madhya Pradesh,Indore,Indore (LS-26),Mhow,Betma,22.795783,75.826041,Shankar Lalwani,Lok Sabha,Education & School Infrastructure,IN_PROGRESS,2026-02-09,2026-09-13,,AGY-PRI-IND,Gram Panchayat Development Committee,Panchayati Raj,3950000,2646500.0,2172500.0,474000.0,55.0,69.5,classroom_block,2.6,1519230.77,DATA_MISSING,DEMO DATA — NOT OFFICIAL GOVERNMENT DATA
MPLAD-RA-JAI-01281,"Setting up of automated diagnostic lab unit at Community Health Centre, Chaksu","Administrative sanction under MPLADS for: Setting up of automated diagnostic lab unit at Community Health Centre, Chaksu. Implemented by State Rural Water Supply & Sanitation Board for public benefit in Chaksu, Jaipur.",Rajasthan,Jaipur,Jaipur (LS-07),Sanganer,Chaksu,26.934779,75.844573,Manju Sharma,Lok Sabha,Health & Sanitation,IN_PROGRESS,2026-05-03,2026-12-07,,AGY-JAL-JAI,State Rural Water Supply & Sanitation Board,Line Department,10400000,3640000.0,3328000.0,312000.0,32.0,34.7,facility_center,3.2,3250000.0,NORMAL,DEMO DATA — NOT OFFICIAL GOVERNMENT DATA
MPLAD-KA-BEN-01588,"Installation of rooftop solar photovoltaic system at Model Senior Secondary School, Nelamangala",Work,Karnataka,Bengaluru Rural,Bengaluru Rural (LS-23),Devanahalli,Nelamangala,13.299389,77.533236,C. N. Manjunath,Lok Sabha,Education & School Infrastructure,IN_PROGRESS,2025-03-19,2025-11-03,,AGY-PRI-BEN,Gram Panchayat Development Committee,Panchayati Raj,5450000,4796000.0,3978500.0,817500.0,73.0,93.9,classroom_block,3.5,1557142.86,DATA_MISSING,DEMO DATA — NOT OFFICIAL GOVERNMENT DATA
MPLAD-MA-PUN-01513,Construction of Community Sanitary Complex with biological septic filtration in Manchar,"Administrative sanction under MPLADS for: Construction of Community Sanitary Complex with biological septic filtration in Manchar. Implemented by Zilla Parishad Engineering Cell for public benefit in Manchar, Pune.",Maharashtra,Pune,Pune (LS-34),Haveli,Manchar,18.6291,73.907001,Murlidhar Mohol,Lok Sabha,Health & Sanitation,STALLED,2023-02-16,2023-12-13,,AGY-ZP-PUN,Zilla Parishad Engineering Cell,Panchayati Raj,5520000,3864000.0,3284400.0,579600.0,59.5,33.7,facility_center,1.9,2905263.16,DELAYED_PROJECT,DEMO DATA — NOT OFFICIAL GOVERNMENT DATA
MPLAD-RA-JAI-01376,Installation of Deep Borewell with Solar Dual Pump and overhead storage tank at Jhotwara,"Administrative sanction under MPLADS for: Installation of Deep Borewell with Solar Dual Pump and overhead storage tank at Jhotwara. Implemented by Shree Balaji Civic Builders for public benefit in Jhotwara, Jaipur.",Rajasthan,Jaipur,Jaipur (LS-07),Sanganer,Jhotwara,26.854671,75.821024,Manju Sharma,Lok Sabha,Drinking Water Supply,IN_PROGRESS,2025-12-04,2026-07-04,,AGY-CONTR-103-JAI,Shree Balaji Civic Builders,Registered Contractor,990000,920700.0,782100.0,138600.0,79.0,87.8,water_installation,3.2,309375.0,NORMAL,DEMO DATA — NOT OFFICIAL GOVERNMENT DATA
MPLAD-WE-DAR-01506,Construction of Check Dam across local seasonal stream for groundwater recharge at Siliguri,"Administrative sanction under MPLADS for: Construction of Check Dam across local seasonal stream for groundwater recharge at Siliguri. Implemented by Vanguard Infra Projects Pvt Ltd for public benefit in Siliguri, Darjeeling.",West Bengal,Darjeeling,Darjeeling (LS-04),Kurseong,Siliguri,26.98621,88.28817599999999,Raju Bista,Lok Sabha,Irrigation & Flood Control,STALLED,2023-05-18,2024-03-13,,AGY-CONTR-101-DAR,Vanguard Infra Projects Pvt Ltd,Registered Contractor,7240000,5068000.0,4307800.0,760200.0,59.5,30.9,check_dam,3.3,2193939.39,DELAYED_PROJECT,DEMO DATA — NOT OFFICIAL GOVERNMENT DATA
MPLAD-TA-COI-01508,"Construction of 2 additional smart classroom blocks at Government Higher Secondary School, Sulur","Administrative sanction under MPLADS for: Construction of 2 additional smart classroom blocks at Government Higher Secondary School, Sulur. Implemented by Public Works Department (Div-1) for public benefit in Sulur, Coimbatore.",Tamil Nadu,Coimbatore,Coimbatore (LS-20),Sulur,Sulur,11.089191,77.023509,Ganapathi P. Rajkumar,Lok Sabha,Education & School Infrastructure,STALLED,2022-12-13,2023-10-09,,AGY-PWD-COI,Public Works Department (Div-1),Line Department,1620000,1134000.0,963900.0,170100.0,59.5,30.1,classroom_block,1.4,1157142.86,DELAYED_PROJECT,DEMO DATA — NOT OFFICIAL GOVERNMENT DATA
MPLAD-WE-DAR-01127,Creation of Farmer Training & Seed Storage Facility near agricultural marketing yard at Mirik,"Administrative sanction under MPLADS for: Creation of Farmer Training & Seed Storage Facility near agricultural marketing yard at Mirik. Implemented by Vanguard Infra Projects Pvt Ltd for public benefit in Mirik, Darjeeling.",West Bengal,Darjeeling,Darjeeling (LS-04),Kurseong,Mirik,26.967688,88.201006,Raju Bista,Lok Sabha,Community Infrastructure,IN_PROGRESS,2024-02-26,2025-01-16,,AGY-CONTR-101-DAR,Vanguard Infra Projects Pvt Ltd,Registered Contractor,12440000,10947200.0,8210400.0,2736800.0,66.0,83.5,community_hall,3.1,4012903.23,NORMAL,DEMO DATA — NOT OFFICIAL GOVERNMENT DATA
MPLAD-MA-PUN-01271,Rejuvenation of traditional percolation tank and public drinking well at Shirur,"Administrative sanction under MPLADS for: Rejuvenation of traditional percolation tank and public drinking well at Shirur. Implemented by Vanguard Infra Projects Pvt Ltd for public benefit in Shirur, Pune.",Maharashtra,Pune,Pune (LS-34),Haveli,Shirur,18.473326,73.865979,Murlidhar Mohol,Lok Sabha,Drinking Water Supply,IN_PROGRESS,2024-08-04,2025-07-31,,AGY-CONTR-101-PUN,Vanguard Infra Projects Pvt Ltd,Registered Contractor,1410000,1226700.0,1156200.0,70500.0,82.0,98.3,water_installation,3.6,391666.67,NORMAL,DEMO DATA — NOT OFFICIAL GOVERNMENT DATA
MPLAD-MA-PUN-01594,Creation of Farmer Training & Seed Storage Facility near agricultural marketing yard at Haveli,"Administrative sanction under MPLADS for: Creation of Farmer Training & Seed Storage Facility near agricultural marketing yard at Haveli. Implemented by Zilla Parishad Engineering Cell for public benefit in Haveli, Pune.",Maharashtra,Pune,Pune (LS-34),Haveli,Haveli,18.639614,73.763858,Murlidhar Mohol,Lok Sabha,Community Infrastructure,IN_PROGRESS,2024-03-28,2025-01-21,,AGY-ZP-PUN,Zilla Parishad Engineering Cell,Panchayati Raj,15100000,12533000.0,10117000.0,2416000.0,67.0,,community_hall,4.8,3145833.33,DATA_MISSING,DEMO DATA — NOT OFFICIAL GOVERNMENT DATA
MPLAD-KA-BEN-01408,"Setting up of automated diagnostic lab unit at Community Health Centre, Nelamangala","Administrative sanction under MPLADS for: Setting up of automated diagnostic lab unit at Community Health Centre, Nelamangala. Implemented by Zilla Parishad Engineering Cell for public benefit in Nelamangala, Bengaluru Rural.",Karnataka,Bengaluru Rural,Bengaluru Rural (LS-23),Devanahalli,Nelamangala,13.135293,77.671522,C. N. Manjunath,Lok Sabha,Health & Sanitation,IN_PROGRESS,2023-12-20,2024-07-09,,AGY-ZP-BEN,Zilla Parishad Engineering Cell,Panchayati Raj,8650000,7266000.0,5622500.0,1643500.0,65.0,85.5,facility_center,3.4,2544117.65,NORMAL,DEMO DATA — NOT OFFICIAL GOVERNMENT DATA
MPLAD-TA-COI-01425,"Establishment of Composite Science and STEM Laboratory at Zilla Parishad High School, Mettupalayam","Administrative sanction under MPLADS for: Establishment of Composite Science and STEM Laboratory at Zilla Parishad High School, Mettupalayam. Implemented by Public Works Department (Div-1) for public benefit in Mettupalayam, Coimbatore. (Contains specialized premium design parameters and expedited specifications).",Tamil Nadu,Coimbatore,Coimbatore (LS-20),Sulur,Mettupalayam,11.077245,77.009715,Ganapathi P. Rajkumar,Lok Sabha,Education & School Infrastructure,IN_PROGRESS,2025-10-25,2026-08-15,,AGY-PWD-COI,Public Works Department (Div-1),Line Department,15680000,14112000.0,11995200.0,2116800.0,76.5,84.5,classroom_block,4.1,3824390.24,COST_OUTLIER,DEMO DATA — NOT OFFICIAL GOVERNMENT DATA
MPLAD-BI-PAT-01316,Construction of gabion flood protection retaining wall along vulnerable bank in Danapur,"Administrative sanction under MPLADS for: Construction of gabion flood protection retaining wall along vulnerable bank in Danapur. Implemented by Zilla Parishad Engineering Cell for public benefit in Danapur, Patna.",Bihar,Patna,Patna Sahib (LS-30),Bakhtiarpur,Danapur,25.673174,85.136777,Ravi Shankar Prasad,Lok Sabha,Irrigation & Flood Control,IN_PROGRESS,2025-02-17,2025-10-13,,AGY-ZP-PAT,Zilla Parishad Engineering Cell,Panchayati Raj,4350000,4306500.0,3306000.0,1000500.0,76.0,85.5,check_dam,2.2,1977272.73,NORMAL,DEMO DATA — NOT OFFICIAL GOVERNMENT DATA
MPLAD-MA-PUN-01348,Procurement of Basic Life Support Mobile Ambulance van for community health services in Pune,"Administrative sanction under MPLADS for: Procurement of Basic Life Support Mobile Ambulance van for community health services in Pune. Implemented by Municipal Corporation Public Infrastructure Cell for public benefit in Khadakwasla, Pune.",Maharashtra,Pune,Pune (LS-34),Haveli,Khadakwasla,18.540398,73.993131,Murlidhar Mohol,Lok Sabha,Health & Sanitation,IN_PROGRESS,2025-09-24,2026-05-30,,AGY-MUNC-PUN,Municipal Corporation Public Infrastructure Cell,Municipal Corporation,12800000,12672000.0,9856000.0,2816000.0,77.0,92.9,facility_center,3.8,3368421.05,NORMAL,DEMO DATA — NOT OFFICIAL GOVERNMENT DATA
MPLAD-MA-PUN-01225,Upgradation of link road and culvert bridging at Khadakwasla,"Administrative sanction under MPLADS for: Upgradation of link road and culvert bridging at Khadakwasla. Implemented by Apex Engineering & Construction Syndicate for public benefit in Khadakwasla, Pune.",Maharashtra,Pune,Pune (LS-34),Haveli,Khadakwasla,18.595708,73.827179,Murlidhar Mohol,Lok Sabha,Roads & Pathways,IN_PROGRESS,2024-02-20,2024-10-20,,AGY-CONTR-102-PUN,Apex Engineering & Construction Syndicate,Registered Contractor,6670000,5669500.0,5202600.0,466900.0,78.0,89.1,kilometer,2.6,2565384.62,NORMAL,DEMO DATA — NOT OFFICIAL GOVERNMENT DATA
MPLAD-KA-BEN-01324,Laying of piped drinking water distribution network for scheduled caste colony in Hosakote,"Administrative sanction under MPLADS for: Laying of piped drinking water distribution network for scheduled caste colony in Hosakote. Implemented by Municipal Corporation Public Infrastructure Cell for public benefit in Hosakote, Bengaluru Rural.",Karnataka,Bengaluru Rural,Bengaluru Rural (LS-23),Devanahalli,Hosakote,13.317286,77.695256,C. N. Manjunath,Lok Sabha,Drinking Water Supply,IN_PROGRESS,2025-11-28,2026-09-08,,AGY-MUNC-BEN,Municipal Corporation Public Infrastructure Cell,Municipal Corporation,2160000,1965600.0,1922400.0,43200.0,89.0,73.8,water_installation,3.7,583783.78,NORMAL,DEMO DATA — NOT OFFICIAL GOVERNMENT DATA
MPLAD-TA-COI-01487,Upgradation of link road and culvert bridging at Sulur,"Administrative sanction under MPLADS for: Upgradation of link road and culvert bridging at Sulur. Implemented by Shree Balaji Civic Builders for public benefit in Sulur, Coimbatore.",Tamil Nadu,Coimbatore,Coimbatore (LS-20),Sulur,Sulur,10.982097,77.024827,Ganapathi P. Rajkumar,Lok Sabha,Roads & Pathways,STALLED,2022-10-31,2023-08-27,,AGY-CONTR-103-COI,Shree Balaji Civic Builders,Registered Contractor,9660000,6762000.0,5747700.0,1014300.0,59.5,30.1,kilometer,4.2,2300000.0,DELAYED_PROJECT,DEMO DATA — NOT OFFICIAL GOVERNMENT DATA
MPLAD-KA-BEN-01197,Laying of underground irrigation pipeline connecting minor irrigation tank to farmlands at Magadi,"Administrative sanction under MPLADS for: Laying of underground irrigation pipeline connecting minor irrigation tank to farmlands at Magadi. Implemented by Gram Panchayat Development Committee for public benefit in Magadi, Bengaluru Rural.",Karnataka,Bengaluru Rural,Bengaluru Rural (LS-23),Devanahalli,Magadi,13.175293,77.697326,C. N. Manjunath,Lok Sabha,Irrigation & Flood Control,IN_PROGRESS,2023-11-18,2024-07-26,,AGY-PRI-BEN,Gram Panchayat Development Committee,Panchayati Raj,4740000,4076400.0,3507600.0,568800.0,74.0,89.4,check_dam,2.0,2370000.0,NORMAL,DEMO DATA — NOT OFFICIAL GOVERNMENT DATA
MPLAD-BI-PAT-01045,Laying of piped drinking water distribution network for scheduled caste colony in Maner,"Administrative sanction under MPLADS for: Laying of piped drinking water distribution network for scheduled caste colony in Maner. Implemented by Apex Engineering & Construction Syndicate for public benefit in Maner, Patna.",Bihar,Patna,Patna Sahib (LS-30),Bakhtiarpur,Maner,25.679635,85.1284,Ravi Shankar Prasad,Lok Sabha,Drinking Water Supply,IN_PROGRESS,2024-08-11,2025-08-11,,AGY-CONTR-102-PAT,Apex Engineering & Construction Syndicate,Registered Contractor,1110000,1010100.0,987900.0,22200.0,89.0,94.6,water_installation,3.2,346875.0,NORMAL,DEMO DATA — NOT OFFICIAL GOVERNMENT DATA
MPLAD-RA-JAI-01532,"Paving and laying of cement concrete road with drainage near Panchayat Hall to Village Entry, Shahpura","Administrative sanction under MPLADS for: Upgradation and modernization of Primary Health Sub-Centre with emergency maternity unit at Shahpura. Implemented by Gram Panchayat Development Committee for public benefit in Shahpura, Jaipur.",Rajasthan,Jaipur,Jaipur (LS-07),Sanganer,Shahpura,26.936473,75.795209,Manju Sharma,Lok Sabha,Roads & Pathways,IN_PROGRESS,2025-07-26,2026-01-09,,AGY-PRI-JAI,Gram Panchayat Development Committee,Panchayati Raj,4040000,10238400.0,9480000.0,758400.0,75.0,93.5,facility_center,4.4,2020000.0,DUPLICATE_PAIR,DEMO DATA — NOT OFFICIAL GOVERNMENT DATA
MPLAD-RA-JAI-01002,Construction of modern cremation shed with solar lighting and water facility at Sanganer,"Administrative sanction under MPLADS for: Construction of modern cremation shed with solar lighting and water facility at Sanganer. Implemented by Public Works Department (Div-1) for public benefit in Sanganer, Jaipur.",Rajasthan,Jaipur,Jaipur (LS-07),Sanganer,Sanganer,27.00419,75.812414,Manju Sharma,Lok Sabha,Community Infrastructure,COMPLETED,2024-01-20,2025-01-09,2025-01-11,AGY-PWD-JAI,Public Works Department (Div-1),Line Department,9500000,8360000.0,6935000.0,1425000.0,73.0,100.0,community_hall,3.0,3166666.67,NORMAL,DEMO DATA — NOT OFFICIAL GOVERNMENT DATA
MPLAD-BI-PAT-01267,Installation of Deep Borewell with Solar Dual Pump and overhead storage tank at Danapur,"Administrative sanction under MPLADS for: Installation of Deep Borewell with Solar Dual Pump and overhead storage tank at Danapur. Implemented by Vanguard Infra Projects Pvt Ltd for public benefit in Danapur, Patna.",Bihar,Patna,Patna Sahib (LS-30),Bakhtiarpur,Danapur,25.570699,85.075604,Ravi Shankar Prasad,Lok Sabha,Drinking Water Supply,IN_PROGRESS,2024-08-18,2025-06-25,,AGY-CONTR-101-PAT,Vanguard Infra Projects Pvt Ltd,Registered Contractor,2600000,2496000.0,2418000.0,78000.0,93.0,90.5,water_installation,4.4,590909.09,NORMAL,DEMO DATA — NOT OFFICIAL GOVERNMENT DATA
MPLAD-RA-JAI-01456,"Construction of modern girls toilet block and sanitation facility at Primary School, Sanganer","Administrative sanction under MPLADS for: Construction of modern girls toilet block and sanitation facility at Primary School, Sanganer. Implemented by Shree Balaji Civic Builders for public benefit in Sanganer, Jaipur.",Rajasthan,Jaipur,Jaipur (LS-07),Sanganer,Sanganer,26.950101,75.758733,Manju Sharma,Lok Sabha,Education & School Infrastructure,IN_PROGRESS,2024-07-07,2025-01-31,,AGY-CONTR-103-JAI,Shree Balaji Civic Builders,Registered Contractor,5330000,4922297.45,4683807.3,238490.15,87.9,14.6,classroom_block,3.4,1567647.06,HIGH_SPEND_LOW_PROGRESS,DEMO DATA — NOT OFFICIAL GOVERNMENT DATA
MPLAD-MA-IND-01145,Setting up of Community RO Water Purification Plant with distribution kiosk at Mhow,"Administrative sanction under MPLADS for: Setting up of Community RO Water Purification Plant with distribution kiosk at Mhow. Implemented by Vanguard Infra Projects Pvt Ltd for public benefit in Mhow, Indore.",Madhya Pradesh,Indore,Indore (LS-26),Mhow,Mhow,22.773054,75.902878,Shankar Lalwani,Lok Sabha,Drinking Water Supply,IN_PROGRESS,2024-01-14,2024-10-12,,AGY-CONTR-101-IND,Vanguard Infra Projects Pvt Ltd,Registered Contractor,2490000,2490000.0,1942200.0,547800.0,78.0,81.2,water_installation,4.8,518750.0,NORMAL,DEMO DATA — NOT OFFICIAL GOVERNMENT DATA
MPLAD-RA-JAI-01077,Bituminous macadam surfacing of rural connectivity pathway near Jhotwara main square,"Administrative sanction under MPLADS for: Bituminous macadam surfacing of rural connectivity pathway near Jhotwara main square. Implemented by Municipal Corporation Public Infrastructure Cell for public benefit in Jhotwara, Jaipur.",Rajasthan,Jaipur,Jaipur (LS-07),Sanganer,Jhotwara,26.87979,75.914461,Manju Sharma,Lok Sabha,Roads & Pathways,IN_PROGRESS,2023-11-28,2024-10-21,,AGY-MUNC-JAI,Municipal Corporation Public Infrastructure Cell,Municipal Corporation,6240000,5740800.0,4555200.0,1185600.0,73.0,88.4,kilometer,2.2,2836363.64,NORMAL,DEMO DATA — NOT OFFICIAL GOVERNMENT DATA
MPLAD-BI-PAT-01250,Construction of Cement Concrete (CC) Road with side drains from Fatuha to Danapur,"Administrative sanction under MPLADS for: Construction of Cement Concrete (CC) Road with side drains from Fatuha to Danapur. Implemented by Shree Balaji Civic Builders for public benefit in Fatuha, Patna.",Bihar,Patna,Patna Sahib (LS-30),Bakhtiarpur,Fatuha,25.583099,85.137047,Ravi Shankar Prasad,Lok Sabha,Roads & Pathways,IN_PROGRESS,2024-07-07,2025-03-26,,AGY-CONTR-103-PAT,Shree Balaji Civic Builders,Registered Contractor,4180000,3971000.0,3302200.0,668800.0,79.0,80.3,kilometer,1.6,2612500.0,NORMAL,DEMO DATA — NOT OFFICIAL GOVERNMENT DATA
MPLAD-WE-DAR-01581,Paving of interlocking paver block street in Sukhiapokhri Ward 4,"Administrative sanction under MPLADS for: Paving of interlocking paver block street in Sukhiapokhri Ward 4. Implemented by State Rural Water Supply & Sanitation Board for public benefit in Sukhiapokhri, Darjeeling.",West Bengal,Darjeeling,Darjeeling (LS-04),Kurseong,Sukhiapokhri,27.031313,88.330836,Raju Bista,Lok Sabha,Roads & Pathways,IN_PROGRESS,2023-11-29,2024-09-26,,AGY-JAL-DAR,State Rural Water Supply & Sanitation Board,Line Department,9880000,8002800.0,-50000.0,8052800.0,-0.5,92.7,kilometer,3.7,2670270.27,DATA_INCONSISTENT,DEMO DATA — NOT OFFICIAL GOVERNMENT DATA
MPLAD-MA-PUN-01065,"Installation of rooftop solar photovoltaic system at Model Senior Secondary School, Shirur","Administrative sanction under MPLADS for: Installation of rooftop solar photovoltaic system at Model Senior Secondary School, Shirur. Implemented by Public Works Department (Div-1) for public benefit in Shirur, Pune.",Maharashtra,Pune,Pune (LS-34),Haveli,Shirur,18.567982,73.810663,Murlidhar Mohol,Lok Sabha,Education & School Infrastructure,IN_PROGRESS,2025-01-06,2025-08-14,,AGY-PWD-PUN,Public Works Department (Div-1),Line Department,5110000,4752300.0,3679200.0,1073100.0,72.0,82.5,classroom_block,3.4,1502941.18,NORMAL,DEMO DATA — NOT OFFICIAL GOVERNMENT DATA
MPLAD-MA-PUN-01546,Construction of modern cremation shed with solar lighting and water facility at Haveli,"Administrative sanction under MPLADS for: Construction of modern cremation shed with solar lighting and water facility at Haveli. Implemented by Vanguard Infra Projects Pvt Ltd for public benefit in Haveli, Pune.",Maharashtra,Pune,Pune (LS-34),Haveli,Haveli,18.576521,73.990263,Murlidhar Mohol,Lok Sabha,Community Infrastructure,IN_PROGRESS,2024-11-01,2025-07-23,,AGY-CONTR-101-PUN,Vanguard Infra Projects Pvt Ltd,Registered Contractor,18870000,17737800.0,13775100.0,3962700.0,73.0,94.5,community_hall,4.3,4388372.09,AGENCY_MONOPOLY,DEMO DATA — NOT OFFICIAL GOVERNMENT DATA
MPLAD-MA-PUN-01574,"Construction of 2 additional smart classroom blocks at Government Higher Secondary School, Khadakwasla","Administrative sanction under MPLADS for: Construction of 2 additional smart classroom blocks at Government Higher Secondary School, Khadakwasla. Implemented by Gram Panchayat Development Committee for public benefit in Khadakwasla, Pune.",Maharashtra,Pune,Pune (LS-34),Haveli,Khadakwasla,18.590223,73.886733,Murlidhar Mohol,Lok Sabha,Education & School Infrastructure,IN_PROGRESS,2024-01-20,2024-07-28,,AGY-PRI-PUN,Gram Panchayat Development Committee,Panchayati Raj,2350000,2021000.0,1974000.0,47000.0,84.0,125.0,classroom_block,2.0,1175000.0,DATA_INCONSISTENT,DEMO DATA — NOT OFFICIAL GOVERNMENT DATA
MPLAD-MA-PUN-01560,Construction of modern cremation shed with solar lighting and water facility at Khadakwasla,"Administrative sanction under MPLADS for: Construction of modern cremation shed with solar lighting and water facility at Khadakwasla. Implemented by Vanguard Infra Projects Pvt Ltd for public benefit in Khadakwasla, Pune.",Maharashtra,Pune,Pune (LS-34),Haveli,Khadakwasla,18.506068,73.755972,Murlidhar Mohol,Lok Sabha,Community Infrastructure,IN_PROGRESS,2025-01-04,2025-10-28,,AGY-CONTR-101-PUN,Vanguard Infra Projects Pvt Ltd,Registered Contractor,4630000,4213300.0,3842900.0,370400.0,83.0,93.6,community_hall,1.7000000000000002,2723529.41,AGENCY_MONOPOLY,DEMO DATA — NOT OFFICIAL GOVERNMENT DATA
MPLAD-KA-BEN-01089,Development of Rural Sports Playground with boundary wall and athletic track at Devanahalli,"Administrative sanction under MPLADS for: Development of Rural Sports Playground with boundary wall and athletic track at Devanahalli. Implemented by Gram Panchayat Development Committee for public benefit in Devanahalli, Bengaluru Rural.",Karnataka,Bengaluru Rural,Bengaluru Rural (LS-23),Devanahalli,Devanahalli,13.279698,77.542124,C. N. Manjunath,Lok Sabha,Community Infrastructure,IN_PROGRESS,2026-03-30,2026-12-13,,AGY-PRI-BEN,Gram Panchayat Development Committee,Panchayati Raj,5470000,3063200.0,2953800.0,109400.0,54.0,45.3,community_hall,1.6,3418750.0,NORMAL,DEMO DATA — NOT OFFICIAL GOVERNMENT DATA
MPLAD-RA-JAI-01519,Construction of Cement Concrete (CC) Road and side drains from Panchayat Bhawan to Main Gate in Bassi,"Administrative sanction under MPLADS for: Upgradation and modernization of Primary Health Sub-Centre with emergency maternity unit at Amer. Implemented by Municipal Corporation Public Infrastructure Cell for public benefit in Amer, Jaipur.",Rajasthan,Jaipur,Jaipur (LS-07),Sanganer,Bassi,26.874064,75.785439,Manju Sharma,Lok Sabha,Roads & Pathways,IN_PROGRESS,2024-09-05,2025-04-19,,AGY-MUNC-JAI,Municipal Corporation Public Infrastructure Cell,Municipal Corporation,4350000,5930100.0,5391000.0,539100.0,90.0,88.9,facility_center,2.0,2175000.0,DUPLICATE_PAIR,DEMO DATA — NOT OFFICIAL GOVERNMENT DATA
MPLAD-WE-DAR-01458,Desilting and embankment strengthening of drainage canal serving agricultural fields in Kalimpong,"Administrative sanction under MPLADS for: Desilting and embankment strengthening of drainage canal serving agricultural fields in Kalimpong. Implemented by District Rural Development Agency for public benefit in Kalimpong, Darjeeling.",West Bengal,Darjeeling,Darjeeling (LS-04),Kurseong,Kalimpong,27.121915,88.337326,Raju Bista,Lok Sabha,Irrigation & Flood Control,IN_PROGRESS,2025-11-02,2026-09-22,,AGY-DRDA-DAR,District Rural Development Agency,Line Department,3110000,2844055.3,2640370.3,203685.0,84.9,6.2,check_dam,1.2,2591666.67,HIGH_SPEND_LOW_PROGRESS,DEMO DATA — NOT OFFICIAL GOVERNMENT DATA
MPLAD-UT-VAR-01364,Laying of piped drinking water distribution network for scheduled caste colony in Kashi,"Administrative sanction under MPLADS for: Laying of piped drinking water distribution network for scheduled caste colony in Kashi. Implemented by Public Works Department (Div-1) for public benefit in Kashi, Varanasi.",Uttar Pradesh,Varanasi,Varanasi (LS-77),Rohaniya,Kashi,25.337681,83.030255,Narendra Modi,Lok Sabha,Drinking Water Supply,IN_PROGRESS,2024-07-31,2025-07-26,,AGY-PWD-VAR,Public Works Department (Div-1),Line Department,1630000,1564800.0,1352900.0,211900.0,83.0,89.5,water_installation,4.1,397560.98,NORMAL,DEMO DATA — NOT OFFICIAL GOVERNMENT DATA
MPLAD-MA-IND-01394,Upgradation and modernization of Primary Health Sub-Centre with emergency maternity unit at Betma,"Administrative sanction under MPLADS for: Upgradation and modernization of Primary Health Sub-Centre with emergency maternity unit at Betma. Implemented by Public Works Department (Div-1) for public benefit in Betma, Indore.",Madhya Pradesh,Indore,Indore (LS-26),Mhow,Betma,22.744239,75.922827,Shankar Lalwani,Lok Sabha,Health & Sanitation,IN_PROGRESS,2025-09-23,2026-06-18,,AGY-PWD-IND,Public Works Department (Div-1),Line Department,14490000,13185900.0,11012400.0,2173500.0,76.0,82.2,facility_center,4.2,3450000.0,NORMAL,DEMO DATA — NOT OFFICIAL GOVERNMENT DATA
MPLAD-BI-PAT-01329,"Construction of 2 additional smart classroom blocks at Government Higher Secondary School, Bakhtiarpur","Administrative sanction under MPLADS for: Construction of 2 additional smart classroom blocks at Government Higher Secondary School, Bakhtiarpur. Implemented by Apex Engineering & Construction Syndicate for public benefit in Bakhtiarpur, Patna.",Bihar,Patna,Patna Sahib (LS-30),Bakhtiarpur,Bakhtiarpur,25.616063,85.229072,Ravi Shankar Prasad,Lok Sabha,Education & School Infrastructure,IN_PROGRESS,2026-01-06,2026-08-21,,AGY-CONTR-102-PAT,Apex Engineering & Construction Syndicate,Registered Contractor,2070000,1635300.0,1262700.0,372600.0,61.0,78.1,classroom_block,1.2,1725000.0,NORMAL,DEMO DATA — NOT OFFICIAL GOVERNMENT DATA
MPLAD-RA-JAI-01517,Construction of Cement Concrete (CC) Road and side drains from Panchayat Bhawan to Main Gate in Sanganer,"Administrative sanction under MPLADS for: Construction of Check Dam across local seasonal stream for groundwater recharge at Jhotwara. Implemented by Vanguard Infra Projects Pvt Ltd for public benefit in Jhotwara, Jaipur.",Rajasthan,Jaipur,Jaipur (LS-07),Sanganer,Sanganer,26.868898,75.856498,Manju Sharma,Lok Sabha,Roads & Pathways,IN_PROGRESS,2024-03-20,2025-02-04,,AGY-CONTR-101-JAI,Vanguard Infra Projects Pvt Ltd,Registered Contractor,4900000,8128200.0,6992000.0,1136200.0,80.0,93.3,check_dam,4.6,2450000.0,DUPLICATE_PAIR,DEMO DATA — NOT OFFICIAL GOVERNMENT DATA
MPLAD-TA-COI-01132,Setting up of Community RO Water Purification Plant with distribution kiosk at Annur,"Administrative sanction under MPLADS for: Setting up of Community RO Water Purification Plant with distribution kiosk at Annur. Implemented by Zilla Parishad Engineering Cell for public benefit in Annur, Coimbatore.",Tamil Nadu,Coimbatore,Coimbatore (LS-20),Sulur,Annur,11.028938,77.044337,Ganapathi P. Rajkumar,Lok Sabha,Drinking Water Supply,IN_PROGRESS,2026-01-02,2026-08-14,,AGY-ZP-COI,Zilla Parishad Engineering Cell,Panchayati Raj,1720000,1685600.0,1307200.0,378400.0,76.0,87.9,water_installation,4.5,382222.22,NORMAL,DEMO DATA — NOT OFFICIAL GOVERNMENT DATA
MPLAD-TA-COI-01035,Setting up of Community RO Water Purification Plant with distribution kiosk at Pollachi,"Administrative sanction under MPLADS for: Setting up of Community RO Water Purification Plant with distribution kiosk at Pollachi. Implemented by Municipal Corporation Public Infrastructure Cell for public benefit in Pollachi, Coimbatore.",Tamil Nadu,Coimbatore,Coimbatore (LS-20),Sulur,Pollachi,11.079813,77.037961,Ganapathi P. Rajkumar,Lok Sabha,Drinking Water Supply,IN_PROGRESS,2024-03-17,2024-12-11,,AGY-MUNC-COI,Municipal Corporation Public Infrastructure Cell,Municipal Corporation,1410000,1240800.0,972900.0,267900.0,69.0,94.9,water_installation,2.6,542307.69,NORMAL,DEMO DATA — NOT OFFICIAL GOVERNMENT DATA
MPLAD-UT-VAR-01154,Creation of Farmer Training & Seed Storage Facility near agricultural marketing yard at Sewapuri,"Administrative sanction under MPLADS for: Creation of Farmer Training & Seed Storage Facility near agricultural marketing yard at Sewapuri. Implemented by Municipal Corporation Public Infrastructure Cell for public benefit in Sewapuri, Varanasi.",Uttar Pradesh,Varanasi,Varanasi (LS-77),Rohaniya,Sewapuri,25.278363,82.980917,Narendra Modi,Lok Sabha,Community Infrastructure,IN_PROGRESS,2024-03-04,2025-02-25,,AGY-MUNC-VAR,Municipal Corporation Public Infrastructure Cell,Municipal Corporation,17000000,14620000.0,12580000.0,2040000.0,74.0,82.8,community_hall,4.9,3469387.76,NORMAL,DEMO DATA — NOT OFFICIAL GOVERNMENT DATA
MPLAD-WE-DAR-01399,Construction of Multi-Purpose Community Hall and Cultural Center for public gatherings at Naxalbari,"Administrative sanction under MPLADS for: Construction of Multi-Purpose Community Hall and Cultural Center for public gatherings at Naxalbari. Implemented by District Rural Development Agency for public benefit in Naxalbari, Darjeeling.",West Bengal,Darjeeling,Darjeeling (LS-04),Kurseong,Naxalbari,27.0365,88.205418,Raju Bista,Lok Sabha,Community Infrastructure,IN_PROGRESS,2025-06-07,2026-02-05,,AGY-DRDA-DAR,District Rural Development Agency,Line Department,7140000,6069000.0,5640600.0,428400.0,79.0,93.6,community_hall,2.0,3570000.0,NORMAL,DEMO DATA — NOT OFFICIAL GOVERNMENT DATA
MPLAD-BI-PAT-01463,Setting up of Community RO Water Purification Plant with distribution kiosk at Bakhtiarpur,"Administrative sanction under MPLADS for: Setting up of Community RO Water Purification Plant with distribution kiosk at Bakhtiarpur. Implemented by Shree Balaji Civic Builders for public benefit in Bakhtiarpur, Patna.",Bihar,Patna,Patna Sahib (LS-30),Bakhtiarpur,Bakhtiarpur,25.634184,85.2103,Ravi Shankar Prasad,Lok Sabha,Drinking Water Supply,IN_PROGRESS,2024-04-16,2024-11-13,,AGY-CONTR-103-PAT,Shree Balaji Civic Builders,Registered Contractor,660000,629030.05,615738.22,13291.83,93.3,12.6,water_installation,2.2,300000.0,HIGH_SPEND_LOW_PROGRESS,DEMO DATA — NOT OFFICIAL GOVERNMENT DATA
MPLAD-UT-VAR-01130,Construction of gabion flood protection retaining wall along vulnerable bank in Shivpur,"Administrative sanction under MPLADS for: Construction of gabion flood protection retaining wall along vulnerable bank in Shivpur. Implemented by Vanguard Infra Projects Pvt Ltd for public benefit in Shivpur, Varanasi.",Uttar Pradesh,Varanasi,Varanasi (LS-77),Rohaniya,Shivpur,25.339424,82.916936,Narendra Modi,Lok Sabha,Irrigation & Flood Control,IN_PROGRESS,2026-01-30,2027-01-23,,AGY-CONTR-101-VAR,Vanguard Infra Projects Pvt Ltd,Registered Contractor,6380000,3700400.0,3445200.0,255200.0,54.0,43.9,check_dam,2.5,2552000.0,NORMAL,DEMO DATA — NOT OFFICIAL GOVERNMENT DATA
MPLAD-UT-VAR-01323,Laying of underground irrigation pipeline connecting minor irrigation tank to farmlands at Pindra,"Administrative sanction under MPLADS for: Laying of underground irrigation pipeline connecting minor irrigation tank to farmlands at Pindra. Implemented by Public Works Department (Div-1) for public benefit in Pindra, Varanasi.",Uttar Pradesh,Varanasi,Varanasi (LS-77),Rohaniya,Pindra,25.352047,82.999069,Narendra Modi,Lok Sabha,Irrigation & Flood Control,IN_PROGRESS,2024-02-18,2024-09-14,,AGY-PWD-VAR,Public Works Department (Div-1),Line Department,2910000,2735400.0,2066100.0,669300.0,71.0,83.5,check_dam,1.4,2078571.43,NORMAL,DEMO DATA — NOT OFFICIAL GOVERNMENT DATA
MPLAD-WE-DAR-01305,Procurement of Basic Life Support Mobile Ambulance van for community health services in Darjeeling,"Administrative sanction under MPLADS for: Procurement of Basic Life Support Mobile Ambulance van for community health services in Darjeeling. Implemented by State Rural Water Supply & Sanitation Board for public benefit in Naxalbari, Darjeeling.",West Bengal,Darjeeling,Darjeeling (LS-04),Kurseong,Naxalbari,26.993123,88.238878,Raju Bista,Lok Sabha,Health & Sanitation,IN_PROGRESS,2025-11-11,2026-09-09,,AGY-JAL-DAR,State Rural Water Supply & Sanitation Board,Line Department,6580000,5856200.0,5724600.0,131600.0,87.0,72.0,facility_center,2.9,2268965.52,NORMAL,DEMO DATA — NOT OFFICIAL GOVERNMENT DATA
MPLAD-WE-DAR-01146,Upgradation and modernization of Primary Health Sub-Centre with emergency maternity unit at Siliguri,"Administrative sanction under MPLADS for: Upgradation and modernization of Primary Health Sub-Centre with emergency maternity unit at Siliguri. Implemented by Municipal Corporation Public Infrastructure Cell for public benefit in Siliguri, Darjeeling.",West Bengal,Darjeeling,Darjeeling (LS-04),Kurseong,Siliguri,27.133781,88.221811,Raju Bista,Lok Sabha,Health & Sanitation,IN_PROGRESS,2024-05-27,2025-02-02,,AGY-MUNC-DAR,Municipal Corporation Public Infrastructure Cell,Municipal Corporation,10790000,8847800.0,8416200.0,431600.0,78.0,99.9,facility_center,3.8,2839473.68,NORMAL,DEMO DATA — NOT OFFICIAL GOVERNMENT DATA
MPLAD-RA-JAI-01424,Rejuvenation of traditional percolation tank and public drinking well at Jhotwara,"Administrative sanction under MPLADS for: Rejuvenation of traditional percolation tank and public drinking well at Jhotwara. Implemented by District Rural Development Agency for public benefit in Jhotwara, Jaipur. (Contains specialized premium design parameters and expedited specifications).",Rajasthan,Jaipur,Jaipur (LS-07),Sanganer,Jhotwara,26.978707,75.766789,Manju Sharma,Lok Sabha,Drinking Water Supply,IN_PROGRESS,2026-01-20,2026-10-13,,AGY-DRDA-JAI,District Rural Development Agency,Line Department,3970000,3573000.0,3037050.0,535950.0,76.5,60.9,water_installation,3.1,1280645.16,COST_OUTLIER,DEMO DATA — NOT OFFICIAL GOVERNMENT DATA
MPLAD-BI-PAT-01314,Construction of Cement Concrete (CC) Road with side drains from Danapur to Bakhtiarpur,"Administrative sanction under MPLADS for: Construction of Cement Concrete (CC) Road with side drains from Danapur to Bakhtiarpur. Implemented by Zilla Parishad Engineering Cell for public benefit in Danapur, Patna.",Bihar,Patna,Patna Sahib (LS-30),Bakhtiarpur,Danapur,25.641686,85.160286,Ravi Shankar Prasad,Lok Sabha,Roads & Pathways,IN_PROGRESS,2025-10-02,2026-05-30,,AGY-ZP-PAT,Zilla Parishad Engineering Cell,Panchayati Raj,10200000,9384000.0,7854000.0,1530000.0,77.0,89.5,kilometer,4.8,2125000.0,NORMAL,DEMO DATA — NOT OFFICIAL GOVERNMENT DATA
MPLAD-BI-PAT-01398,"Construction of modern girls toilet block and sanitation facility at Primary School, Danapur","Administrative sanction under MPLADS for: Construction of modern girls toilet block and sanitation facility at Primary School, Danapur. Implemented by Zilla Parishad Engineering Cell for public benefit in Danapur, Patna.",Bihar,Patna,Patna Sahib (LS-30),Bakhtiarpur,Danapur,25.678614,85.159953,Ravi Shankar Prasad,Lok Sabha,Education & School Infrastructure,IN_PROGRESS,2025-05-02,2025-12-25,,AGY-ZP-PAT,Zilla Parishad Engineering Cell,Panchayati Raj,6410000,5897200.0,4871600.0,1025600.0,76.0,96.2,classroom_block,3.6,1780555.56,NORMAL,DEMO DATA — NOT OFFICIAL GOVERNMENT DATA
MPLAD-MA-PUN-01554,Construction of gabion flood protection retaining wall along vulnerable bank in Shirur,"Administrative sanction under MPLADS for: Construction of gabion flood protection retaining wall along vulnerable bank in Shirur. Implemented by Vanguard Infra Projects Pvt Ltd for public benefit in Shirur, Pune.",Maharashtra,Pune,Pune (LS-34),Haveli,Shirur,18.555936,73.843284,Murlidhar Mohol,Lok Sabha,Irrigation & Flood Control,IN_PROGRESS,2025-10-24,2026-08-07,,AGY-CONTR-101-PUN,Vanguard Infra Projects Pvt Ltd,Registered Contractor,7050000,6768000.0,6486000.0,282000.0,92.0,93.5,check_dam,3.2,2203125.0,AGENCY_MONOPOLY,DEMO DATA — NOT OFFICIAL GOVERNMENT DATA
MPLAD-MA-IND-01093,Creation of Farmer Training & Seed Storage Facility near agricultural marketing yard at Mhow,"Administrative sanction under MPLADS for: Creation of Farmer Training & Seed Storage Facility near agricultural marketing yard at Mhow. Implemented by Vanguard Infra Projects Pvt Ltd for public benefit in Mhow, Indore.",Madhya Pradesh,Indore,Indore (LS-26),Mhow,Mhow,22.719858,75.902328,Shankar Lalwani,Lok Sabha,Community Infrastructure,IN_PROGRESS,2024-07-14,2025-06-12,,AGY-CONTR-101-IND,Vanguard Infra Projects Pvt Ltd,Registered Contractor,3430000,3189900.0,2675400.0,514500.0,78.0,94.3,community_hall,1.2,2858333.33,NORMAL,DEMO DATA — NOT OFFICIAL GOVERNMENT DATA
MPLAD-WE-DAR-01264,Paving of interlocking paver block street in Kurseong Ward 4,"Administrative sanction under MPLADS for: Paving of interlocking paver block street in Kurseong Ward 4. Implemented by District Rural Development Agency for public benefit in Kurseong, Darjeeling.",West Bengal,Darjeeling,Darjeeling (LS-04),Kurseong,Kurseong,27.144637,88.225582,Raju Bista,Lok Sabha,Roads & Pathways,IN_PROGRESS,2026-05-02,2026-12-19,,AGY-DRDA-DAR,District Rural Development Agency,Line Department,11400000,4104000.0,3762000.0,342000.0,33.0,37.7,kilometer,4.1,2780487.8,NORMAL,DEMO DATA — NOT OFFICIAL GOVERNMENT DATA
MPLAD-UT-VAR-01454,Laying of underground irrigation pipeline connecting minor irrigation tank to farmlands at Pindra,"Administrative sanction under MPLADS for: Laying of underground irrigation pipeline connecting minor irrigation tank to farmlands at Pindra. Implemented by Zilla Parishad Engineering Cell for public benefit in Pindra, Varanasi.",Uttar Pradesh,Varanasi,Varanasi (LS-77),Rohaniya,Pindra,25.34457,83.080042,Narendra Modi,Lok Sabha,Irrigation & Flood Control,IN_PROGRESS,2025-09-03,2026-03-12,,AGY-ZP-VAR,Zilla Parishad Engineering Cell,Panchayati Raj,6990000,6422932.39,5990689.48,432242.91,85.7,14.2,check_dam,2.7,2588888.89,HIGH_SPEND_LOW_PROGRESS,DEMO DATA — NOT OFFICIAL GOVERNMENT DATA
MPLAD-UT-VAR-01582,Creation of Farmer Training & Seed Storage Facility near agricultural marketing yard at Rohaniya,"Administrative sanction under MPLADS for: Creation of Farmer Training & Seed Storage Facility near agricultural marketing yard at Rohaniya. Implemented by Zilla Parishad Engineering Cell for public benefit in Rohaniya, Varanasi.",Uttar Pradesh,Varanasi,Varanasi (LS-77),Rohaniya,Rohaniya,25.358966,82.995884,Narendra Modi,Lok Sabha,Community Infrastructure,IN_PROGRESS,2024-06-27,2025-06-02,,AGY-ZP-VAR,Zilla Parishad Engineering Cell,Panchayati Raj,6940000,6037800.0,4719200.0,1318600.0,68.0,125.0,community_hall,2.0,3470000.0,DATA_INCONSISTENT,DEMO DATA — NOT OFFICIAL GOVERNMENT DATA
MPLAD-RA-JAI-01115,Laying of piped drinking water distribution network for scheduled caste colony in Amer,"Administrative sanction under MPLADS for: Laying of piped drinking water distribution network for scheduled caste colony in Amer. Implemented by Gram Panchayat Development Committee for public benefit in Amer, Jaipur.",Rajasthan,Jaipur,Jaipur (LS-07),Sanganer,Amer,26.994125,75.917767,Manju Sharma,Lok Sabha,Drinking Water Supply,IN_PROGRESS,2023-12-05,2024-08-23,,AGY-PRI-JAI,Gram Panchayat Development Committee,Panchayati Raj,400000,396000.0,328000.0,68000.0,82.0,81.0,water_installation,1.1,363636.36,NORMAL,DEMO DATA — NOT OFFICIAL GOVERNMENT DATA
MPLAD-MA-PUN-01136,Laying of piped drinking water distribution network for scheduled caste colony in Khadakwasla,"Administrative sanction under MPLADS for: Laying of piped drinking water distribution network for scheduled caste colony in Khadakwasla. Implemented by District Rural Development Agency for public benefit in Khadakwasla, Pune.",Maharashtra,Pune,Pune (LS-34),Haveli,Khadakwasla,18.535694,73.81446,Murlidhar Mohol,Lok Sabha,Drinking Water Supply,IN_PROGRESS,2024-06-04,2024-12-08,,AGY-DRDA-PUN,District Rural Development Agency,Line Department,1760000,1724800.0,1496000.0,228800.0,85.0,98.1,water_installation,3.2,550000.0,NORMAL,DEMO DATA — NOT OFFICIAL GOVERNMENT DATA
MPLAD-TA-COI-01375,Construction of Multi-Purpose Community Hall and Cultural Center for public gatherings at Annur,"Administrative sanction under MPLADS for: Construction of Multi-Purpose Community Hall and Cultural Center for public gatherings at Annur. Implemented by Gram Panchayat Development Committee for public benefit in Annur, Coimbatore.",Tamil Nadu,Coimbatore,Coimbatore (LS-20),Sulur,Annur,10.975372,76.90268,Ganapathi P. Rajkumar,Lok Sabha,Community Infrastructure,IN_PROGRESS,2025-06-30,2026-02-28,,AGY-PRI-COI,Gram Panchayat Development Committee,Panchayati Raj,8760000,8497200.0,8322000.0,175200.0,95.0,97.2,community_hall,3.1,2825806.45,NORMAL,DEMO DATA — NOT OFFICIAL GOVERNMENT DATA
MPLAD-WE-DAR-01070,Construction of modern cremation shed with solar lighting and water facility at Mirik,"Administrative sanction under MPLADS for: Construction of modern cremation shed with solar lighting and water facility at Mirik. Implemented by Public Works Department (Div-1) for public benefit in Mirik, Darjeeling.",West Bengal,Darjeeling,Darjeeling (LS-04),Kurseong,Mirik,27.062354,88.325463,Raju Bista,Lok Sabha,Community Infrastructure,IN_PROGRESS,2025-09-14,2026-09-05,,AGY-PWD-DAR,Public Works Department (Div-1),Line Department,12470000,11846500.0,11472400.0,374100.0,92.0,77.3,community_hall,3.5,3562857.14,NORMAL,DEMO DATA — NOT OFFICIAL GOVERNMENT DATA
MPLAD-MA-IND-01455,"Installation of rooftop solar photovoltaic system at Model Senior Secondary School, Betma","Administrative sanction under MPLADS for: Installation of rooftop solar photovoltaic system at Model Senior Secondary School, Betma. Implemented by Gram Panchayat Development Committee for public benefit in Betma, Indore.",Madhya Pradesh,Indore,Indore (LS-26),Mhow,Betma,22.789426,75.938621,Shankar Lalwani,Lok Sabha,Education & School Infrastructure,IN_PROGRESS,2024-05-27,2024-11-26,,AGY-PRI-IND,Gram Panchayat Development Committee,Panchayati Raj,1950000,1830661.63,1759714.41,70947.22,90.2,14.7,classroom_block,1.6,1218750.0,HIGH_SPEND_LOW_PROGRESS,DEMO DATA — NOT OFFICIAL GOVERNMENT DATA
MPLAD-KA-BEN-01411,Paving of interlocking paver block street in Magadi Ward 4,"Administrative sanction under MPLADS for: Paving of interlocking paver block street in Magadi Ward 4. Implemented by Shree Balaji Civic Builders for public benefit in Magadi, Bengaluru Rural. (Contains specialized premium design parameters and expedited specifications).",Karnataka,Bengaluru Rural,Bengaluru Rural (LS-23),Devanahalli,Magadi,13.295211,77.583918,C. N. Manjunath,Lok Sabha,Roads & Pathways,IN_PROGRESS,2023-11-10,2024-08-08,,AGY-CONTR-103-BEN,Shree Balaji Civic Builders,Registered Contractor,13960000,12564000.0,10679400.0,1884600.0,76.5,89.6,kilometer,1.4,9971428.57,COST_OUTLIER,DEMO DATA — NOT OFFICIAL GOVERNMENT DATA
MPLAD-MA-IND-01358,Construction of gabion flood protection retaining wall along vulnerable bank in Mhow,"Administrative sanction under MPLADS for: Construction of gabion flood protection retaining wall along vulnerable bank in Mhow. Implemented by District Rural Development Agency for public benefit in Mhow, Indore.",Madhya Pradesh,Indore,Indore (LS-26),Mhow,Mhow,22.737954,75.943115,Shankar Lalwani,Lok Sabha,Irrigation & Flood Control,IN_PROGRESS,2024-02-10,2025-02-04,,AGY-DRDA-IND,District Rural Development Agency,Line Department,3640000,3239600.0,2620800.0,618800.0,72.0,84.7,check_dam,2.1,1733333.33,NORMAL,DEMO DATA — NOT OFFICIAL GOVERNMENT DATA
MPLAD-WE-DAR-01102,Rejuvenation of traditional percolation tank and public drinking well at Sukhiapokhri,"Administrative sanction under MPLADS for: Rejuvenation of traditional percolation tank and public drinking well at Sukhiapokhri. Implemented by Public Works Department (Div-1) for public benefit in Sukhiapokhri, Darjeeling.",West Bengal,Darjeeling,Darjeeling (LS-04),Kurseong,Sukhiapokhri,26.990164,88.232828,Raju Bista,Lok Sabha,Drinking Water Supply,IN_PROGRESS,2025-04-16,2026-02-05,,AGY-PWD-DAR,Public Works Department (Div-1),Line Department,340000,309400.0,268600.0,40800.0,79.0,89.0,water_installation,1.1,309090.91,NORMAL,DEMO DATA — NOT OFFICIAL GOVERNMENT DATA
MPLAD-KA-BEN-01182,Construction of Multi-Purpose Community Hall and Cultural Center for public gatherings at Doddaballapura,"Administrative sanction under MPLADS for: Construction of Multi-Purpose Community Hall and Cultural Center for public gatherings at Doddaballapura. Implemented by Vanguard Infra Projects Pvt Ltd for public benefit in Doddaballapura, Bengaluru Rural.",Karnataka,Bengaluru Rural,Bengaluru Rural (LS-23),Devanahalli,Doddaballapura,13.175917,77.579252,C. N. Manjunath,Lok Sabha,Community Infrastructure,IN_PROGRESS,2024-12-12,2025-08-13,,AGY-CONTR-101-BEN,Vanguard Infra Projects Pvt Ltd,Registered Contractor,9510000,8273700.0,6371700.0,1902000.0,67.0,88.5,community_hall,2.2,4322727.27,NORMAL,DEMO DATA — NOT OFFICIAL GOVERNMENT DATA
MPLAD-MA-IND-01302,Laying of underground irrigation pipeline connecting minor irrigation tank to farmlands at Hatod,"Administrative sanction under MPLADS for: Laying of underground irrigation pipeline connecting minor irrigation tank to farmlands at Hatod. Implemented by Vanguard Infra Projects Pvt Ltd for public benefit in Hatod, Indore.",Madhya Pradesh,Indore,Indore (LS-26),Mhow,Hatod,22.664336,75.939664,Shankar Lalwani,Lok Sabha,Irrigation & Flood Control,IN_PROGRESS,2026-04-06,2027-04-03,,AGY-CONTR-101-IND,Vanguard Infra Projects Pvt Ltd,Registered Contractor,5390000,1509200.0,1293600.0,215600.0,24.0,26.8,check_dam,2.9,1858620.69,NORMAL,DEMO DATA — NOT OFFICIAL GOVERNMENT DATA
MPLAD-KA-BEN-01287,"Construction of modern girls toilet block and sanitation facility at Primary School, Hosakote","Administrative sanction under MPLADS for: Construction of modern girls toilet block and sanitation facility at Primary School, Hosakote. Implemented by Shree Balaji Civic Builders for public benefit in Hosakote, Bengaluru Rural.",Karnataka,Bengaluru Rural,Bengaluru Rural (LS-23),Devanahalli,Hosakote,13.327153,77.488323,C. N. Manjunath,Lok Sabha,Education & School Infrastructure,IN_PROGRESS,2024-02-04,2024-12-06,,AGY-CONTR-103-BEN,Shree Balaji Civic Builders,Registered Contractor,6360000,6296400.0,5342400.0,954000.0,84.0,86.1,classroom_block,3.7,1718918.92,NORMAL,DEMO DATA — NOT OFFICIAL GOVERNMENT DATA
MPLAD-KA-BEN-01215,Development of Rural Sports Playground with boundary wall and athletic track at Doddaballapura,"Administrative sanction under MPLADS for: Development of Rural Sports Playground with boundary wall and athletic track at Doddaballapura. Implemented by Vanguard Infra Projects Pvt Ltd for public benefit in Doddaballapura, Bengaluru Rural.",Karnataka,Bengaluru Rural,Bengaluru Rural (LS-23),Devanahalli,Doddaballapura,13.12736,77.415729,C. N. Manjunath,Lok Sabha,Community Infrastructure,IN_PROGRESS,2026-01-15,2026-10-31,,AGY-CONTR-101-BEN,Vanguard Infra Projects Pvt Ltd,Registered Contractor,15810000,9169800.0,7905000.0,1264800.0,50.0,66.0,community_hall,4.2,3764285.71,NORMAL,DEMO DATA — NOT OFFICIAL GOVERNMENT DATA
MPLAD-RA-JAI-01511,Construction of Multi-Purpose Community Hall and Cultural Center for public gatherings at Amer,"Administrative sanction under MPLADS for: Construction of Multi-Purpose Community Hall and Cultural Center for public gatherings at Amer. Implemented by Zilla Parishad Engineering Cell for public benefit in Amer, Jaipur.",Rajasthan,Jaipur,Jaipur (LS-07),Sanganer,Amer,26.971555,75.902585,Manju Sharma,Lok Sabha,Community Infrastructure,STALLED,2022-12-25,2023-10-21,,AGY-ZP-JAI,Zilla Parishad Engineering Cell,Panchayati Raj,15100000,10570000.0,8984500.0,1585500.0,59.5,36.4,community_hall,3.6,4194444.44,DELAYED_PROJECT,DEMO DATA — NOT OFFICIAL GOVERNMENT DATA
MPLAD-WE-DAR-01011,Development of Rural Sports Playground with boundary wall and athletic track at Kalimpong,"Administrative sanction under MPLADS for: Development of Rural Sports Playground with boundary wall and athletic track at Kalimpong. Implemented by Zilla Parishad Engineering Cell for public benefit in Kalimpong, Darjeeling.",West Bengal,Darjeeling,Darjeeling (LS-04),Kurseong,Kalimpong,27.141655,88.331399,Raju Bista,Lok Sabha,Community Infrastructure,IN_PROGRESS,2024-12-03,2025-08-14,,AGY-ZP-DAR,Zilla Parishad Engineering Cell,Panchayati Raj,4940000,4890600.0,4544800.0,345800.0,92.0,98.3,community_hall,1.3,3800000.0,NORMAL,DEMO DATA — NOT OFFICIAL GOVERNMENT DATA
MPLAD-TA-COI-01159,Construction of Community Sanitary Complex with biological septic filtration in Kinathukadavu,"Administrative sanction under MPLADS for: Construction of Community Sanitary Complex with biological septic filtration in Kinathukadavu. Implemented by Zilla Parishad Engineering Cell for public benefit in Kinathukadavu, Coimbatore.",Tamil Nadu,Coimbatore,Coimbatore (LS-20),Sulur,Kinathukadavu,11.00378,77.039592,Ganapathi P. Rajkumar,Lok Sabha,Health & Sanitation,IN_PROGRESS,2024-08-15,2025-02-26,,AGY-ZP-COI,Zilla Parishad Engineering Cell,Panchayati Raj,5940000,4811400.0,4395600.0,415800.0,74.0,82.9,facility_center,1.7000000000000002,3494117.65,NORMAL,DEMO DATA — NOT OFFICIAL GOVERNMENT DATA
MPLAD-UT-VAR-01304,Construction of Community Sanitary Complex with biological septic filtration in Shivpur,"Administrative sanction under MPLADS for: Construction of Community Sanitary Complex with biological septic filtration in Shivpur. Implemented by Apex Engineering & Construction Syndicate for public benefit in Shivpur, Varanasi.",Uttar Pradesh,Varanasi,Varanasi (LS-77),Rohaniya,Shivpur,25.336696,83.052977,Narendra Modi,Lok Sabha,Health & Sanitation,IN_PROGRESS,2024-06-27,2025-04-28,,AGY-CONTR-102-VAR,Apex Engineering & Construction Syndicate,Registered Contractor,5150000,4532000.0,3862500.0,669500.0,75.0,88.7,facility_center,1.6,3218750.0,NORMAL,DEMO DATA — NOT OFFICIAL GOVERNMENT DATA
MPLAD-BI-PAT-01534,"Paving and laying of cement concrete road with drainage near Panchayat Hall to Village Entry, Bakhtiarpur","Administrative sanction under MPLADS for: Installation of rooftop solar photovoltaic system at Model Senior Secondary School, Danapur. Implemented by Public Works Department (Div-1) for public benefit in Danapur, Patna.",Bihar,Patna,Patna Sahib (LS-30),Bakhtiarpur,Bakhtiarpur,25.665258,85.057725,Ravi Shankar Prasad,Lok Sabha,Roads & Pathways,IN_PROGRESS,2024-07-29,2025-03-09,,AGY-PWD-PAT,Public Works Department (Div-1),Line Department,5330000,2528400.0,2322600.0,205800.0,79.0,82.0,classroom_block,2.0,2665000.0,DUPLICATE_PAIR,DEMO DATA — NOT OFFICIAL GOVERNMENT DATA
MPLAD-MA-PUN-01453,"Establishment of Composite Science and STEM Laboratory at Zilla Parishad High School, Shivajinagar","Administrative sanction under MPLADS for: Establishment of Composite Science and STEM Laboratory at Zilla Parishad High School, Shivajinagar. Implemented by Zilla Parishad Engineering Cell for public benefit in Shivajinagar, Pune.",Maharashtra,Pune,Pune (LS-34),Haveli,Shivajinagar,18.625505,73.783608,Murlidhar Mohol,Lok Sabha,Education & School Infrastructure,IN_PROGRESS,2025-11-30,2026-09-27,,AGY-ZP-PUN,Zilla Parishad Engineering Cell,Panchayati Raj,7380000,6964738.33,6580692.16,384046.17,89.2,6.3,classroom_block,4.9,1506122.45,HIGH_SPEND_LOW_PROGRESS,DEMO DATA — NOT OFFICIAL GOVERNMENT DATA
MPLAD-UT-VAR-01504,Laying of piped drinking water distribution network for scheduled caste colony in Shivpur,"Administrative sanction under MPLADS for: Laying of piped drinking water distribution network for scheduled caste colony in Shivpur. Implemented by Shree Balaji Civic Builders for public benefit in Shivpur, Varanasi.",Uttar Pradesh,Varanasi,Varanasi (LS-77),Rohaniya,Shivpur,25.325963,83.009027,Narendra Modi,Lok Sabha,Drinking Water Supply,STALLED,2022-12-09,2023-10-05,,AGY-CONTR-103-VAR,Shree Balaji Civic Builders,Registered Contractor,1460000,1022000.0,868700.0,153300.0,59.5,28.3,water_installation,4.7,310638.3,DELAYED_PROJECT,DEMO DATA — NOT OFFICIAL GOVERNMENT DATA
MPLAD-WE-DAR-01438,Bituminous macadam surfacing of rural connectivity pathway near Mirik main square,"Administrative sanction under MPLADS for: Bituminous macadam surfacing of rural connectivity pathway near Mirik main square. Implemented by Shree Balaji Civic Builders for public benefit in Mirik, Darjeeling. (Contains specialized premium design parameters and expedited specifications).",West Bengal,Darjeeling,Darjeeling (LS-04),Kurseong,Mirik,27.124342,88.244514,Raju Bista,Lok Sabha,Roads & Pathways,IN_PROGRESS,2025-05-25,2026-04-17,,AGY-CONTR-103-DAR,Shree Balaji Civic Builders,Registered Contractor,29990000,26991000.0,22942350.0,4048650.0,76.5,92.2,kilometer,2.4,12495833.33,COST_OUTLIER,DEMO DATA — NOT OFFICIAL GOVERNMENT DATA
MPLAD-MA-PUN-01226,"Setting up of automated diagnostic lab unit at Community Health Centre, Manchar","Administrative sanction under MPLADS for: Setting up of automated diagnostic lab unit at Community Health Centre, Manchar. Implemented by Public Works Department (Div-1) for public benefit in Manchar, Pune.",Maharashtra,Pune,Pune (LS-34),Haveli,Manchar,18.497887,73.985304,Murlidhar Mohol,Lok Sabha,Health & Sanitation,IN_PROGRESS,2024-10-01,2025-07-18,,AGY-PWD-PUN,Public Works Department (Div-1),Line Department,6100000,5368000.0,4880000.0,488000.0,80.0,82.4,facility_center,2.2,2772727.27,NORMAL,DEMO DATA — NOT OFFICIAL GOVERNMENT DATA
MPLAD-MA-PUN-01307,Laying of underground irrigation pipeline connecting minor irrigation tank to farmlands at Haveli,"Administrative sanction under MPLADS for: Laying of underground irrigation pipeline connecting minor irrigation tank to farmlands at Haveli. Implemented by District Rural Development Agency for public benefit in Haveli, Pune.",Maharashtra,Pune,Pune (LS-34),Haveli,Haveli,18.640951,73.760441,Murlidhar Mohol,Lok Sabha,Irrigation & Flood Control,IN_PROGRESS,2026-04-26,2027-02-11,,AGY-DRDA-PUN,District Rural Development Agency,Line Department,7090000,1914300.0,1701600.0,212700.0,24.0,30.2,check_dam,4.0,1772500.0,NORMAL,DEMO DATA — NOT OFFICIAL GOVERNMENT DATA
MPLAD-KA-BEN-01433,"Construction of modern girls toilet block and sanitation facility at Primary School, Nelamangala","Administrative sanction under MPLADS for: Construction of modern girls toilet block and sanitation facility at Primary School, Nelamangala. Implemented by Vanguard Infra Projects Pvt Ltd for public benefit in Nelamangala, Bengaluru Rural. (Contains specialized premium design parameters and expedited specifications).",Karnataka,Bengaluru Rural,Bengaluru Rural (LS-23),Devanahalli,Nelamangala,13.312509,77.599592,C. N. Manjunath,Lok Sabha,Education & School Infrastructure,IN_PROGRESS,2025-10-23,2026-04-21,,AGY-CONTR-101-BEN,Vanguard Infra Projects Pvt Ltd,Registered Contractor,14030000,12627000.0,10732950.0,1894050.0,76.5,91.0,classroom_block,3.2,4384375.0,COST_OUTLIER,DEMO DATA — NOT OFFICIAL GOVERNMENT DATA
MPLAD-MA-PUN-01544,Construction of Check Dam across local seasonal stream for groundwater recharge at Baramati,"Administrative sanction under MPLADS for: Construction of Check Dam across local seasonal stream for groundwater recharge at Baramati. Implemented by Vanguard Infra Projects Pvt Ltd for public benefit in Baramati, Pune.",Maharashtra,Pune,Pune (LS-34),Haveli,Baramati,18.453488,73.95379,Murlidhar Mohol,Lok Sabha,Irrigation & Flood Control,IN_PROGRESS,2024-12-11,2025-07-26,,AGY-CONTR-101-PUN,Vanguard Infra Projects Pvt Ltd,Registered Contractor,6240000,6052800.0,4555200.0,1497600.0,73.0,98.7,check_dam,3.5,1782857.14,AGENCY_MONOPOLY,DEMO DATA — NOT OFFICIAL GOVERNMENT DATA
MPLAD-MA-PUN-01550,Upgradation of link road and culvert bridging at Manchar,"Administrative sanction under MPLADS for: Upgradation of link road and culvert bridging at Manchar. Implemented by Vanguard Infra Projects Pvt Ltd for public benefit in Manchar, Pune.",Maharashtra,Pune,Pune (LS-34),Haveli,Manchar,18.625741,73.940758,Murlidhar Mohol,Lok Sabha,Roads & Pathways,IN_PROGRESS,2025-04-06,2026-01-13,,AGY-CONTR-101-PUN,Vanguard Infra Projects Pvt Ltd,Registered Contractor,3900000,3549000.0,3081000.0,468000.0,79.0,90.1,kilometer,1.3,3000000.0,AGENCY_MONOPOLY,DEMO DATA — NOT OFFICIAL GOVERNMENT DATA
MPLAD-KA-BEN-01203,"Construction of 2 additional smart classroom blocks at Government Higher Secondary School, Devanahalli","Administrative sanction under MPLADS for: Construction of 2 additional smart classroom blocks at Government Higher Secondary School, Devanahalli. Implemented by Public Works Department (Div-1) for public benefit in Devanahalli, Bengaluru Rural.",Karnataka,Bengaluru Rural,Bengaluru Rural (LS-23),Devanahalli,Devanahalli,13.344111,77.406872,C. N. Manjunath,Lok Sabha,Education & School Infrastructure,IN_PROGRESS,2024-06-11,2025-02-05,,AGY-PWD-BEN,Public Works Department (Div-1),Line Department,4080000,3304800.0,2570400.0,734400.0,63.0,91.7,classroom_block,2.4,1700000.0,NORMAL,DEMO DATA — NOT OFFICIAL GOVERNMENT DATA
MPLAD-MA-PUN-01476,Construction of Cement Concrete (CC) Road with side drains from Khadakwasla to Shirur,"Administrative sanction under MPLADS for: Construction of Cement Concrete (CC) Road with side drains from Khadakwasla to Shirur. Implemented by Zilla Parishad Engineering Cell for public benefit in Khadakwasla, Pune.",Maharashtra,Pune,Pune (LS-34),Haveli,Khadakwasla,18.467076,73.796444,Murlidhar Mohol,Lok Sabha,Roads & Pathways,IN_PROGRESS,2025-05-16,2026-02-16,,AGY-ZP-PUN,Zilla Parishad Engineering Cell,Panchayati Raj,12150000,10937177.9,10766040.74,171137.16,88.6,18.3,kilometer,4.9,2479591.84,HIGH_SPEND_LOW_PROGRESS,DEMO DATA — NOT OFFICIAL GOVERNMENT DATA
MPLAD-KA-BEN-01036,"Construction of modern girls toilet block and sanitation facility at Primary School, Doddaballapura","Administrative sanction under MPLADS for: Construction of modern girls toilet block and sanitation facility at Primary School, Doddaballapura. Implemented by Vanguard Infra Projects Pvt Ltd for public benefit in Doddaballapura, Bengaluru Rural.",Karnataka,Bengaluru Rural,Bengaluru Rural (LS-23),Devanahalli,Doddaballapura,13.166614,77.660035,C. N. Manjunath,Lok Sabha,Education & School Infrastructure,IN_PROGRESS,2025-08-07,2026-03-12,,AGY-CONTR-101-BEN,Vanguard Infra Projects Pvt Ltd,Registered Contractor,4210000,3662700.0,2862800.0,799900.0,68.0,95.4,classroom_block,3.2,1315625.0,NORMAL,DEMO DATA — NOT OFFICIAL GOVERNMENT DATA
MPLAD-UT-VAR-01280,Construction of Community Sanitary Complex with biological septic filtration in Sewapuri,"Administrative sanction under MPLADS for: Construction of Community Sanitary Complex with biological septic filtration in Sewapuri. Implemented by State Rural Water Supply & Sanitation Board for public benefit in Sewapuri, Varanasi.",Uttar Pradesh,Varanasi,Varanasi (LS-77),Rohaniya,Sewapuri,25.270805,83.024835,Narendra Modi,Lok Sabha,Health & Sanitation,IN_PROGRESS,2024-03-08,2024-09-10,,AGY-JAL-VAR,State Rural Water Supply & Sanitation Board,Line Department,5570000,5291500.0,5013000.0,278500.0,90.0,88.8,facility_center,1.8,3094444.44,NORMAL,DEMO DATA — NOT OFFICIAL GOVERNMENT DATA
MPLAD-TA-COI-01338,Setting up of Community RO Water Purification Plant with distribution kiosk at Sulur,"Administrative sanction under MPLADS for: Setting up of Community RO Water Purification Plant with distribution kiosk at Sulur. Implemented by District Rural Development Agency for public benefit in Sulur, Coimbatore.",Tamil Nadu,Coimbatore,Coimbatore (LS-20),Sulur,Sulur,11.044299,76.916952,Ganapathi P. Rajkumar,Lok Sabha,Drinking Water Supply,IN_PROGRESS,2025-02-20,2025-09-19,,AGY-DRDA-COI,District Rural Development Agency,Line Department,1070000,973700.0,845300.0,128400.0,79.0,95.4,water_installation,2.5,428000.0,NORMAL,DEMO DATA — NOT OFFICIAL GOVERNMENT DATA
MPLAD-MA-IND-01196,Creation of Farmer Training & Seed Storage Facility near agricultural marketing yard at Sanwer,"Administrative sanction under MPLADS for: Creation of Farmer Training & Seed Storage Facility near agricultural marketing yard at Sanwer. Implemented by Shree Balaji Civic Builders for public benefit in Sanwer, Indore.",Madhya Pradesh,Indore,Indore (LS-26),Mhow,Sanwer,22.664678,75.948093,Shankar Lalwani,Lok Sabha,Community Infrastructure,IN_PROGRESS,2024-03-31,2024-11-14,,AGY-CONTR-103-IND,Shree Balaji Civic Builders,Registered Contractor,6560000,5969600.0,4657600.0,1312000.0,71.0,99.3,community_hall,1.8,3644444.44,NORMAL,DEMO DATA — NOT OFFICIAL GOVERNMENT DATA
MPLAD-BI-PAT-01389,"Construction of 2 additional smart classroom blocks at Government Higher Secondary School, Danapur","Administrative sanction under MPLADS for: Construction of 2 additional smart classroom blocks at Government Higher Secondary School, Danapur. Implemented by Municipal Corporation Public Infrastructure Cell for public benefit in Danapur, Patna.",Bihar,Patna,Patna Sahib (LS-30),Bakhtiarpur,Danapur,25.650984,85.079756,Ravi Shankar Prasad,Lok Sabha,Education & School Infrastructure,IN_PROGRESS,2025-02-25,2026-01-06,,AGY-MUNC-PAT,Municipal Corporation Public Infrastructure Cell,Municipal Corporation,7910000,7672700.0,6328000.0,1344700.0,80.0,82.4,classroom_block,4.8,1647916.67,NORMAL,DEMO DATA — NOT OFFICIAL GOVERNMENT DATA
MPLAD-MA-IND-01451,Construction of Community Sanitary Complex with biological septic filtration in Sanwer,"Administrative sanction under MPLADS for: Construction of Community Sanitary Complex with biological septic filtration in Sanwer. Implemented by Apex Engineering & Construction Syndicate for public benefit in Sanwer, Indore.",Madhya Pradesh,Indore,Indore (LS-26),Mhow,Sanwer,22.691987,75.80961,Shankar Lalwani,Lok Sabha,Health & Sanitation,IN_PROGRESS,2024-10-02,2025-06-22,,AGY-CONTR-102-IND,Apex Engineering & Construction Syndicate,Registered Contractor,12850000,11884801.95,11138995.01,745806.94,86.7,17.1,facility_center,4.9,2622448.98,HIGH_SPEND_LOW_PROGRESS,DEMO DATA — NOT OFFICIAL GOVERNMENT DATA
MPLAD-WE-DAR-01536,"Paving and laying of cement concrete road with drainage near Panchayat Hall to Village Entry, Siliguri","Administrative sanction under MPLADS for: Upgradation of link road and culvert bridging at Kurseong. Implemented by Public Works Department (Div-1) for public benefit in Kurseong, Darjeeling.",West Bengal,Darjeeling,Darjeeling (LS-04),Kurseong,Siliguri,26.976668,88.272649,Raju Bista,Lok Sabha,Roads & Pathways,IN_PROGRESS,2025-02-04,2025-08-20,,AGY-PWD-DAR,Public Works Department (Div-1),Line Department,5900000,3854400.0,3241200.0,613200.0,74.0,93.7,kilometer,1.4,2950000.0,DUPLICATE_PAIR,DEMO DATA — NOT OFFICIAL GOVERNMENT DATA
MPLAD-TA-COI-01265,Construction of modern cremation shed with solar lighting and water facility at Mettupalayam,"Administrative sanction under MPLADS for: Construction of modern cremation shed with solar lighting and water facility at Mettupalayam. Implemented by Vanguard Infra Projects Pvt Ltd for public benefit in Mettupalayam, Coimbatore.",Tamil Nadu,Coimbatore,Coimbatore (LS-20),Sulur,Mettupalayam,11.002383,77.024976,Ganapathi P. Rajkumar,Lok Sabha,Community Infrastructure,IN_PROGRESS,2023-12-02,2024-07-19,,AGY-CONTR-101-COI,Vanguard Infra Projects Pvt Ltd,Registered Contractor,15890000,15254400.0,14301000.0,953400.0,90.0,84.0,community_hall,4.0,3972500.0,NORMAL,DEMO DATA — NOT OFFICIAL GOVERNMENT DATA
MPLAD-BI-PAT-01168,Setting up of Community RO Water Purification Plant with distribution kiosk at Fatuha,"Administrative sanction under MPLADS for: Setting up of Community RO Water Purification Plant with distribution kiosk at Fatuha. Implemented by Municipal Corporation Public Infrastructure Cell for public benefit in Fatuha, Patna.",Bihar,Patna,Patna Sahib (LS-30),Bakhtiarpur,Fatuha,25.604757,85.160301,Ravi Shankar Prasad,Lok Sabha,Drinking Water Supply,IN_PROGRESS,2026-04-22,2026-12-26,,AGY-MUNC-PAT,Municipal Corporation Public Infrastructure Cell,Municipal Corporation,560000,246400.0,190400.0,56000.0,34.0,33.9,water_installation,1.8,311111.11,NORMAL,DEMO DATA — NOT OFFICIAL GOVERNMENT DATA
MPLAD-WE-DAR-01349,"Construction of 2 additional smart classroom blocks at Government Higher Secondary School, Kurseong","Administrative sanction under MPLADS for: Construction of 2 additional smart classroom blocks at Government Higher Secondary School, Kurseong. Implemented by Zilla Parishad Engineering Cell for public benefit in Kurseong, Darjeeling.",West Bengal,Darjeeling,Darjeeling (LS-04),Kurseong,Kurseong,27.116007,88.295027,Raju Bista,Lok Sabha,Education & School Infrastructure,IN_PROGRESS,2024-04-02,2025-01-13,,AGY-ZP-DAR,Zilla Parishad Engineering Cell,Panchayati Raj,3030000,2575500.0,1999800.0,575700.0,66.0,95.0,classroom_block,1.9,1594736.84,NORMAL,DEMO DATA — NOT OFFICIAL GOVERNMENT DATA
MPLAD-BI-PAT-01515,Development of Rural Sports Playground with boundary wall and athletic track at Maner,"Administrative sanction under MPLADS for: Development of Rural Sports Playground with boundary wall and athletic track at Maner. Implemented by Gram Panchayat Development Committee for public benefit in Maner, Patna.",Bihar,Patna,Patna Sahib (LS-30),Bakhtiarpur,Maner,25.63516,85.186673,Ravi Shankar Prasad,Lok Sabha,Community Infrastructure,STALLED,2022-09-18,2023-07-15,,AGY-PRI-PAT,Gram Panchayat Development Committee,Panchayati Raj,10160000,7112000.0,6045200.0,1066800.0,59.5,43.3,community_hall,2.6,3907692.31,DELAYED_PROJECT,DEMO DATA — NOT OFFICIAL GOVERNMENT DATA
MPLAD-BI-PAT-01098,Construction of gabion flood protection retaining wall along vulnerable bank in Bakhtiarpur,"Administrative sanction under MPLADS for: Construction of gabion flood protection retaining wall along vulnerable bank in Bakhtiarpur. Implemented by District Rural Development Agency for public benefit in Bakhtiarpur, Patna.",Bihar,Patna,Patna Sahib (LS-30),Bakhtiarpur,Bakhtiarpur,25.593698,85.211889,Ravi Shankar Prasad,Lok Sabha,Irrigation & Flood Control,IN_PROGRESS,2024-03-15,2024-12-19,,AGY-DRDA-PAT,District Rural Development Agency,Line Department,9490000,9015500.0,7592000.0,1423500.0,80.0,82.4,check_dam,4.6,2063043.48,NORMAL,DEMO DATA — NOT OFFICIAL GOVERNMENT DATA
MPLAD-UT-VAR-01429,Upgradation and modernization of Primary Health Sub-Centre with emergency maternity unit at Rohaniya,"Administrative sanction under MPLADS for: Upgradation and modernization of Primary Health Sub-Centre with emergency maternity unit at Rohaniya. Implemented by Vanguard Infra Projects Pvt Ltd for public benefit in Rohaniya, Varanasi. (Contains specialized premium design parameters and expedited specifications).",Uttar Pradesh,Varanasi,Varanasi (LS-77),Rohaniya,Rohaniya,25.373212,83.05719,Narendra Modi,Lok Sabha,Health & Sanitation,IN_PROGRESS,2026-02-25,2026-10-22,,AGY-CONTR-101-VAR,Vanguard Infra Projects Pvt Ltd,Registered Contractor,52610000,47349000.0,40246650.0,7102350.0,76.5,57.2,facility_center,4.8,10960416.67,COST_OUTLIER,DEMO DATA — NOT OFFICIAL GOVERNMENT DATA
MPLAD-TA-COI-01162,"Establishment of Composite Science and STEM Laboratory at Zilla Parishad High School, Kinathukadavu","Administrative sanction under MPLADS for: Establishment of Composite Science and STEM Laboratory at Zilla Parishad High School, Kinathukadavu. Implemented by Municipal Corporation Public Infrastructure Cell for public benefit in Kinathukadavu, Coimbatore.",Tamil Nadu,Coimbatore,Coimbatore (LS-20),Sulur,Kinathukadavu,10.982982,76.975391,Ganapathi P. Rajkumar,Lok Sabha,Education & School Infrastructure,IN_PROGRESS,2025-08-03,2026-03-24,,AGY-MUNC-COI,Municipal Corporation Public Infrastructure Cell,Municipal Corporation,1890000,1833300.0,1625400.0,207900.0,86.0,95.7,classroom_block,1.0,1890000.0,NORMAL,DEMO DATA — NOT OFFICIAL GOVERNMENT DATA
MPLAD-BI-PAT-01210,Construction of gabion flood protection retaining wall along vulnerable bank in Phulwari,"Administrative sanction under MPLADS for: Construction of gabion flood protection retaining wall along vulnerable bank in Phulwari. Implemented by Vanguard Infra Projects Pvt Ltd for public benefit in Phulwari, Patna.",Bihar,Patna,Patna Sahib (LS-30),Bakhtiarpur,Phulwari,25.624577,85.121903,Ravi Shankar Prasad,Lok Sabha,Irrigation & Flood Control,IN_PROGRESS,2026-01-22,2026-11-15,,AGY-CONTR-101-PAT,Vanguard Infra Projects Pvt Ltd,Registered Contractor,6490000,3764200.0,2920500.0,843700.0,45.0,60.7,check_dam,3.3,1966666.67,NORMAL,DEMO DATA — NOT OFFICIAL GOVERNMENT DATA
MPLAD-TA-COI-01297,Paving of interlocking paver block street in Sulur Ward 4,"Administrative sanction under MPLADS for: Paving of interlocking paver block street in Sulur Ward 4. Implemented by District Rural Development Agency for public benefit in Sulur, Coimbatore.",Tamil Nadu,Coimbatore,Coimbatore (LS-20),Sulur,Sulur,10.977705,77.010051,Ganapathi P. Rajkumar,Lok Sabha,Roads & Pathways,IN_PROGRESS,2025-08-22,2026-05-01,,AGY-DRDA-COI,District Rural Development Agency,Line Department,4390000,3687600.0,3160800.0,526800.0,72.0,83.1,kilometer,2.3,1908695.65,NORMAL,DEMO DATA — NOT OFFICIAL GOVERNMENT DATA
MPLAD-MA-PUN-01386,Paving of interlocking paver block street in Manchar Ward 4,"Administrative sanction under MPLADS for: Paving of interlocking paver block street in Manchar Ward 4. Implemented by Apex Engineering & Construction Syndicate for public benefit in Manchar, Pune.",Maharashtra,Pune,Pune (LS-34),Haveli,Manchar,18.508055,73.946796,Murlidhar Mohol,Lok Sabha,Roads & Pathways,IN_PROGRESS,2026-01-04,2026-11-14,,AGY-CONTR-102-PUN,Apex Engineering & Construction Syndicate,Registered Contractor,3480000,1948800.0,1705200.0,243600.0,49.0,62.1,kilometer,1.9,1831578.95,NORMAL,DEMO DATA — NOT OFFICIAL GOVERNMENT DATA
MPLAD-BI-PAT-01437,Creation of Farmer Training & Seed Storage Facility near agricultural marketing yard at Barh,"Administrative sanction under MPLADS for: Creation of Farmer Training & Seed Storage Facility near agricultural marketing yard at Barh. Implemented by Municipal Corporation Public Infrastructure Cell for public benefit in Barh, Patna. (Contains specialized premium design parameters and expedited specifications).",Bihar,Patna,Patna Sahib (LS-30),Bakhtiarpur,Barh,25.605828,85.206516,Ravi Shankar Prasad,Lok Sabha,Community Infrastructure,IN_PROGRESS,2025-06-15,2026-05-29,,AGY-MUNC-PAT,Municipal Corporation Public Infrastructure Cell,Municipal Corporation,27490000,24741000.0,21029850.0,3711150.0,76.5,92.5,community_hall,2.0,13745000.0,COST_OUTLIER,DEMO DATA — NOT OFFICIAL GOVERNMENT DATA
MPLAD-TA-COI-01422,Laying of piped drinking water distribution network for scheduled caste colony in Mettupalayam,"Administrative sanction under MPLADS for: Laying of piped drinking water distribution network for scheduled caste colony in Mettupalayam. Implemented by Zilla Parishad Engineering Cell for public benefit in Mettupalayam, Coimbatore. (Contains specialized premium design parameters and expedited specifications).",Tamil Nadu,Coimbatore,Coimbatore (LS-20),Sulur,Mettupalayam,11.011838,76.978888,Ganapathi P. Rajkumar,Lok Sabha,Drinking Water Supply,IN_PROGRESS,2025-10-01,2026-07-10,,AGY-ZP-COI,Zilla Parishad Engineering Cell,Panchayati Raj,6030000,5427000.0,4612950.0,814050.0,76.5,88.4,water_installation,4.3,1402325.58,COST_OUTLIER,DEMO DATA — NOT OFFICIAL GOVERNMENT DATA
MPLAD-MA-PUN-01430,Construction of Cement Concrete (CC) Road with side drains from Manchar to Haveli,"Administrative sanction under MPLADS for: Construction of Cement Concrete (CC) Road with side drains from Manchar to Haveli. Implemented by Vanguard Infra Projects Pvt Ltd for public benefit in Manchar, Pune. (Contains specialized premium design parameters and expedited specifications).",Maharashtra,Pune,Pune (LS-34),Haveli,Manchar,18.492519,73.796764,Murlidhar Mohol,Lok Sabha,Roads & Pathways,IN_PROGRESS,2024-07-21,2025-04-02,,AGY-CONTR-101-PUN,Vanguard Infra Projects Pvt Ltd,Registered Contractor,25010000,22509000.0,19132650.0,3376350.0,76.5,85.9,kilometer,3.3,7578787.88,COST_OUTLIER,DEMO DATA — NOT OFFICIAL GOVERNMENT DATA
MPLAD-KA-BEN-01444,Construction of Community Sanitary Complex with biological septic filtration in Devanahalli,"Administrative sanction under MPLADS for: Construction of Community Sanitary Complex with biological septic filtration in Devanahalli. Implemented by Vanguard Infra Projects Pvt Ltd for public benefit in Devanahalli, Bengaluru Rural. (Contains specialized premium design parameters and expedited specifications).",Karnataka,Bengaluru Rural,Bengaluru Rural (LS-23),Devanahalli,Devanahalli,13.270219,77.654712,C. N. Manjunath,Lok Sabha,Health & Sanitation,IN_PROGRESS,2025-01-18,2025-08-26,,AGY-CONTR-101-BEN,Vanguard Infra Projects Pvt Ltd,Registered Contractor,12690000,11421000.0,9707850.0,1713150.0,76.5,91.3,facility_center,1.4,9064285.71,COST_OUTLIER,DEMO DATA — NOT OFFICIAL GOVERNMENT DATA
MPLAD-RA-JAI-01518,"Paving and laying of cement concrete road with drainage near Panchayat Hall to Village Entry, Sanganer","Administrative sanction under MPLADS for: Construction of Check Dam across local seasonal stream for groundwater recharge at Jhotwara. Implemented by Vanguard Infra Projects Pvt Ltd for public benefit in Jhotwara, Jaipur.",Rajasthan,Jaipur,Jaipur (LS-07),Sanganer,Sanganer,26.868898,75.856498,Manju Sharma,Lok Sabha,Roads & Pathways,IN_PROGRESS,2024-05-04,2025-02-04,,AGY-CONTR-101-JAI,Vanguard Infra Projects Pvt Ltd,Registered Contractor,4880000,8128200.0,6992000.0,1136200.0,80.0,93.3,check_dam,4.6,2440000.0,DUPLICATE_PAIR,DEMO DATA — NOT OFFICIAL GOVERNMENT DATA
MPLAD-WE-DAR-01481,Procurement of Basic Life Support Mobile Ambulance van for community health services in Darjeeling,"Administrative sanction under MPLADS for: Procurement of Basic Life Support Mobile Ambulance van for community health services in Darjeeling. Implemented by Public Works Department (Div-1) for public benefit in Kalimpong, Darjeeling.",West Bengal,Darjeeling,Darjeeling (LS-04),Kurseong,Kalimpong,27.049895,88.294485,Raju Bista,Lok Sabha,Health & Sanitation,STALLED,2023-01-04,2023-10-31,,AGY-PWD-DAR,Public Works Department (Div-1),Line Department,5980000,4186000.0,3558100.0,627900.0,59.5,44.2,facility_center,1.9,3147368.42,DELAYED_PROJECT,DEMO DATA — NOT OFFICIAL GOVERNMENT DATA
MPLAD-BI-PAT-01266,"Setting up of automated diagnostic lab unit at Community Health Centre, Phulwari","Administrative sanction under MPLADS for: Setting up of automated diagnostic lab unit at Community Health Centre, Phulwari. Implemented by Zilla Parishad Engineering Cell for public benefit in Phulwari, Patna.",Bihar,Patna,Patna Sahib (LS-30),Bakhtiarpur,Phulwari,25.572204,85.071288,Ravi Shankar Prasad,Lok Sabha,Health & Sanitation,IN_PROGRESS,2025-06-16,2026-02-27,,AGY-ZP-PAT,Zilla Parishad Engineering Cell,Panchayati Raj,8580000,7035600.0,6520800.0,514800.0,76.0,92.8,facility_center,2.9,2958620.69,NORMAL,DEMO DATA — NOT OFFICIAL GOVERNMENT DATA
MPLAD-MA-PUN-01147,Construction of modern cremation shed with solar lighting and water facility at Manchar,"Administrative sanction under MPLADS for: Construction of modern cremation shed with solar lighting and water facility at Manchar. Implemented by Zilla Parishad Engineering Cell for public benefit in Manchar, Pune.",Maharashtra,Pune,Pune (LS-34),Haveli,Manchar,18.475664,73.996064,Murlidhar Mohol,Lok Sabha,Community Infrastructure,IN_PROGRESS,2024-01-13,2024-11-29,,AGY-ZP-PUN,Zilla Parishad Engineering Cell,Panchayati Raj,3170000,2757900.0,2472600.0,285300.0,78.0,95.3,community_hall,1.1,2881818.18,NORMAL,DEMO DATA — NOT OFFICIAL GOVERNMENT DATA
MPLAD-TA-COI-01538,"Paving and laying of cement concrete road with drainage near Panchayat Hall to Village Entry, Annur","Administrative sanction under MPLADS for: Bituminous macadam surfacing of rural connectivity pathway near Mettupalayam main square. Implemented by Apex Engineering & Construction Syndicate for public benefit in Mettupalayam, Coimbatore.",Tamil Nadu,Coimbatore,Coimbatore (LS-20),Sulur,Annur,11.096207,76.971385,Ganapathi P. Rajkumar,Lok Sabha,Roads & Pathways,IN_PROGRESS,2025-12-15,2026-06-08,,AGY-CONTR-102-COI,Apex Engineering & Construction Syndicate,Registered Contractor,4270000,11203500.0,9471000.0,1732500.0,82.0,96.0,kilometer,4.0,2135000.0,DUPLICATE_PAIR,DEMO DATA — NOT OFFICIAL GOVERNMENT DATA
MPLAD-KA-BEN-01283,"Construction of modern girls toilet block and sanitation facility at Primary School, Doddaballapura","Administrative sanction under MPLADS for: Construction of modern girls toilet block and sanitation facility at Primary School, Doddaballapura. Implemented by Municipal Corporation Public Infrastructure Cell for public benefit in Doddaballapura, Bengaluru Rural.",Karnataka,Bengaluru Rural,Bengaluru Rural (LS-23),Devanahalli,Doddaballapura,13.157993,77.46167,C. N. Manjunath,Lok Sabha,Education & School Infrastructure,IN_PROGRESS,2023-12-14,2024-08-17,,AGY-MUNC-BEN,Municipal Corporation Public Infrastructure Cell,Municipal Corporation,1210000,1040600.0,980100.0,60500.0,81.0,98.3,classroom_block,1.1,1100000.0,NORMAL,DEMO DATA — NOT OFFICIAL GOVERNMENT DATA
MPLAD-MA-PUN-01600,"Establishment of Composite Science and STEM Laboratory at Zilla Parishad High School, Manchar","Administrative sanction under MPLADS for: Establishment of Composite Science and STEM Laboratory at Zilla Parishad High School, Manchar. Implemented by Municipal Corporation Public Infrastructure Cell for public benefit in Manchar, Pune.",Maharashtra,Pune,Pune (LS-34),Haveli,Manchar,,,Murlidhar Mohol,Lok Sabha,Education & School Infrastructure,IN_PROGRESS,2025-10-12,2026-10-03,,AGY-MUNC-PUN,Municipal Corporation Public Infrastructure Cell,Municipal Corporation,6640000,5976000.0,4913600.0,1062400.0,74.0,80.2,classroom_block,4.9,1355102.04,DATA_MISSING,DEMO DATA — NOT OFFICIAL GOVERNMENT DATA
MPLAD-BI-PAT-01583,Laying of piped drinking water distribution network for scheduled caste colony in Danapur,"Administrative sanction under MPLADS for: Laying of piped drinking water distribution network for scheduled caste colony in Danapur. Implemented by Gram Panchayat Development Committee for public benefit in Danapur, Patna.",Bihar,Patna,Patna Sahib (LS-30),Bakhtiarpur,Danapur,25.629148999999998,85.084408,Ravi Shankar Prasad,Lok Sabha,Drinking Water Supply,IN_PROGRESS,2024-11-01,2025-10-11,,AGY-PRI-PAT,Gram Panchayat Development Committee,Panchayati Raj,2120000,2098800.0,1717200.0,381600.0,81.0,,water_installation,3.6,588888.89,DATA_MISSING,DEMO DATA — NOT OFFICIAL GOVERNMENT DATA
MPLAD-UT-VAR-01184,Procurement of Basic Life Support Mobile Ambulance van for community health services in Varanasi,"Administrative sanction under MPLADS for: Procurement of Basic Life Support Mobile Ambulance van for community health services in Varanasi. Implemented by State Rural Water Supply & Sanitation Board for public benefit in Kashi, Varanasi.",Uttar Pradesh,Varanasi,Varanasi (LS-77),Rohaniya,Kashi,25.393773,83.019566,Narendra Modi,Lok Sabha,Health & Sanitation,IN_PROGRESS,2024-09-22,2025-07-23,,AGY-JAL-VAR,State Rural Water Supply & Sanitation Board,Line Department,11950000,10516000.0,10157500.0,358500.0,85.0,82.7,facility_center,3.8,3144736.84,NORMAL,DEMO DATA — NOT OFFICIAL GOVERNMENT DATA
MPLAD-MA-PUN-01541,Upgradation and modernization of Primary Health Sub-Centre with emergency maternity unit at Haveli,"Administrative sanction under MPLADS for: Upgradation and modernization of Primary Health Sub-Centre with emergency maternity unit at Haveli. Implemented by Vanguard Infra Projects Pvt Ltd for public benefit in Haveli, Pune.",Maharashtra,Pune,Pune (LS-34),Haveli,Haveli,18.489423,73.824302,Murlidhar Mohol,Lok Sabha,Health & Sanitation,IN_PROGRESS,2026-01-06,2026-12-27,,AGY-CONTR-101-PUN,Vanguard Infra Projects Pvt Ltd,Registered Contractor,11500000,7475000.0,6670000.0,805000.0,58.0,52.0,facility_center,3.8,3026315.79,AGENCY_MONOPOLY,DEMO DATA — NOT OFFICIAL GOVERNMENT DATA
MPLAD-RA-JAI-01298,Laying of piped drinking water distribution network for scheduled caste colony in Amer,"Administrative sanction under MPLADS for: Laying of piped drinking water distribution network for scheduled caste colony in Amer. Implemented by Public Works Department (Div-1) for public benefit in Amer, Jaipur.",Rajasthan,Jaipur,Jaipur (LS-07),Sanganer,Amer,26.994254,75.711868,Manju Sharma,Lok Sabha,Drinking Water Supply,IN_PROGRESS,2023-12-10,2024-09-30,,AGY-PWD-JAI,Public Works Department (Div-1),Line Department,1310000,1113500.0,943200.0,170300.0,72.0,94.2,water_installation,4.3,304651.16,NORMAL,DEMO DATA — NOT OFFICIAL GOVERNMENT DATA
MPLAD-BI-PAT-01303,Construction of gabion flood protection retaining wall along vulnerable bank in Fatuha,"Administrative sanction under MPLADS for: Construction of gabion flood protection retaining wall along vulnerable bank in Fatuha. Implemented by State Rural Water Supply & Sanitation Board for public benefit in Fatuha, Patna.",Bihar,Patna,Patna Sahib (LS-30),Bakhtiarpur,Fatuha,25.582867,85.090824,Ravi Shankar Prasad,Lok Sabha,Irrigation & Flood Control,IN_PROGRESS,2026-03-31,2027-03-16,,AGY-JAL-PAT,State Rural Water Supply & Sanitation Board,Line Department,6490000,2336400.0,1752300.0,584100.0,27.0,31.5,check_dam,3.2,2028125.0,NORMAL,DEMO DATA — NOT OFFICIAL GOVERNMENT DATA
MPLAD-UT-VAR-01311,"Establishment of Composite Science and STEM Laboratory at Zilla Parishad High School, Pindra","Administrative sanction under MPLADS for: Establishment of Composite Science and STEM Laboratory at Zilla Parishad High School, Pindra. Implemented by Municipal Corporation Public Infrastructure Cell for public benefit in Pindra, Varanasi.",Uttar Pradesh,Varanasi,Varanasi (LS-77),Rohaniya,Pindra,25.37887,82.975521,Narendra Modi,Lok Sabha,Education & School Infrastructure,IN_PROGRESS,2024-04-21,2025-03-22,,AGY-MUNC-VAR,Municipal Corporation Public Infrastructure Cell,Municipal Corporation,2730000,2320500.0,2020200.0,300300.0,74.0,89.8,classroom_block,2.0,1365000.0,NORMAL,DEMO DATA — NOT OFFICIAL GOVERNMENT DATA
MPLAD-MA-IND-01205,"Installation of rooftop solar photovoltaic system at Model Senior Secondary School, Hatod","Administrative sanction under MPLADS for: Installation of rooftop solar photovoltaic system at Model Senior Secondary School, Hatod. Implemented by Zilla Parishad Engineering Cell for public benefit in Hatod, Indore.",Madhya Pradesh,Indore,Indore (LS-26),Mhow,Hatod,22.65349,75.834595,Shankar Lalwani,Lok Sabha,Education & School Infrastructure,IN_PROGRESS,2025-04-06,2025-12-26,,AGY-ZP-IND,Zilla Parishad Engineering Cell,Panchayati Raj,4680000,4446000.0,3416400.0,1029600.0,73.0,82.2,classroom_block,2.5,1872000.0,NORMAL,DEMO DATA — NOT OFFICIAL GOVERNMENT DATA
MPLAD-UT-VAR-01501,Desilting and embankment strengthening of drainage canal serving agricultural fields in Kashi,"Administrative sanction under MPLADS for: Desilting and embankment strengthening of drainage canal serving agricultural fields in Kashi. Implemented by Vanguard Infra Projects Pvt Ltd for public benefit in Kashi, Varanasi.",Uttar Pradesh,Varanasi,Varanasi (LS-77),Rohaniya,Kashi,25.337623,82.919439,Narendra Modi,Lok Sabha,Irrigation & Flood Control,STALLED,2023-01-05,2023-11-01,,AGY-CONTR-101-VAR,Vanguard Infra Projects Pvt Ltd,Registered Contractor,3040000,2128000.0,1808800.0,319200.0,59.5,39.2,check_dam,1.5,2026666.67,DELAYED_PROJECT,DEMO DATA — NOT OFFICIAL GOVERNMENT DATA
MPLAD-MA-PUN-01556,Construction of Community Sanitary Complex with biological septic filtration in Shivajinagar,"Administrative sanction under MPLADS for: Construction of Community Sanitary Complex with biological septic filtration in Shivajinagar. Implemented by Vanguard Infra Projects Pvt Ltd for public benefit in Shivajinagar, Pune.",Maharashtra,Pune,Pune (LS-34),Haveli,Shivajinagar,18.53157,73.997287,Murlidhar Mohol,Lok Sabha,Health & Sanitation,IN_PROGRESS,2023-11-12,2024-07-10,,AGY-CONTR-101-PUN,Vanguard Infra Projects Pvt Ltd,Registered Contractor,3120000,2964000.0,2776800.0,187200.0,89.0,82.9,facility_center,1.2,2600000.0,AGENCY_MONOPOLY,DEMO DATA — NOT OFFICIAL GOVERNMENT DATA
MPLAD-MA-PUN-01562,Construction of modern cremation shed with solar lighting and water facility at Shirur,"Administrative sanction under MPLADS for: Construction of modern cremation shed with solar lighting and water facility at Shirur. Implemented by Vanguard Infra Projects Pvt Ltd for public benefit in Shirur, Pune.",Maharashtra,Pune,Pune (LS-34),Haveli,Shirur,18.4884,73.834345,Murlidhar Mohol,Lok Sabha,Community Infrastructure,IN_PROGRESS,2025-07-30,2026-04-07,,AGY-CONTR-101-PUN,Vanguard Infra Projects Pvt Ltd,Registered Contractor,15260000,12665800.0,11902800.0,763000.0,78.0,92.0,community_hall,4.9,3114285.71,AGENCY_MONOPOLY,DEMO DATA — NOT OFFICIAL GOVERNMENT DATA
MPLAD-WE-DAR-01351,Construction of gabion flood protection retaining wall along vulnerable bank in Kurseong,"Administrative sanction under MPLADS for: Construction of gabion flood protection retaining wall along vulnerable bank in Kurseong. Implemented by Public Works Department (Div-1) for public benefit in Kurseong, Darjeeling.",West Bengal,Darjeeling,Darjeeling (LS-04),Kurseong,Kurseong,27.00831,88.251714,Raju Bista,Lok Sabha,Irrigation & Flood Control,IN_PROGRESS,2023-12-17,2024-09-03,,AGY-PWD-DAR,Public Works Department (Div-1),Line Department,3010000,2438100.0,1866200.0,571900.0,62.0,96.0,check_dam,1.2,2508333.33,NORMAL,DEMO DATA — NOT OFFICIAL GOVERNMENT DATA
MPLAD-TA-COI-01185,"Construction of 2 additional smart classroom blocks at Government Higher Secondary School, Kinathukadavu","Administrative sanction under MPLADS for: Construction of 2 additional smart classroom blocks at Government Higher Secondary School, Kinathukadavu. Implemented by Zilla Parishad Engineering Cell for public benefit in Kinathukadavu, Coimbatore.",Tamil Nadu,Coimbatore,Coimbatore (LS-20),Sulur,Kinathukadavu,11.049266,77.017455,Ganapathi P. Rajkumar,Lok Sabha,Education & School Infrastructure,IN_PROGRESS,2026-04-06,2027-01-26,,AGY-ZP-COI,Zilla Parishad Engineering Cell,Panchayati Raj,4810000,1924000.0,1587300.0,336700.0,33.0,33.8,classroom_block,3.2,1503125.0,NORMAL,DEMO DATA — NOT OFFICIAL GOVERNMENT DATA
MPLAD-TA-COI-01107,"Establishment of Composite Science and STEM Laboratory at Zilla Parishad High School, Kinathukadavu","Administrative sanction under MPLADS for: Establishment of Composite Science and STEM Laboratory at Zilla Parishad High School, Kinathukadavu. Implemented by District Rural Development Agency for public benefit in Kinathukadavu, Coimbatore.",Tamil Nadu,Coimbatore,Coimbatore (LS-20),Sulur,Kinathukadavu,11.0719,77.029016,Ganapathi P. Rajkumar,Lok Sabha,Education & School Infrastructure,IN_PROGRESS,2024-09-02,2025-08-01,,AGY-DRDA-COI,District Rural Development Agency,Line Department,1870000,1683000.0,1271600.0,411400.0,68.0,88.1,classroom_block,1.4,1335714.29,NORMAL,DEMO DATA — NOT OFFICIAL GOVERNMENT DATA
MPLAD-RA-JAI-01123,Laying of underground irrigation pipeline connecting minor irrigation tank to farmlands at Sanganer,"Administrative sanction under MPLADS for: Laying of underground irrigation pipeline connecting minor irrigation tank to farmlands at Sanganer. Implemented by Vanguard Infra Projects Pvt Ltd for public benefit in Sanganer, Jaipur.",Rajasthan,Jaipur,Jaipur (LS-07),Sanganer,Sanganer,26.805291,75.84362899999999,Manju Sharma,Lok Sabha,Irrigation & Flood Control,IN_PROGRESS,2025-04-25,2026-02-15,,AGY-CONTR-101-JAI,Vanguard Infra Projects Pvt Ltd,Registered Contractor,1950000,1696500.0,1384500.0,312000.0,71.0,84.4,check_dam,1.0,1950000.0,NORMAL,DEMO DATA — NOT OFFICIAL GOVERNMENT DATA
MPLAD-MA-PUN-01474,Construction of Check Dam across local seasonal stream for groundwater recharge at Baramati,"Administrative sanction under MPLADS for: Construction of Check Dam across local seasonal stream for groundwater recharge at Baramati. Implemented by District Rural Development Agency for public benefit in Baramati, Pune.",Maharashtra,Pune,Pune (LS-34),Haveli,Baramati,18.489635,73.996629,Murlidhar Mohol,Lok Sabha,Irrigation & Flood Control,IN_PROGRESS,2023-12-03,2024-09-11,,AGY-DRDA-PUN,District Rural Development Agency,Line Department,6210000,5876249.29,5423625.68,452623.61,87.3,19.4,check_dam,3.0,2070000.0,HIGH_SPEND_LOW_PROGRESS,DEMO DATA — NOT OFFICIAL GOVERNMENT DATA
MPLAD-MA-IND-01587,"Installation of rooftop solar photovoltaic system at Model Senior Secondary School, Sanwer",Work,Madhya Pradesh,Indore,Indore (LS-26),Mhow,Sanwer,22.707595,75.83336,Shankar Lalwani,Lok Sabha,Education & School Infrastructure,IN_PROGRESS,2025-11-05,2026-08-10,,AGY-DRDA-IND,District Rural Development Agency,Line Department,3280000,2722400.0,2624000.0,98400.0,80.0,88.0,classroom_block,2.0,1640000.0,DATA_MISSING,DEMO DATA — NOT OFFICIAL GOVERNMENT DATA
MPLAD-KA-BEN-01468,Construction of gabion flood protection retaining wall along vulnerable bank in Magadi,"Administrative sanction under MPLADS for: Construction of gabion flood protection retaining wall along vulnerable bank in Magadi. Implemented by Apex Engineering & Construction Syndicate for public benefit in Magadi, Bengaluru Rural.",Karnataka,Bengaluru Rural,Bengaluru Rural (LS-23),Devanahalli,Magadi,13.19241,77.699639,C. N. Manjunath,Lok Sabha,Irrigation & Flood Control,IN_PROGRESS,2024-04-12,2025-02-02,,AGY-CONTR-102-BEN,Apex Engineering & Construction Syndicate,Registered Contractor,6740000,6376569.83,6024661.68,351908.15,89.4,18.9,check_dam,3.7,1821621.62,HIGH_SPEND_LOW_PROGRESS,DEMO DATA — NOT OFFICIAL GOVERNMENT DATA
MPLAD-KA-BEN-01290,Construction of Check Dam across local seasonal stream for groundwater recharge at Hosakote,"Administrative sanction under MPLADS for: Construction of Check Dam across local seasonal stream for groundwater recharge at Hosakote. Implemented by Zilla Parishad Engineering Cell for public benefit in Hosakote, Bengaluru Rural.",Karnataka,Bengaluru Rural,Bengaluru Rural (LS-23),Devanahalli,Hosakote,13.265672,77.562025,C. N. Manjunath,Lok Sabha,Irrigation & Flood Control,IN_PROGRESS,2025-09-09,2026-06-05,,AGY-ZP-BEN,Zilla Parishad Engineering Cell,Panchayati Raj,2020000,1939200.0,1535200.0,404000.0,76.0,84.4,check_dam,1.1,1836363.64,NORMAL,DEMO DATA — NOT OFFICIAL GOVERNMENT DATA
MPLAD-RA-JAI-01059,Construction of Cement Concrete (CC) Road with side drains from Jhotwara to Shahpura,"Administrative sanction under MPLADS for: Construction of Cement Concrete (CC) Road with side drains from Jhotwara to Shahpura. Implemented by Shree Balaji Civic Builders for public benefit in Jhotwara, Jaipur.",Rajasthan,Jaipur,Jaipur (LS-07),Sanganer,Jhotwara,26.888917,75.920669,Manju Sharma,Lok Sabha,Roads & Pathways,IN_PROGRESS,2024-05-23,2025-03-18,,AGY-CONTR-103-JAI,Shree Balaji Civic Builders,Registered Contractor,11100000,10989000.0,10656000.0,333000.0,96.0,98.0,kilometer,4.4,2522727.27,NORMAL,DEMO DATA — NOT OFFICIAL GOVERNMENT DATA
MPLAD-MA-IND-01176,Construction of Cement Concrete (CC) Road with side drains from Betma to Depalpur,"Administrative sanction under MPLADS for: Construction of Cement Concrete (CC) Road with side drains from Betma to Depalpur. Implemented by Gram Panchayat Development Committee for public benefit in Betma, Indore.",Madhya Pradesh,Indore,Indore (LS-26),Mhow,Betma,22.705874,75.827071,Shankar Lalwani,Lok Sabha,Roads & Pathways,IN_PROGRESS,2025-03-04,2026-02-17,,AGY-PRI-IND,Gram Panchayat Development Committee,Panchayati Raj,5490000,4941000.0,4556700.0,384300.0,83.0,85.2,kilometer,3.0,1830000.0,NORMAL,DEMO DATA — NOT OFFICIAL GOVERNMENT DATA
MPLAD-KA-BEN-01233,Procurement of Basic Life Support Mobile Ambulance van for community health services in Bengaluru Rural,"Administrative sanction under MPLADS for: Procurement of Basic Life Support Mobile Ambulance van for community health services in Bengaluru Rural. Implemented by Vanguard Infra Projects Pvt Ltd for public benefit in Devanahalli, Bengaluru Rural.",Karnataka,Bengaluru Rural,Bengaluru Rural (LS-23),Devanahalli,Devanahalli,13.344457,77.591872,C. N. Manjunath,Lok Sabha,Health & Sanitation,IN_PROGRESS,2023-11-12,2024-09-19,,AGY-CONTR-101-BEN,Vanguard Infra Projects Pvt Ltd,Registered Contractor,13430000,11952700.0,11012600.0,940100.0,82.0,80.5,facility_center,4.8,2797916.67,NORMAL,DEMO DATA — NOT OFFICIAL GOVERNMENT DATA
MPLAD-KA-BEN-01028,Laying of piped drinking water distribution network for scheduled caste colony in Hosakote,"Administrative sanction under MPLADS for: Laying of piped drinking water distribution network for scheduled caste colony in Hosakote. Implemented by Vanguard Infra Projects Pvt Ltd for public benefit in Hosakote, Bengaluru Rural.",Karnataka,Bengaluru Rural,Bengaluru Rural (LS-23),Devanahalli,Hosakote,13.303439,77.650518,C. N. Manjunath,Lok Sabha,Drinking Water Supply,IN_PROGRESS,2024-05-14,2025-02-22,,AGY-CONTR-101-BEN,Vanguard Infra Projects Pvt Ltd,Registered Contractor,2070000,1697400.0,1428300.0,269100.0,69.0,94.6,water_installation,4.2,492857.14,NORMAL,DEMO DATA — NOT OFFICIAL GOVERNMENT DATA
MPLAD-UT-VAR-01355,"Installation of rooftop solar photovoltaic system at Model Senior Secondary School, Cantt","Administrative sanction under MPLADS for: Installation of rooftop solar photovoltaic system at Model Senior Secondary School, Cantt. Implemented by Apex Engineering & Construction Syndicate for public benefit in Cantt, Varanasi.",Uttar Pradesh,Varanasi,Varanasi (LS-77),Rohaniya,Cantt,25.258028,82.988898,Narendra Modi,Lok Sabha,Education & School Infrastructure,IN_PROGRESS,2025-07-31,2026-04-12,,AGY-CONTR-102-VAR,Apex Engineering & Construction Syndicate,Registered Contractor,5440000,4678400.0,4243200.0,435200.0,78.0,90.8,classroom_block,3.2,1700000.0,NORMAL,DEMO DATA — NOT OFFICIAL GOVERNMENT DATA
MPLAD-MA-IND-01004,"Setting up of automated diagnostic lab unit at Community Health Centre, Mhow","Administrative sanction under MPLADS for: Setting up of automated diagnostic lab unit at Community Health Centre, Mhow. Implemented by Apex Engineering & Construction Syndicate for public benefit in Mhow, Indore.",Madhya Pradesh,Indore,Indore (LS-26),Mhow,Mhow,22.780084,75.863816,Shankar Lalwani,Lok Sabha,Health & Sanitation,IN_PROGRESS,2024-02-02,2024-12-31,,AGY-CONTR-102-IND,Apex Engineering & Construction Syndicate,Registered Contractor,12770000,11493000.0,10854500.0,638500.0,85.0,91.3,facility_center,4.5,2837777.78,NORMAL,DEMO DATA — NOT OFFICIAL GOVERNMENT DATA
MPLAD-TA-COI-01308,Laying of piped drinking water distribution network for scheduled caste colony in Sulur,"Administrative sanction under MPLADS for: Laying of piped drinking water distribution network for scheduled caste colony in Sulur. Implemented by Gram Panchayat Development Committee for public benefit in Sulur, Coimbatore.",Tamil Nadu,Coimbatore,Coimbatore (LS-20),Sulur,Sulur,10.972218999999999,76.959847,Ganapathi P. Rajkumar,Lok Sabha,Drinking Water Supply,IN_PROGRESS,2025-09-02,2026-08-26,,AGY-PRI-COI,Gram Panchayat Development Committee,Panchayati Raj,1540000,1216600.0,1170400.0,46200.0,76.0,76.4,water_installation,3.9,394871.79,NORMAL,DEMO DATA — NOT OFFICIAL GOVERNMENT DATA
MPLAD-MA-PUN-01334,Upgradation of link road and culvert bridging at Khadakwasla,"Administrative sanction under MPLADS for: Upgradation of link road and culvert bridging at Khadakwasla. Implemented by Public Works Department (Div-1) for public benefit in Khadakwasla, Pune.",Maharashtra,Pune,Pune (LS-34),Haveli,Khadakwasla,18.510035,73.879438,Murlidhar Mohol,Lok Sabha,Roads & Pathways,IN_PROGRESS,2026-02-26,2027-02-14,,AGY-PWD-PUN,Public Works Department (Div-1),Line Department,9300000,3813000.0,3162000.0,651000.0,34.0,40.7,kilometer,3.7,2513513.51,NORMAL,DEMO DATA — NOT OFFICIAL GOVERNMENT DATA
MPLAD-MA-IND-01200,"Setting up of automated diagnostic lab unit at Community Health Centre, Sanwer","Administrative sanction under MPLADS for: Setting up of automated diagnostic lab unit at Community Health Centre, Sanwer. Implemented by Vanguard Infra Projects Pvt Ltd for public benefit in Sanwer, Indore.",Madhya Pradesh,Indore,Indore (LS-26),Mhow,Sanwer,22.778812,75.816566,Shankar Lalwani,Lok Sabha,Health & Sanitation,IN_PROGRESS,2023-12-14,2024-07-28,,AGY-CONTR-101-IND,Vanguard Infra Projects Pvt Ltd,Registered Contractor,13800000,13110000.0,12558000.0,552000.0,91.0,97.5,facility_center,3.7,3729729.73,NORMAL,DEMO DATA — NOT OFFICIAL GOVERNMENT DATA
MPLAD-UT-VAR-01440,Procurement of Basic Life Support Mobile Ambulance van for community health services in Varanasi,"Administrative sanction under MPLADS for: Procurement of Basic Life Support Mobile Ambulance van for community health services in Varanasi. Implemented by Gram Panchayat Development Committee for public benefit in Cantt, Varanasi. (Contains specialized premium design parameters and expedited specifications).",Uttar Pradesh,Varanasi,Varanasi (LS-77),Rohaniya,Cantt,25.274842,82.929793,Narendra Modi,Lok Sabha,Health & Sanitation,IN_PROGRESS,2024-07-13,2025-04-11,,AGY-PRI-VAR,Gram Panchayat Development Committee,Panchayati Raj,42200000,37980000.0,32283000.0,5697000.0,76.5,94.0,facility_center,2.5,16880000.0,COST_OUTLIER,DEMO DATA — NOT OFFICIAL GOVERNMENT DATA
MPLAD-RA-JAI-01599,Rejuvenation of traditional percolation tank and public drinking well at Jhotwara,"Administrative sanction under MPLADS for: Rejuvenation of traditional percolation tank and public drinking well at Jhotwara. Implemented by Public Works Department (Div-1) for public benefit in Jhotwara, Jaipur.",Rajasthan,Jaipur,Jaipur (LS-07),Sanganer,Jhotwara,,,Manju Sharma,Lok Sabha,Drinking Water Supply,IN_PROGRESS,2026-03-04,2026-12-08,,AGY-PWD-JAI,Public Works Department (Div-1),Line Department,2150000,1376000.0,1247000.0,129000.0,58.0,48.9,water_installation,4.2,511904.76,DATA_MISSING,DEMO DATA — NOT OFFICIAL GOVERNMENT DATA
MPLAD-KA-BEN-01018,Construction of Multi-Purpose Community Hall and Cultural Center for public gatherings at Magadi,"Administrative sanction under MPLADS for: Construction of Multi-Purpose Community Hall and Cultural Center for public gatherings at Magadi. Implemented by Municipal Corporation Public Infrastructure Cell for public benefit in Magadi, Bengaluru Rural.",Karnataka,Bengaluru Rural,Bengaluru Rural (LS-23),Devanahalli,Magadi,13.255196,77.484142,C. N. Manjunath,Lok Sabha,Community Infrastructure,IN_PROGRESS,2024-03-25,2025-02-13,,AGY-MUNC-BEN,Municipal Corporation Public Infrastructure Cell,Municipal Corporation,14140000,12867400.0,11594800.0,1272600.0,82.0,82.7,community_hall,3.9,3625641.03,NORMAL,DEMO DATA — NOT OFFICIAL GOVERNMENT DATA
MPLAD-WE-DAR-01008,Construction of Multi-Purpose Community Hall and Cultural Center for public gatherings at Siliguri,"Administrative sanction under MPLADS for: Construction of Multi-Purpose Community Hall and Cultural Center for public gatherings at Siliguri. Implemented by Apex Engineering & Construction Syndicate for public benefit in Siliguri, Darjeeling.",West Bengal,Darjeeling,Darjeeling (LS-04),Kurseong,Siliguri,27.116281,88.247499,Raju Bista,Lok Sabha,Community Infrastructure,IN_PROGRESS,2024-01-23,2024-08-15,,AGY-CONTR-102-DAR,Apex Engineering & Construction Syndicate,Registered Contractor,10890000,10781100.0,8712000.0,2069100.0,80.0,98.4,community_hall,2.8,3889285.71,NORMAL,DEMO DATA — NOT OFFICIAL GOVERNMENT DATA
MPLAD-MA-PUN-01368,Development of Rural Sports Playground with boundary wall and athletic track at Shivajinagar,"Administrative sanction under MPLADS for: Development of Rural Sports Playground with boundary wall and athletic track at Shivajinagar. Implemented by Gram Panchayat Development Committee for public benefit in Shivajinagar, Pune.",Maharashtra,Pune,Pune (LS-34),Haveli,Shivajinagar,18.46791,73.964933,Murlidhar Mohol,Lok Sabha,Community Infrastructure,IN_PROGRESS,2025-06-12,2025-12-19,,AGY-PRI-PUN,Gram Panchayat Development Committee,Panchayati Raj,17700000,15576000.0,15222000.0,354000.0,86.0,94.5,community_hall,4.6,3847826.09,NORMAL,DEMO DATA — NOT OFFICIAL GOVERNMENT DATA
MPLAD-RA-JAI-01259,Construction of gabion flood protection retaining wall along vulnerable bank in Shahpura,"Administrative sanction under MPLADS for: Construction of gabion flood protection retaining wall along vulnerable bank in Shahpura. Implemented by State Rural Water Supply & Sanitation Board for public benefit in Shahpura, Jaipur.",Rajasthan,Jaipur,Jaipur (LS-07),Sanganer,Shahpura,27.03103,75.798267,Manju Sharma,Lok Sabha,Irrigation & Flood Control,IN_PROGRESS,2025-06-19,2026-05-03,,AGY-JAL-JAI,State Rural Water Supply & Sanitation Board,Line Department,9950000,8855500.0,7462500.0,1393000.0,75.0,98.0,check_dam,4.1,2426829.27,NORMAL,DEMO DATA — NOT OFFICIAL GOVERNMENT DATA
MPLAD-TA-COI-01514,Setting up of Community RO Water Purification Plant with distribution kiosk at Kinathukadavu,"Administrative sanction under MPLADS for: Setting up of Community RO Water Purification Plant with distribution kiosk at Kinathukadavu. Implemented by District Rural Development Agency for public benefit in Kinathukadavu, Coimbatore.",Tamil Nadu,Coimbatore,Coimbatore (LS-20),Sulur,Kinathukadavu,11.095973,76.961882,Ganapathi P. Rajkumar,Lok Sabha,Drinking Water Supply,STALLED,2023-06-04,2024-03-30,,AGY-DRDA-COI,District Rural Development Agency,Line Department,1190000,833000.0,708050.0,124950.0,59.5,46.1,water_installation,2.1,566666.67,DELAYED_PROJECT,DEMO DATA — NOT OFFICIAL GOVERNMENT DATA
MPLAD-RA-JAI-01221,Construction of Cement Concrete (CC) Road with side drains from Bassi to Chaksu,"Administrative sanction under MPLADS for: Construction of Cement Concrete (CC) Road with side drains from Bassi to Chaksu. Implemented by District Rural Development Agency for public benefit in Bassi, Jaipur.",Rajasthan,Jaipur,Jaipur (LS-07),Sanganer,Bassi,26.965487,75.810935,Manju Sharma,Lok Sabha,Roads & Pathways,IN_PROGRESS,2026-04-22,2027-04-20,,AGY-DRDA-JAI,District Rural Development Agency,Line Department,3970000,1032200.0,992500.0,39700.0,25.0,22.7,kilometer,1.6,2481250.0,NORMAL,DEMO DATA — NOT OFFICIAL GOVERNMENT DATA
MPLAD-RA-JAI-01272,"Construction of modern girls toilet block and sanitation facility at Primary School, Chaksu","Administrative sanction under MPLADS for: Construction of modern girls toilet block and sanitation facility at Primary School, Chaksu. Implemented by State Rural Water Supply & Sanitation Board for public benefit in Chaksu, Jaipur.",Rajasthan,Jaipur,Jaipur (LS-07),Sanganer,Chaksu,26.961101,75.80394,Manju Sharma,Lok Sabha,Education & School Infrastructure,IN_PROGRESS,2026-04-28,2027-02-20,,AGY-JAL-JAI,State Rural Water Supply & Sanitation Board,Line Department,8350000,3173000.0,2672000.0,501000.0,32.0,27.5,classroom_block,4.7,1776595.74,NORMAL,DEMO DATA — NOT OFFICIAL GOVERNMENT DATA
MPLAD-WE-DAR-01372,"Construction of modern girls toilet block and sanitation facility at Primary School, Siliguri","Administrative sanction under MPLADS for: Construction of modern girls toilet block and sanitation facility at Primary School, Siliguri. Implemented by State Rural Water Supply & Sanitation Board for public benefit in Siliguri, Darjeeling.",West Bengal,Darjeeling,Darjeeling (LS-04),Kurseong,Siliguri,26.984802,88.336109,Raju Bista,Lok Sabha,Education & School Infrastructure,IN_PROGRESS,2024-07-31,2025-02-09,,AGY-JAL-DAR,State Rural Water Supply & Sanitation Board,Line Department,6870000,6114300.0,4671600.0,1442700.0,68.0,97.1,classroom_block,3.9,1761538.46,NORMAL,DEMO DATA — NOT OFFICIAL GOVERNMENT DATA
MPLAD-UT-VAR-01417,Construction of Community Sanitary Complex with biological septic filtration in Kashi,"Administrative sanction under MPLADS for: Construction of Community Sanitary Complex with biological septic filtration in Kashi. Implemented by State Rural Water Supply & Sanitation Board for public benefit in Kashi, Varanasi. (Contains specialized premium design parameters and expedited specifications).",Uttar Pradesh,Varanasi,Varanasi (LS-77),Rohaniya,Kashi,25.306946,83.033924,Narendra Modi,Lok Sabha,Health & Sanitation,IN_PROGRESS,2024-08-23,2025-03-18,,AGY-JAL-VAR,State Rural Water Supply & Sanitation Board,Line Department,18770000,16893000.0,14359050.0,2533950.0,76.5,89.7,facility_center,2.4,7820833.33,COST_OUTLIER,DEMO DATA — NOT OFFICIAL GOVERNMENT DATA
MPLAD-KA-BEN-01337,Rejuvenation of traditional percolation tank and public drinking well at Doddaballapura,"Administrative sanction under MPLADS for: Rejuvenation of traditional percolation tank and public drinking well at Doddaballapura. Implemented by Municipal Corporation Public Infrastructure Cell for public benefit in Doddaballapura, Bengaluru Rural.",Karnataka,Bengaluru Rural,Bengaluru Rural (LS-23),Devanahalli,Doddaballapura,13.158099,77.432974,C. N. Manjunath,Lok Sabha,Drinking Water Supply,IN_PROGRESS,2023-12-09,2024-10-11,,AGY-MUNC-BEN,Municipal Corporation Public Infrastructure Cell,Municipal Corporation,2390000,2079300.0,1601300.0,478000.0,67.0,80.8,water_installation,4.6,519565.22,NORMAL,DEMO DATA — NOT OFFICIAL GOVERNMENT DATA
MPLAD-UT-VAR-01032,Laying of underground irrigation pipeline connecting minor irrigation tank to farmlands at Pindra,"Administrative sanction under MPLADS for: Laying of underground irrigation pipeline connecting minor irrigation tank to farmlands at Pindra. Implemented by Shree Balaji Civic Builders for public benefit in Pindra, Varanasi.",Uttar Pradesh,Varanasi,Varanasi (LS-77),Rohaniya,Pindra,25.25954,82.96053,Narendra Modi,Lok Sabha,Irrigation & Flood Control,IN_PROGRESS,2024-11-05,2025-06-12,,AGY-CONTR-103-VAR,Shree Balaji Civic Builders,Registered Contractor,6030000,4944600.0,4100400.0,844200.0,68.0,82.1,check_dam,3.4,1773529.41,NORMAL,DEMO DATA — NOT OFFICIAL GOVERNMENT DATA
MPLAD-MA-PUN-01242,Upgradation and modernization of Primary Health Sub-Centre with emergency maternity unit at Manchar,"Administrative sanction under MPLADS for: Upgradation and modernization of Primary Health Sub-Centre with emergency maternity unit at Manchar. Implemented by Municipal Corporation Public Infrastructure Cell for public benefit in Manchar, Pune.",Maharashtra,Pune,Pune (LS-34),Haveli,Manchar,18.565061,73.915874,Murlidhar Mohol,Lok Sabha,Health & Sanitation,IN_PROGRESS,2024-10-18,2025-06-05,,AGY-MUNC-PUN,Municipal Corporation Public Infrastructure Cell,Municipal Corporation,4720000,4436800.0,3681600.0,755200.0,78.0,92.2,facility_center,1.5,3146666.67,NORMAL,DEMO DATA — NOT OFFICIAL GOVERNMENT DATA
MPLAD-BI-PAT-01244,Installation of Deep Borewell with Solar Dual Pump and overhead storage tank at Bakhtiarpur,"Administrative sanction under MPLADS for: Installation of Deep Borewell with Solar Dual Pump and overhead storage tank at Bakhtiarpur. Implemented by Vanguard Infra Projects Pvt Ltd for public benefit in Bakhtiarpur, Patna.",Bihar,Patna,Patna Sahib (LS-30),Bakhtiarpur,Bakhtiarpur,25.653112,85.140128,Ravi Shankar Prasad,Lok Sabha,Drinking Water Supply,IN_PROGRESS,2024-03-09,2025-01-06,,AGY-CONTR-101-PAT,Vanguard Infra Projects Pvt Ltd,Registered Contractor,1410000,1269000.0,972900.0,296100.0,69.0,89.8,water_installation,3.3,427272.73,NORMAL,DEMO DATA — NOT OFFICIAL GOVERNMENT DATA
MPLAD-KA-BEN-01009,Laying of underground irrigation pipeline connecting minor irrigation tank to farmlands at Hosakote,"Administrative sanction under MPLADS for: Laying of underground irrigation pipeline connecting minor irrigation tank to farmlands at Hosakote. Implemented by Vanguard Infra Projects Pvt Ltd for public benefit in Hosakote, Bengaluru Rural.",Karnataka,Bengaluru Rural,Bengaluru Rural (LS-23),Devanahalli,Hosakote,13.325816,77.511039,C. N. Manjunath,Lok Sabha,Irrigation & Flood Control,IN_PROGRESS,2025-10-16,2026-07-28,,AGY-CONTR-101-BEN,Vanguard Infra Projects Pvt Ltd,Registered Contractor,4010000,3288200.0,2807000.0,481200.0,70.0,90.9,check_dam,1.6,2506250.0,NORMAL,DEMO DATA — NOT OFFICIAL GOVERNMENT DATA
MPLAD-RA-JAI-01092,"Installation of rooftop solar photovoltaic system at Model Senior Secondary School, Shahpura","Administrative sanction under MPLADS for: Installation of rooftop solar photovoltaic system at Model Senior Secondary School, Shahpura. Implemented by Public Works Department (Div-1) for public benefit in Shahpura, Jaipur.",Rajasthan,Jaipur,Jaipur (LS-07),Sanganer,Shahpura,27.034123,75.822149,Manju Sharma,Lok Sabha,Education & School Infrastructure,IN_PROGRESS,2025-02-18,2025-09-01,,AGY-PWD-JAI,Public Works Department (Div-1),Line Department,4810000,4184700.0,3655600.0,529100.0,76.0,85.1,classroom_block,3.5,1374285.71,NORMAL,DEMO DATA — NOT OFFICIAL GOVERNMENT DATA
MPLAD-KA-BEN-01565,Laying of piped drinking water distribution network for scheduled caste colony in Magadi,"Administrative sanction under MPLADS for: Laying of piped drinking water distribution network for scheduled caste colony in Magadi. Implemented by Gram Panchayat Development Committee for public benefit in Magadi, Bengaluru Rural.",Karnataka,Bengaluru Rural,Bengaluru Rural (LS-23),Devanahalli,Magadi,13.323187,77.674975,C. N. Manjunath,Lok Sabha,Drinking Water Supply,IN_PROGRESS,2025-12-31,2026-09-22,,AGY-PRI-BEN,Gram Panchayat Development Committee,Panchayati Raj,1080000,842400.0,691200.0,151200.0,64.0,125.0,water_installation,3.2,337500.0,DATA_INCONSISTENT,DEMO DATA — NOT OFFICIAL GOVERNMENT DATA
MPLAD-UT-VAR-01169,Desilting and embankment strengthening of drainage canal serving agricultural fields in Pindra,"Administrative sanction under MPLADS for: Desilting and embankment strengthening of drainage canal serving agricultural fields in Pindra. Implemented by Gram Panchayat Development Committee for public benefit in Pindra, Varanasi.",Uttar Pradesh,Varanasi,Varanasi (LS-77),Rohaniya,Pindra,25.300339,83.096805,Narendra Modi,Lok Sabha,Irrigation & Flood Control,IN_PROGRESS,2025-06-09,2026-01-13,,AGY-PRI-VAR,Gram Panchayat Development Committee,Panchayati Raj,8900000,8277000.0,7120000.0,1157000.0,80.0,88.9,check_dam,4.6,1934782.61,NORMAL,DEMO DATA — NOT OFFICIAL GOVERNMENT DATA
MPLAD-MA-IND-01566,Desilting and embankment strengthening of drainage canal serving agricultural fields in Betma,"Administrative sanction under MPLADS for: Desilting and embankment strengthening of drainage canal serving agricultural fields in Betma. Implemented by Gram Panchayat Development Committee for public benefit in Betma, Indore.",Madhya Pradesh,Indore,Indore (LS-26),Mhow,Betma,22.651651,75.910561,Shankar Lalwani,Lok Sabha,Irrigation & Flood Control,IN_PROGRESS,2025-02-22,2025-12-04,,AGY-PRI-IND,Gram Panchayat Development Committee,Panchayati Raj,8250000,7095000.0,6022500.0,1072500.0,73.0,125.0,check_dam,3.2,2578125.0,DATA_INCONSISTENT,DEMO DATA — NOT OFFICIAL GOVERNMENT DATA
MPLAD-TA-COI-01401,Desilting and embankment strengthening of drainage canal serving agricultural fields in Mettupalayam,"Administrative sanction under MPLADS for: Desilting and embankment strengthening of drainage canal serving agricultural fields in Mettupalayam. Implemented by Gram Panchayat Development Committee for public benefit in Mettupalayam, Coimbatore.",Tamil Nadu,Coimbatore,Coimbatore (LS-20),Sulur,Mettupalayam,11.072378,77.039928,Ganapathi P. Rajkumar,Lok Sabha,Irrigation & Flood Control,IN_PROGRESS,2025-09-20,2026-07-28,,AGY-PRI-COI,Gram Panchayat Development Committee,Panchayati Raj,6520000,5216000.0,5020400.0,195600.0,77.0,81.0,check_dam,2.7,2414814.81,NORMAL,DEMO DATA — NOT OFFICIAL GOVERNMENT DATA
MPLAD-BI-PAT-01441,Rejuvenation of traditional percolation tank and public drinking well at Phulwari,"Administrative sanction under MPLADS for: Rejuvenation of traditional percolation tank and public drinking well at Phulwari. Implemented by Municipal Corporation Public Infrastructure Cell for public benefit in Phulwari, Patna. (Contains specialized premium design parameters and expedited specifications).",Bihar,Patna,Patna Sahib (LS-30),Bakhtiarpur,Phulwari,25.65579,85.084878,Ravi Shankar Prasad,Lok Sabha,Drinking Water Supply,IN_PROGRESS,2025-03-05,2025-11-21,,AGY-MUNC-PAT,Municipal Corporation Public Infrastructure Cell,Municipal Corporation,9000000,8100000.0,6885000.0,1215000.0,76.5,91.4,water_installation,3.5,2571428.57,COST_OUTLIER,DEMO DATA — NOT OFFICIAL GOVERNMENT DATA
MPLAD-MA-PUN-01345,Installation of Deep Borewell with Solar Dual Pump and overhead storage tank at Baramati,"Administrative sanction under MPLADS for: Installation of Deep Borewell with Solar Dual Pump and overhead storage tank at Baramati. Implemented by Municipal Corporation Public Infrastructure Cell for public benefit in Baramati, Pune.",Maharashtra,Pune,Pune (LS-34),Haveli,Baramati,18.478572,73.918685,Murlidhar Mohol,Lok Sabha,Drinking Water Supply,IN_PROGRESS,2024-12-29,2025-07-28,,AGY-MUNC-PUN,Municipal Corporation Public Infrastructure Cell,Municipal Corporation,2770000,2382200.0,2132900.0,249300.0,77.0,85.2,water_installation,5.0,554000.0,NORMAL,DEMO DATA — NOT OFFICIAL GOVERNMENT DATA
MPLAD-MA-PUN-01428,"Establishment of Composite Science and STEM Laboratory at Zilla Parishad High School, Khadakwasla","Administrative sanction under MPLADS for: Establishment of Composite Science and STEM Laboratory at Zilla Parishad High School, Khadakwasla. Implemented by Gram Panchayat Development Committee for public benefit in Khadakwasla, Pune. (Contains specialized premium design parameters and expedited specifications).",Maharashtra,Pune,Pune (LS-34),Haveli,Khadakwasla,18.643667,73.902535,Murlidhar Mohol,Lok Sabha,Education & School Infrastructure,IN_PROGRESS,2024-11-24,2025-09-22,,AGY-PRI-PUN,Gram Panchayat Development Committee,Panchayati Raj,18350000,16515000.0,14037750.0,2477250.0,76.5,97.8,classroom_block,3.4,5397058.82,COST_OUTLIER,DEMO DATA — NOT OFFICIAL GOVERNMENT DATA
MPLAD-MA-PUN-01567,Construction of Community Sanitary Complex with biological septic filtration in Baramati,"Administrative sanction under MPLADS for: Construction of Community Sanitary Complex with biological septic filtration in Baramati. Implemented by Public Works Department (Div-1) for public benefit in Baramati, Pune.",Maharashtra,Pune,Pune (LS-34),Haveli,Baramati,18.638218,73.758424,Murlidhar Mohol,Lok Sabha,Health & Sanitation,IN_PROGRESS,2023-12-28,2024-07-25,,AGY-PWD-PUN,Public Works Department (Div-1),Line Department,10570000,8878800.0,-50000.0,8928800.0,-0.5,93.3,facility_center,4.2,2516666.67,DATA_INCONSISTENT,DEMO DATA — NOT OFFICIAL GOVERNMENT DATA
MPLAD-TA-COI-01320,Installation of Deep Borewell with Solar Dual Pump and overhead storage tank at Kinathukadavu,"Administrative sanction under MPLADS for: Installation of Deep Borewell with Solar Dual Pump and overhead storage tank at Kinathukadavu. Implemented by Public Works Department (Div-1) for public benefit in Kinathukadavu, Coimbatore.",Tamil Nadu,Coimbatore,Coimbatore (LS-20),Sulur,Kinathukadavu,11.007052,76.980393,Ganapathi P. Rajkumar,Lok Sabha,Drinking Water Supply,IN_PROGRESS,2026-04-21,2026-12-21,,AGY-PWD-COI,Public Works Department (Div-1),Line Department,1150000,506000.0,494500.0,11500.0,43.0,34.6,water_installation,3.6,319444.44,NORMAL,DEMO DATA — NOT OFFICIAL GOVERNMENT DATA
MPLAD-UT-VAR-01254,Installation of Deep Borewell with Solar Dual Pump and overhead storage tank at Kashi,"Administrative sanction under MPLADS for: Installation of Deep Borewell with Solar Dual Pump and overhead storage tank at Kashi. Implemented by Apex Engineering & Construction Syndicate for public benefit in Kashi, Varanasi.",Uttar Pradesh,Varanasi,Varanasi (LS-77),Rohaniya,Kashi,25.368274,83.050114,Narendra Modi,Lok Sabha,Drinking Water Supply,IN_PROGRESS,2024-03-26,2025-01-12,,AGY-CONTR-102-VAR,Apex Engineering & Construction Syndicate,Registered Contractor,2180000,1787600.0,1656800.0,130800.0,76.0,86.8,water_installation,4.6,473913.04,NORMAL,DEMO DATA — NOT OFFICIAL GOVERNMENT DATA
MPLAD-RA-JAI-01230,"Construction of 2 additional smart classroom blocks at Government Higher Secondary School, Chaksu","Administrative sanction under MPLADS for: Construction of 2 additional smart classroom blocks at Government Higher Secondary School, Chaksu. Implemented by District Rural Development Agency for public benefit in Chaksu, Jaipur.",Rajasthan,Jaipur,Jaipur (LS-07),Sanganer,Chaksu,26.838168,75.775816,Manju Sharma,Lok Sabha,Education & School Infrastructure,IN_PROGRESS,2026-02-09,2027-01-15,,AGY-DRDA-JAI,District Rural Development Agency,Line Department,2950000,1475000.0,1357000.0,118000.0,46.0,40.8,classroom_block,1.7000000000000002,1735294.12,NORMAL,DEMO DATA — NOT OFFICIAL GOVERNMENT DATA
MPLAD-MA-IND-01396,Bituminous macadam surfacing of rural connectivity pathway near Rau main square,"Administrative sanction under MPLADS for: Bituminous macadam surfacing of rural connectivity pathway near Rau main square. Implemented by Public Works Department (Div-1) for public benefit in Rau, Indore.",Madhya Pradesh,Indore,Indore (LS-26),Mhow,Rau,22.721849,75.927347,Shankar Lalwani,Lok Sabha,Roads & Pathways,IN_PROGRESS,2023-12-29,2024-08-21,,AGY-PWD-IND,Public Works Department (Div-1),Line Department,3400000,2958000.0,2312000.0,646000.0,68.0,81.9,kilometer,1.4,2428571.43,NORMAL,DEMO DATA — NOT OFFICIAL GOVERNMENT DATA
MPLAD-MA-IND-01109,Installation of Deep Borewell with Solar Dual Pump and overhead storage tank at Depalpur,"Administrative sanction under MPLADS for: Installation of Deep Borewell with Solar Dual Pump and overhead storage tank at Depalpur. Implemented by Apex Engineering & Construction Syndicate for public benefit in Depalpur, Indore.",Madhya Pradesh,Indore,Indore (LS-26),Mhow,Depalpur,22.67072,75.817799,Shankar Lalwani,Lok Sabha,Drinking Water Supply,IN_PROGRESS,2024-06-02,2025-05-22,,AGY-CONTR-102-IND,Apex Engineering & Construction Syndicate,Registered Contractor,1570000,1318800.0,1287400.0,31400.0,82.0,99.9,water_installation,3.8,413157.89,NORMAL,DEMO DATA — NOT OFFICIAL GOVERNMENT DATA
MPLAD-MA-PUN-01478,Setting up of Community RO Water Purification Plant with distribution kiosk at Manchar,"Administrative sanction under MPLADS for: Setting up of Community RO Water Purification Plant with distribution kiosk at Manchar. Implemented by State Rural Water Supply & Sanitation Board for public benefit in Manchar, Pune.",Maharashtra,Pune,Pune (LS-34),Haveli,Manchar,18.582473,73.944471,Murlidhar Mohol,Lok Sabha,Drinking Water Supply,IN_PROGRESS,2024-12-13,2025-10-14,,AGY-JAL-PUN,State Rural Water Supply & Sanitation Board,Line Department,420000,404136.16,382675.19,21460.97,91.1,17.6,water_installation,1.2,350000.0,HIGH_SPEND_LOW_PROGRESS,DEMO DATA — NOT OFFICIAL GOVERNMENT DATA
MPLAD-UT-VAR-01001,Development of Rural Sports Playground with boundary wall and athletic track at Cantt,"Administrative sanction under MPLADS for: Development of Rural Sports Playground with boundary wall and athletic track at Cantt. Implemented by Municipal Corporation Public Infrastructure Cell for public benefit in Cantt, Varanasi.",Uttar Pradesh,Varanasi,Varanasi (LS-77),Rohaniya,Cantt,25.384221,83.024297,Narendra Modi,Lok Sabha,Community Infrastructure,IN_PROGRESS,2025-02-27,2026-01-19,,AGY-MUNC-VAR,Municipal Corporation Public Infrastructure Cell,Municipal Corporation,12530000,11903500.0,11026400.0,877100.0,88.0,91.7,community_hall,3.2,3915625.0,NORMAL,DEMO DATA — NOT OFFICIAL GOVERNMENT DATA
MPLAD-RA-JAI-01263,Laying of piped drinking water distribution network for scheduled caste colony in Sanganer,"Administrative sanction under MPLADS for: Laying of piped drinking water distribution network for scheduled caste colony in Sanganer. Implemented by Public Works Department (Div-1) for public benefit in Sanganer, Jaipur.",Rajasthan,Jaipur,Jaipur (LS-07),Sanganer,Sanganer,27.013642,75.9086,Manju Sharma,Lok Sabha,Drinking Water Supply,IN_PROGRESS,2024-12-12,2025-08-11,,AGY-PWD-JAI,Public Works Department (Div-1),Line Department,2030000,1827000.0,1644300.0,182700.0,81.0,83.2,water_installation,5.0,406000.0,NORMAL,DEMO DATA — NOT OFFICIAL GOVERNMENT DATA
MPLAD-RA-JAI-01366,"Establishment of Composite Science and STEM Laboratory at Zilla Parishad High School, Sanganer","Administrative sanction under MPLADS for: Establishment of Composite Science and STEM Laboratory at Zilla Parishad High School, Sanganer. Implemented by Public Works Department (Div-1) for public benefit in Sanganer, Jaipur.",Rajasthan,Jaipur,Jaipur (LS-07),Sanganer,Sanganer,26.85428,75.907772,Manju Sharma,Lok Sabha,Education & School Infrastructure,IN_PROGRESS,2026-03-16,2026-10-05,,AGY-PWD-JAI,Public Works Department (Div-1),Line Department,5470000,3883700.0,3008500.0,875200.0,55.0,59.5,classroom_block,4.3,1272093.02,NORMAL,DEMO DATA — NOT OFFICIAL GOVERNMENT DATA
MPLAD-KA-BEN-01415,"Construction of 2 additional smart classroom blocks at Government Higher Secondary School, Magadi","Administrative sanction under MPLADS for: Construction of 2 additional smart classroom blocks at Government Higher Secondary School, Magadi. Implemented by Apex Engineering & Construction Syndicate for public benefit in Magadi, Bengaluru Rural. (Contains specialized premium design parameters and expedited specifications).",Karnataka,Bengaluru Rural,Bengaluru Rural (LS-23),Devanahalli,Magadi,13.270441,77.669499,C. N. Manjunath,Lok Sabha,Education & School Infrastructure,IN_PROGRESS,2024-12-07,2025-10-08,,AGY-CONTR-102-BEN,Apex Engineering & Construction Syndicate,Registered Contractor,16300000,14670000.0,12469500.0,2200500.0,76.5,99.0,classroom_block,3.3,4939393.94,COST_OUTLIER,DEMO DATA — NOT OFFICIAL GOVERNMENT DATA
MPLAD-WE-DAR-01276,Paving of interlocking paver block street in Mirik Ward 4,"Administrative sanction under MPLADS for: Paving of interlocking paver block street in Mirik Ward 4. Implemented by Shree Balaji Civic Builders for public benefit in Mirik, Darjeeling.",West Bengal,Darjeeling,Darjeeling (LS-04),Kurseong,Mirik,27.054885,88.208171,Raju Bista,Lok Sabha,Roads & Pathways,IN_PROGRESS,2025-07-07,2026-02-14,,AGY-CONTR-103-DAR,Shree Balaji Civic Builders,Registered Contractor,2550000,2422500.0,2065500.0,357000.0,81.0,90.0,kilometer,1.4,1821428.57,NORMAL,DEMO DATA — NOT OFFICIAL GOVERNMENT DATA
MPLAD-RA-JAI-01409,Laying of piped drinking water distribution network for scheduled caste colony in Amer,"Administrative sanction under MPLADS for: Laying of piped drinking water distribution network for scheduled caste colony in Amer. Implemented by Shree Balaji Civic Builders for public benefit in Amer, Jaipur. (Contains specialized premium design parameters and expedited specifications).",Rajasthan,Jaipur,Jaipur (LS-07),Sanganer,Amer,26.945198,75.820926,Manju Sharma,Lok Sabha,Drinking Water Supply,IN_PROGRESS,2025-11-05,2026-07-22,,AGY-CONTR-103-JAI,Shree Balaji Civic Builders,Registered Contractor,1680000,1512000.0,1285200.0,226800.0,76.5,99.6,water_installation,1.2,1400000.0,COST_OUTLIER,DEMO DATA — NOT OFFICIAL GOVERNMENT DATA
MPLAD-KA-BEN-01224,Construction of Check Dam across local seasonal stream for groundwater recharge at Magadi,"Administrative sanction under MPLADS for: Construction of Check Dam across local seasonal stream for groundwater recharge at Magadi. Implemented by State Rural Water Supply & Sanitation Board for public benefit in Magadi, Bengaluru Rural.",Karnataka,Bengaluru Rural,Bengaluru Rural (LS-23),Devanahalli,Magadi,13.203121,77.643425,C. N. Manjunath,Lok Sabha,Irrigation & Flood Control,IN_PROGRESS,2025-05-29,2026-04-08,,AGY-JAL-BEN,State Rural Water Supply & Sanitation Board,Line Department,7580000,7428400.0,6822000.0,606400.0,90.0,94.4,check_dam,3.3,2296969.7,NORMAL,DEMO DATA — NOT OFFICIAL GOVERNMENT DATA
MPLAD-MA-PUN-01330,Construction of gabion flood protection retaining wall along vulnerable bank in Khadakwasla,"Administrative sanction under MPLADS for: Construction of gabion flood protection retaining wall along vulnerable bank in Khadakwasla. Implemented by Gram Panchayat Development Committee for public benefit in Khadakwasla, Pune.",Maharashtra,Pune,Pune (LS-34),Haveli,Khadakwasla,18.474994,73.978343,Murlidhar Mohol,Lok Sabha,Irrigation & Flood Control,IN_PROGRESS,2025-03-28,2026-03-22,,AGY-PRI-PUN,Gram Panchayat Development Committee,Panchayati Raj,5220000,5115600.0,4384800.0,730800.0,84.0,94.6,check_dam,2.2,2372727.27,NORMAL,DEMO DATA — NOT OFFICIAL GOVERNMENT DATA
MPLAD-MA-PUN-01129,Laying of underground irrigation pipeline connecting minor irrigation tank to farmlands at Khadakwasla,"Administrative sanction under MPLADS for: Laying of underground irrigation pipeline connecting minor irrigation tank to farmlands at Khadakwasla. Implemented by Vanguard Infra Projects Pvt Ltd for public benefit in Khadakwasla, Pune.",Maharashtra,Pune,Pune (LS-34),Haveli,Khadakwasla,18.49346,73.961898,Murlidhar Mohol,Lok Sabha,Irrigation & Flood Control,IN_PROGRESS,2024-02-29,2024-12-17,,AGY-CONTR-101-PUN,Vanguard Infra Projects Pvt Ltd,Registered Contractor,5310000,4672800.0,3717000.0,955800.0,70.0,92.6,check_dam,2.1,2528571.43,NORMAL,DEMO DATA — NOT OFFICIAL GOVERNMENT DATA
MPLAD-BI-PAT-01022,"Installation of rooftop solar photovoltaic system at Model Senior Secondary School, Phulwari","Administrative sanction under MPLADS for: Installation of rooftop solar photovoltaic system at Model Senior Secondary School, Phulwari. Implemented by Vanguard Infra Projects Pvt Ltd for public benefit in Phulwari, Patna.",Bihar,Patna,Patna Sahib (LS-30),Bakhtiarpur,Phulwari,25.664194,85.106286,Ravi Shankar Prasad,Lok Sabha,Education & School Infrastructure,IN_PROGRESS,2025-05-30,2026-02-08,,AGY-CONTR-101-PAT,Vanguard Infra Projects Pvt Ltd,Registered Contractor,6690000,6556200.0,5352000.0,1204200.0,80.0,88.3,classroom_block,3.9,1715384.62,NORMAL,DEMO DATA — NOT OFFICIAL GOVERNMENT DATA
MPLAD-MA-PUN-01578,Bituminous macadam surfacing of rural connectivity pathway near Manchar main square,"Administrative sanction under MPLADS for: Bituminous macadam surfacing of rural connectivity pathway near Manchar main square. Implemented by District Rural Development Agency for public benefit in Manchar, Pune.",Maharashtra,Pune,Pune (LS-34),Haveli,Manchar,18.560844,73.99637,Murlidhar Mohol,Lok Sabha,Roads & Pathways,COMPLETED,2024-08-09,2025-06-23,2024-06-19,AGY-DRDA-PUN,District Rural Development Agency,Line Department,9580000,8909400.0,7568200.0,1341200.0,79.0,100.0,kilometer,3.9,2456410.26,DATA_INCONSISTENT,DEMO DATA — NOT OFFICIAL GOVERNMENT DATA
MPLAD-MA-IND-01540,"Paving and laying of cement concrete road with drainage near Panchayat Hall to Village Entry, Betma","Administrative sanction under MPLADS for: Desilting and embankment strengthening of drainage canal serving agricultural fields in Hatod. Implemented by District Rural Development Agency for public benefit in Hatod, Indore.",Madhya Pradesh,Indore,Indore (LS-26),Mhow,Betma,22.703896,75.836161,Shankar Lalwani,Lok Sabha,Roads & Pathways,IN_PROGRESS,2024-09-19,2025-07-01,,AGY-DRDA-IND,District Rural Development Agency,Line Department,5800000,6051600.0,4944600.0,1107000.0,67.0,95.3,check_dam,3.6,2900000.0,DUPLICATE_PAIR,DEMO DATA — NOT OFFICIAL GOVERNMENT DATA
MPLAD-TA-COI-01049,Rejuvenation of traditional percolation tank and public drinking well at Pollachi,"Administrative sanction under MPLADS for: Rejuvenation of traditional percolation tank and public drinking well at Pollachi. Implemented by State Rural Water Supply & Sanitation Board for public benefit in Pollachi, Coimbatore.",Tamil Nadu,Coimbatore,Coimbatore (LS-20),Sulur,Pollachi,10.981907,76.923777,Ganapathi P. Rajkumar,Lok Sabha,Drinking Water Supply,IN_PROGRESS,2023-11-24,2024-09-07,,AGY-JAL-COI,State Rural Water Supply & Sanitation Board,Line Department,1710000,1487700.0,1179900.0,307800.0,69.0,86.2,water_installation,3.9,438461.54,NORMAL,DEMO DATA — NOT OFFICIAL GOVERNMENT DATA
MPLAD-MA-PUN-01561,Development of Rural Sports Playground with boundary wall and athletic track at Baramati,"Administrative sanction under MPLADS for: Development of Rural Sports Playground with boundary wall and athletic track at Baramati. Implemented by Vanguard Infra Projects Pvt Ltd for public benefit in Baramati, Pune.",Maharashtra,Pune,Pune (LS-34),Haveli,Baramati,18.608846,73.828919,Murlidhar Mohol,Lok Sabha,Community Infrastructure,IN_PROGRESS,2025-07-19,2026-07-01,,AGY-CONTR-101-PUN,Vanguard Infra Projects Pvt Ltd,Registered Contractor,18380000,18012400.0,16542000.0,1470400.0,90.0,94.2,community_hall,4.7,3910638.3,AGENCY_MONOPOLY,DEMO DATA — NOT OFFICIAL GOVERNMENT DATA
MPLAD-KA-BEN-01445,Laying of piped drinking water distribution network for scheduled caste colony in Hosakote,"Administrative sanction under MPLADS for: Laying of piped drinking water distribution network for scheduled caste colony in Hosakote. Implemented by Municipal Corporation Public Infrastructure Cell for public benefit in Hosakote, Bengaluru Rural.",Karnataka,Bengaluru Rural,Bengaluru Rural (LS-23),Devanahalli,Hosakote,13.31338,77.591767,C. N. Manjunath,Lok Sabha,Drinking Water Supply,IN_PROGRESS,2026-04-28,2027-01-31,,AGY-MUNC-BEN,Municipal Corporation Public Infrastructure Cell,Municipal Corporation,490000,469260.39,453279.43,15980.96,92.5,12.7,water_installation,1.4,350000.0,HIGH_SPEND_LOW_PROGRESS,DEMO DATA — NOT OFFICIAL GOVERNMENT DATA
MPLAD-BI-PAT-01381,Upgradation and modernization of Primary Health Sub-Centre with emergency maternity unit at Fatuha,"Administrative sanction under MPLADS for: Upgradation and modernization of Primary Health Sub-Centre with emergency maternity unit at Fatuha. Implemented by District Rural Development Agency for public benefit in Fatuha, Patna.",Bihar,Patna,Patna Sahib (LS-30),Bakhtiarpur,Fatuha,25.670886,85.218017,Ravi Shankar Prasad,Lok Sabha,Health & Sanitation,IN_PROGRESS,2024-08-08,2025-07-13,,AGY-DRDA-PAT,District Rural Development Agency,Line Department,4670000,3829400.0,3315700.0,513700.0,71.0,93.6,facility_center,1.3,3592307.69,NORMAL,DEMO DATA — NOT OFFICIAL GOVERNMENT DATA
MPLAD-MA-IND-01568,Construction of gabion flood protection retaining wall along vulnerable bank in Rau,"Administrative sanction under MPLADS for: Construction of gabion flood protection retaining wall along vulnerable bank in Rau. Implemented by Vanguard Infra Projects Pvt Ltd for public benefit in Rau, Indore.",Madhya Pradesh,Indore,Indore (LS-26),Mhow,Rau,22.757376999999998,75.884056,Shankar Lalwani,Lok Sabha,Irrigation & Flood Control,IN_PROGRESS,2024-10-17,2025-09-27,,AGY-CONTR-101-IND,Vanguard Infra Projects Pvt Ltd,Registered Contractor,9990000,15199814.65,15199814.65,0.0,152.2,94.9,check_dam,4.0,2497500.0,DATA_INCONSISTENT,DEMO DATA — NOT OFFICIAL GOVERNMENT DATA
MPLAD-WE-DAR-01172,"Installation of rooftop solar photovoltaic system at Model Senior Secondary School, Mirik","Administrative sanction under MPLADS for: Installation of rooftop solar photovoltaic system at Model Senior Secondary School, Mirik. Implemented by Vanguard Infra Projects Pvt Ltd for public benefit in Mirik, Darjeeling.",West Bengal,Darjeeling,Darjeeling (LS-04),Kurseong,Mirik,27.137706,88.236094,Raju Bista,Lok Sabha,Education & School Infrastructure,IN_PROGRESS,2025-02-16,2025-12-22,,AGY-CONTR-101-DAR,Vanguard Infra Projects Pvt Ltd,Registered Contractor,5670000,4649400.0,4252500.0,396900.0,75.0,94.2,classroom_block,3.3,1718181.82,NORMAL,DEMO DATA — NOT OFFICIAL GOVERNMENT DATA
MPLAD-TA-COI-01027,Laying of piped drinking water distribution network for scheduled caste colony in Kinathukadavu,"Administrative sanction under MPLADS for: Laying of piped drinking water distribution network for scheduled caste colony in Kinathukadavu. Implemented by Municipal Corporation Public Infrastructure Cell for public benefit in Kinathukadavu, Coimbatore.",Tamil Nadu,Coimbatore,Coimbatore (LS-20),Sulur,Kinathukadavu,11.079182,76.956209,Ganapathi P. Rajkumar,Lok Sabha,Drinking Water Supply,IN_PROGRESS,2025-01-18,2025-12-27,,AGY-MUNC-COI,Municipal Corporation Public Infrastructure Cell,Municipal Corporation,1520000,1489600.0,1352800.0,136800.0,89.0,86.2,water_installation,2.8,542857.14,NORMAL,DEMO DATA — NOT OFFICIAL GOVERNMENT DATA
MPLAD-KA-BEN-01095,Laying of underground irrigation pipeline connecting minor irrigation tank to farmlands at Nelamangala,"Administrative sanction under MPLADS for: Laying of underground irrigation pipeline connecting minor irrigation tank to farmlands at Nelamangala. Implemented by Vanguard Infra Projects Pvt Ltd for public benefit in Nelamangala, Bengaluru Rural.",Karnataka,Bengaluru Rural,Bengaluru Rural (LS-23),Devanahalli,Nelamangala,13.14484,77.625281,C. N. Manjunath,Lok Sabha,Irrigation & Flood Control,IN_PROGRESS,2025-07-14,2026-04-28,,AGY-CONTR-101-BEN,Vanguard Infra Projects Pvt Ltd,Registered Contractor,9080000,7627200.0,6446800.0,1180400.0,71.0,97.0,check_dam,4.3,2111627.91,NORMAL,DEMO DATA — NOT OFFICIAL GOVERNMENT DATA
MPLAD-RA-JAI-01327,Installation of Deep Borewell with Solar Dual Pump and overhead storage tank at Sanganer,"Administrative sanction under MPLADS for: Installation of Deep Borewell with Solar Dual Pump and overhead storage tank at Sanganer. Implemented by Municipal Corporation Public Infrastructure Cell for public benefit in Sanganer, Jaipur.",Rajasthan,Jaipur,Jaipur (LS-07),Sanganer,Sanganer,27.007895,75.934656,Manju Sharma,Lok Sabha,Drinking Water Supply,IN_PROGRESS,2025-02-11,2025-11-08,,AGY-MUNC-JAI,Municipal Corporation Public Infrastructure Cell,Municipal Corporation,2400000,2064000.0,1824000.0,240000.0,76.0,91.4,water_installation,4.9,489795.92,NORMAL,DEMO DATA — NOT OFFICIAL GOVERNMENT DATA
MPLAD-MA-PUN-01116,Installation of Deep Borewell with Solar Dual Pump and overhead storage tank at Shirur,"Administrative sanction under MPLADS for: Installation of Deep Borewell with Solar Dual Pump and overhead storage tank at Shirur. Implemented by Vanguard Infra Projects Pvt Ltd for public benefit in Shirur, Pune.",Maharashtra,Pune,Pune (LS-34),Haveli,Shirur,18.594925,73.979613,Murlidhar Mohol,Lok Sabha,Drinking Water Supply,IN_PROGRESS,2024-03-12,2025-01-07,,AGY-CONTR-101-PUN,Vanguard Infra Projects Pvt Ltd,Registered Contractor,640000,531200.0,512000.0,19200.0,80.0,85.4,water_installation,1.3,492307.69,NORMAL,DEMO DATA — NOT OFFICIAL GOVERNMENT DATA
MPLAD-KA-BEN-01592,Creation of Farmer Training & Seed Storage Facility near agricultural marketing yard at Nelamangala,"Administrative sanction under MPLADS for: Creation of Farmer Training & Seed Storage Facility near agricultural marketing yard at Nelamangala. Implemented by Municipal Corporation Public Infrastructure Cell for public benefit in Nelamangala, Bengaluru Rural.",Karnataka,Bengaluru Rural,Bengaluru Rural (LS-23),Devanahalli,Nelamangala,13.182664,77.411812,C. N. Manjunath,Lok Sabha,Community Infrastructure,IN_PROGRESS,2024-05-24,2025-04-12,,AGY-MUNC-BEN,Municipal Corporation Public Infrastructure Cell,Municipal Corporation,3220000,3220000.0,2447200.0,772800.0,76.0,,community_hall,1.1,2927272.73,DATA_MISSING,DEMO DATA — NOT OFFICIAL GOVERNMENT DATA
MPLAD-MA-PUN-01595,"Setting up of automated diagnostic lab unit at Community Health Centre, Shivajinagar","Administrative sanction under MPLADS for: Setting up of automated diagnostic lab unit at Community Health Centre, Shivajinagar. Implemented by District Rural Development Agency for public benefit in Shivajinagar, Pune.",Maharashtra,Pune,Pune (LS-34),Haveli,Shivajinagar,,,Murlidhar Mohol,Lok Sabha,Health & Sanitation,IN_PROGRESS,2024-09-30,2025-06-21,,AGY-DRDA-PUN,District Rural Development Agency,Line Department,3820000,3629000.0,3056000.0,573000.0,80.0,95.8,facility_center,1.4,2728571.43,DATA_MISSING,DEMO DATA — NOT OFFICIAL GOVERNMENT DATA
MPLAD-TA-COI-01160,Construction of gabion flood protection retaining wall along vulnerable bank in Kinathukadavu,"Administrative sanction under MPLADS for: Construction of gabion flood protection retaining wall along vulnerable bank in Kinathukadavu. Implemented by Municipal Corporation Public Infrastructure Cell for public benefit in Kinathukadavu, Coimbatore.",Tamil Nadu,Coimbatore,Coimbatore (LS-20),Sulur,Kinathukadavu,10.95295,76.951868,Ganapathi P. Rajkumar,Lok Sabha,Irrigation & Flood Control,IN_PROGRESS,2024-01-17,2024-12-23,,AGY-MUNC-COI,Municipal Corporation Public Infrastructure Cell,Municipal Corporation,4670000,4670000.0,4156300.0,513700.0,89.0,89.1,check_dam,3.0,1556666.67,NORMAL,DEMO DATA — NOT OFFICIAL GOVERNMENT DATA
MPLAD-MA-PUN-01543,"Installation of rooftop solar photovoltaic system at Model Senior Secondary School, Haveli","Administrative sanction under MPLADS for: Installation of rooftop solar photovoltaic system at Model Senior Secondary School, Haveli. Implemented by Vanguard Infra Projects Pvt Ltd for public benefit in Haveli, Pune.",Maharashtra,Pune,Pune (LS-34),Haveli,Haveli,18.612096,73.922961,Murlidhar Mohol,Lok Sabha,Education & School Infrastructure,IN_PROGRESS,2024-07-20,2025-03-06,,AGY-CONTR-101-PUN,Vanguard Infra Projects Pvt Ltd,Registered Contractor,3590000,3051500.0,2692500.0,359000.0,75.0,95.8,classroom_block,2.2,1631818.18,AGENCY_MONOPOLY,DEMO DATA — NOT OFFICIAL GOVERNMENT DATA
MPLAD-BI-PAT-01066,"Setting up of automated diagnostic lab unit at Community Health Centre, Phulwari","Administrative sanction under MPLADS for: Setting up of automated diagnostic lab unit at Community Health Centre, Phulwari. Implemented by Zilla Parishad Engineering Cell for public benefit in Phulwari, Patna.",Bihar,Patna,Patna Sahib (LS-30),Bakhtiarpur,Phulwari,25.629107,85.23968,Ravi Shankar Prasad,Lok Sabha,Health & Sanitation,IN_PROGRESS,2025-04-08,2026-03-16,,AGY-ZP-PAT,Zilla Parishad Engineering Cell,Panchayati Raj,10190000,8355800.0,6725400.0,1630400.0,66.0,86.5,facility_center,3.5,2911428.57,NORMAL,DEMO DATA — NOT OFFICIAL GOVERNMENT DATA
MPLAD-RA-JAI-01529,Construction of Cement Concrete (CC) Road and side drains from Panchayat Bhawan to Main Gate in Jhotwara,"Administrative sanction under MPLADS for: Establishment of Composite Science and STEM Laboratory at Zilla Parishad High School, Sanganer. Implemented by Vanguard Infra Projects Pvt Ltd for public benefit in Sanganer, Jaipur.",Rajasthan,Jaipur,Jaipur (LS-07),Sanganer,Jhotwara,26.904318,75.88758,Manju Sharma,Lok Sabha,Roads & Pathways,IN_PROGRESS,2025-02-16,2025-08-31,,AGY-CONTR-101-JAI,Vanguard Infra Projects Pvt Ltd,Registered Contractor,3890000,4263100.0,4167300.0,95800.0,87.0,90.2,classroom_block,3.4,1945000.0,DUPLICATE_PAIR,DEMO DATA — NOT OFFICIAL GOVERNMENT DATA
MPLAD-MA-PUN-01234,"Construction of 2 additional smart classroom blocks at Government Higher Secondary School, Baramati","Administrative sanction under MPLADS for: Construction of 2 additional smart classroom blocks at Government Higher Secondary School, Baramati. Implemented by Apex Engineering & Construction Syndicate for public benefit in Baramati, Pune.",Maharashtra,Pune,Pune (LS-34),Haveli,Baramati,18.570017,73.896458,Murlidhar Mohol,Lok Sabha,Education & School Infrastructure,IN_PROGRESS,2026-01-29,2026-08-07,,AGY-CONTR-102-PUN,Apex Engineering & Construction Syndicate,Registered Contractor,1520000,1322400.0,1170400.0,152000.0,77.0,88.2,classroom_block,1.1,1381818.18,NORMAL,DEMO DATA — NOT OFFICIAL GOVERNMENT DATA
MPLAD-RA-JAI-01090,Construction of Cement Concrete (CC) Road with side drains from Chaksu to Bassi,"Administrative sanction under MPLADS for: Construction of Cement Concrete (CC) Road with side drains from Chaksu to Bassi. Implemented by Gram Panchayat Development Committee for public benefit in Chaksu, Jaipur.",Rajasthan,Jaipur,Jaipur (LS-07),Sanganer,Chaksu,26.919693,75.770987,Manju Sharma,Lok Sabha,Roads & Pathways,IN_PROGRESS,2025-12-20,2026-12-14,,AGY-PRI-JAI,Gram Panchayat Development Committee,Panchayati Raj,8580000,4461600.0,4118400.0,343200.0,48.0,51.0,kilometer,4.6,1865217.39,NORMAL,DEMO DATA — NOT OFFICIAL GOVERNMENT DATA
MPLAD-RA-JAI-01353,"Construction of modern girls toilet block and sanitation facility at Primary School, Chaksu","Administrative sanction under MPLADS for: Construction of modern girls toilet block and sanitation facility at Primary School, Chaksu. Implemented by Vanguard Infra Projects Pvt Ltd for public benefit in Chaksu, Jaipur.",Rajasthan,Jaipur,Jaipur (LS-07),Sanganer,Chaksu,27.029829,75.794723,Manju Sharma,Lok Sabha,Education & School Infrastructure,IN_PROGRESS,2024-11-04,2025-10-09,,AGY-CONTR-101-JAI,Vanguard Infra Projects Pvt Ltd,Registered Contractor,4080000,3427200.0,2856000.0,571200.0,70.0,82.1,classroom_block,3.4,1200000.0,NORMAL,DEMO DATA — NOT OFFICIAL GOVERNMENT DATA
MPLAD-KA-BEN-01471,Bituminous macadam surfacing of rural connectivity pathway near Magadi main square,"Administrative sanction under MPLADS for: Bituminous macadam surfacing of rural connectivity pathway near Magadi main square. Implemented by Shree Balaji Civic Builders for public benefit in Magadi, Bengaluru Rural.",Karnataka,Bengaluru Rural,Bengaluru Rural (LS-23),Devanahalli,Magadi,13.328726,77.559875,C. N. Manjunath,Lok Sabha,Roads & Pathways,IN_PROGRESS,2025-01-18,2025-08-12,,AGY-CONTR-103-BEN,Shree Balaji Civic Builders,Registered Contractor,6550000,6276179.8,5956963.66,319216.14,90.9,8.3,kilometer,2.5,2620000.0,HIGH_SPEND_LOW_PROGRESS,DEMO DATA — NOT OFFICIAL GOVERNMENT DATA
MPLAD-KA-BEN-01119,Bituminous macadam surfacing of rural connectivity pathway near Magadi main square,"Administrative sanction under MPLADS for: Bituminous macadam surfacing of rural connectivity pathway near Magadi main square. Implemented by Gram Panchayat Development Committee for public benefit in Magadi, Bengaluru Rural.",Karnataka,Bengaluru Rural,Bengaluru Rural (LS-23),Devanahalli,Magadi,13.128998,77.40528,C. N. Manjunath,Lok Sabha,Roads & Pathways,IN_PROGRESS,2024-11-08,2025-06-10,,AGY-PRI-BEN,Gram Panchayat Development Committee,Panchayati Raj,13390000,11783200.0,10578100.0,1205100.0,79.0,96.5,kilometer,4.2,3188095.24,NORMAL,DEMO DATA — NOT OFFICIAL GOVERNMENT DATA
MPLAD-RA-JAI-01569,Upgradation of link road and culvert bridging at Jhotwara,"Administrative sanction under MPLADS for: Upgradation of link road and culvert bridging at Jhotwara. Implemented by District Rural Development Agency for public benefit in Jhotwara, Jaipur.",Rajasthan,Jaipur,Jaipur (LS-07),Sanganer,Jhotwara,26.822899,75.891931,Manju Sharma,Lok Sabha,Roads & Pathways,IN_PROGRESS,2024-08-29,2025-04-14,,AGY-DRDA-JAI,District Rural Development Agency,Line Department,7970000,6774500.0,6136900.0,637600.0,77.0,125.0,kilometer,3.2,2490625.0,DATA_INCONSISTENT,DEMO DATA — NOT OFFICIAL GOVERNMENT DATA
MPLAD-RA-JAI-01165,Paving of interlocking paver block street in Shahpura Ward 4,"Administrative sanction under MPLADS for: Paving of interlocking paver block street in Shahpura Ward 4. Implemented by Vanguard Infra Projects Pvt Ltd for public benefit in Shahpura, Jaipur.",Rajasthan,Jaipur,Jaipur (LS-07),Sanganer,Shahpura,26.85291,75.863665,Manju Sharma,Lok Sabha,Roads & Pathways,IN_PROGRESS,2025-01-30,2025-10-30,,AGY-CONTR-101-JAI,Vanguard Infra Projects Pvt Ltd,Registered Contractor,4920000,4428000.0,3640800.0,787200.0,74.0,90.4,kilometer,1.6,3075000.0,NORMAL,DEMO DATA — NOT OFFICIAL GOVERNMENT DATA
MPLAD-MA-PUN-01048,Bituminous macadam surfacing of rural connectivity pathway near Haveli main square,"Administrative sanction under MPLADS for: Bituminous macadam surfacing of rural connectivity pathway near Haveli main square. Implemented by Apex Engineering & Construction Syndicate for public benefit in Haveli, Pune.",Maharashtra,Pune,Pune (LS-34),Haveli,Haveli,18.567202,73.926161,Murlidhar Mohol,Lok Sabha,Roads & Pathways,IN_PROGRESS,2024-01-22,2024-09-23,,AGY-CONTR-102-PUN,Apex Engineering & Construction Syndicate,Registered Contractor,4230000,3807000.0,3595500.0,211500.0,85.0,81.8,kilometer,2.3,1839130.43,NORMAL,DEMO DATA — NOT OFFICIAL GOVERNMENT DATA
MPLAD-RA-JAI-01470,Creation of Farmer Training & Seed Storage Facility near agricultural marketing yard at Sanganer,"Administrative sanction under MPLADS for: Creation of Farmer Training & Seed Storage Facility near agricultural marketing yard at Sanganer. Implemented by Gram Panchayat Development Committee for public benefit in Sanganer, Jaipur.",Rajasthan,Jaipur,Jaipur (LS-07),Sanganer,Sanganer,26.815951,75.859619,Manju Sharma,Lok Sabha,Community Infrastructure,IN_PROGRESS,2025-10-11,2026-06-22,,AGY-PRI-JAI,Gram Panchayat Development Committee,Panchayati Raj,8590000,7843747.94,7581466.78,262281.16,88.3,17.5,community_hall,2.2,3904545.45,HIGH_SPEND_LOW_PROGRESS,DEMO DATA — NOT OFFICIAL GOVERNMENT DATA
MPLAD-WE-DAR-01291,Laying of underground irrigation pipeline connecting minor irrigation tank to farmlands at Naxalbari,"Administrative sanction under MPLADS for: Laying of underground irrigation pipeline connecting minor irrigation tank to farmlands at Naxalbari. Implemented by State Rural Water Supply & Sanitation Board for public benefit in Naxalbari, Darjeeling.",West Bengal,Darjeeling,Darjeeling (LS-04),Kurseong,Naxalbari,27.019968,88.234056,Raju Bista,Lok Sabha,Irrigation & Flood Control,IN_PROGRESS,2025-09-22,2026-04-21,,AGY-JAL-DAR,State Rural Water Supply & Sanitation Board,Line Department,3590000,3123300.0,2943800.0,179500.0,82.0,98.3,check_dam,1.5,2393333.33,NORMAL,DEMO DATA — NOT OFFICIAL GOVERNMENT DATA
MPLAD-MA-IND-01055,"Construction of modern girls toilet block and sanitation facility at Primary School, Rau","Administrative sanction under MPLADS for: Construction of modern girls toilet block and sanitation facility at Primary School, Rau. Implemented by Zilla Parishad Engineering Cell for public benefit in Rau, Indore.",Madhya Pradesh,Indore,Indore (LS-26),Mhow,Rau,22.757545,75.8703,Shankar Lalwani,Lok Sabha,Education & School Infrastructure,IN_PROGRESS,2025-08-28,2026-06-06,,AGY-ZP-IND,Zilla Parishad Engineering Cell,Panchayati Raj,3580000,3078800.0,2327000.0,751800.0,65.0,85.0,classroom_block,2.0,1790000.0,NORMAL,DEMO DATA — NOT OFFICIAL GOVERNMENT DATA
MPLAD-MA-PUN-01551,Construction of Cement Concrete (CC) Road with side drains from Khadakwasla to Shirur,"Administrative sanction under MPLADS for: Construction of Cement Concrete (CC) Road with side drains from Khadakwasla to Shirur. Implemented by Vanguard Infra Projects Pvt Ltd for public benefit in Khadakwasla, Pune.",Maharashtra,Pune,Pune (LS-34),Haveli,Khadakwasla,18.621516,73.753193,Murlidhar Mohol,Lok Sabha,Roads & Pathways,IN_PROGRESS,2025-02-28,2026-01-27,,AGY-CONTR-101-PUN,Vanguard Infra Projects Pvt Ltd,Registered Contractor,7930000,7295600.0,6423300.0,872300.0,81.0,82.8,kilometer,3.8,2086842.11,AGENCY_MONOPOLY,DEMO DATA — NOT OFFICIAL GOVERNMENT DATA
MPLAD-UT-VAR-01339,Construction of modern cremation shed with solar lighting and water facility at Shivpur,"Administrative sanction under MPLADS for: Construction of modern cremation shed with solar lighting and water facility at Shivpur. Implemented by State Rural Water Supply & Sanitation Board for public benefit in Shivpur, Varanasi.",Uttar Pradesh,Varanasi,Varanasi (LS-77),Rohaniya,Shivpur,25.363288,82.938555,Narendra Modi,Lok Sabha,Community Infrastructure,IN_PROGRESS,2025-07-12,2026-01-17,,AGY-JAL-VAR,State Rural Water Supply & Sanitation Board,Line Department,13720000,13582800.0,10290000.0,3292800.0,75.0,81.1,community_hall,4.1,3346341.46,NORMAL,DEMO DATA — NOT OFFICIAL GOVERNMENT DATA
MPLAD-MA-IND-01269,Creation of Farmer Training & Seed Storage Facility near agricultural marketing yard at Mhow,"Administrative sanction under MPLADS for: Creation of Farmer Training & Seed Storage Facility near agricultural marketing yard at Mhow. Implemented by Gram Panchayat Development Committee for public benefit in Mhow, Indore.",Madhya Pradesh,Indore,Indore (LS-26),Mhow,Mhow,22.749811,75.822231,Shankar Lalwani,Lok Sabha,Community Infrastructure,IN_PROGRESS,2024-12-03,2025-07-22,,AGY-PRI-IND,Gram Panchayat Development Committee,Panchayati Raj,6810000,6605700.0,5311800.0,1293900.0,78.0,91.1,community_hall,1.7000000000000002,4005882.35,NORMAL,DEMO DATA — NOT OFFICIAL GOVERNMENT DATA
MPLAD-MA-IND-01450,Construction of gabion flood protection retaining wall along vulnerable bank in Sanwer,"Administrative sanction under MPLADS for: Construction of gabion flood protection retaining wall along vulnerable bank in Sanwer. Implemented by Municipal Corporation Public Infrastructure Cell for public benefit in Sanwer, Indore.",Madhya Pradesh,Indore,Indore (LS-26),Mhow,Sanwer,22.660032,75.882798,Shankar Lalwani,Lok Sabha,Irrigation & Flood Control,IN_PROGRESS,2024-05-02,2025-01-11,,AGY-MUNC-IND,Municipal Corporation Public Infrastructure Cell,Municipal Corporation,7450000,7089479.35,6691499.62,397979.73,89.8,11.8,check_dam,4.0,1862500.0,HIGH_SPEND_LOW_PROGRESS,DEMO DATA — NOT OFFICIAL GOVERNMENT DATA
MPLAD-BI-PAT-01201,"Construction of modern girls toilet block and sanitation facility at Primary School, Phulwari","Administrative sanction under MPLADS for: Construction of modern girls toilet block and sanitation facility at Primary School, Phulwari. Implemented by Gram Panchayat Development Committee for public benefit in Phulwari, Patna.",Bihar,Patna,Patna Sahib (LS-30),Bakhtiarpur,Phulwari,25.632381,85.17475,Ravi Shankar Prasad,Lok Sabha,Education & School Infrastructure,IN_PROGRESS,2024-12-19,2025-06-30,,AGY-PRI-PAT,Gram Panchayat Development Committee,Panchayati Raj,3880000,3724800.0,3336800.0,388000.0,86.0,84.4,classroom_block,3.1,1251612.9,NORMAL,DEMO DATA — NOT OFFICIAL GOVERNMENT DATA
MPLAD-MA-PUN-01087,Construction of modern cremation shed with solar lighting and water facility at Shirur,"Administrative sanction under MPLADS for: Construction of modern cremation shed with solar lighting and water facility at Shirur. Implemented by Municipal Corporation Public Infrastructure Cell for public benefit in Shirur, Pune.",Maharashtra,Pune,Pune (LS-34),Haveli,Shirur,18.560492,73.798606,Murlidhar Mohol,Lok Sabha,Community Infrastructure,IN_PROGRESS,2025-08-14,2026-03-05,,AGY-MUNC-PUN,Municipal Corporation Public Infrastructure Cell,Municipal Corporation,7950000,7632000.0,5883000.0,1749000.0,74.0,84.5,community_hall,2.2,3613636.36,NORMAL,DEMO DATA — NOT OFFICIAL GOVERNMENT DATA
MPLAD-KA-BEN-01384,"Setting up of automated diagnostic lab unit at Community Health Centre, Doddaballapura","Administrative sanction under MPLADS for: Setting up of automated diagnostic lab unit at Community Health Centre, Doddaballapura. Implemented by State Rural Water Supply & Sanitation Board for public benefit in Doddaballapura, Bengaluru Rural.",Karnataka,Bengaluru Rural,Bengaluru Rural (LS-23),Devanahalli,Doddaballapura,13.201049,77.697434,C. N. Manjunath,Lok Sabha,Health & Sanitation,IN_PROGRESS,2026-02-18,2027-02-02,,AGY-JAL-BEN,State Rural Water Supply & Sanitation Board,Line Department,8460000,4399200.0,3807000.0,592200.0,45.0,45.9,facility_center,3.4,2488235.29,NORMAL,DEMO DATA — NOT OFFICIAL GOVERNMENT DATA
MPLAD-UT-VAR-01486,Laying of underground irrigation pipeline connecting minor irrigation tank to farmlands at Sewapuri,"Administrative sanction under MPLADS for: Laying of underground irrigation pipeline connecting minor irrigation tank to farmlands at Sewapuri. Implemented by State Rural Water Supply & Sanitation Board for public benefit in Sewapuri, Varanasi.",Uttar Pradesh,Varanasi,Varanasi (LS-77),Rohaniya,Sewapuri,25.294382,83.089481,Narendra Modi,Lok Sabha,Irrigation & Flood Control,STALLED,2023-05-13,2024-03-08,,AGY-JAL-VAR,State Rural Water Supply & Sanitation Board,Line Department,3200000,2240000.0,1904000.0,336000.0,59.5,33.8,check_dam,2.0,1600000.0,DELAYED_PROJECT,DEMO DATA — NOT OFFICIAL GOVERNMENT DATA
MPLAD-TA-COI-01163,Creation of Farmer Training & Seed Storage Facility near agricultural marketing yard at Pollachi,"Administrative sanction under MPLADS for: Creation of Farmer Training & Seed Storage Facility near agricultural marketing yard at Pollachi. Implemented by District Rural Development Agency for public benefit in Pollachi, Coimbatore.",Tamil Nadu,Coimbatore,Coimbatore (LS-20),Sulur,Pollachi,11.00545,76.935008,Ganapathi P. Rajkumar,Lok Sabha,Community Infrastructure,IN_PROGRESS,2025-05-31,2026-02-14,,AGY-DRDA-COI,District Rural Development Agency,Line Department,9690000,8236500.0,7073700.0,1162800.0,73.0,86.2,community_hall,3.2,3028125.0,NORMAL,DEMO DATA — NOT OFFICIAL GOVERNMENT DATA
MPLAD-BI-PAT-01261,"Setting up of automated diagnostic lab unit at Community Health Centre, Barh","Administrative sanction under MPLADS for: Setting up of automated diagnostic lab unit at Community Health Centre, Barh. Implemented by Apex Engineering & Construction Syndicate for public benefit in Barh, Patna.",Bihar,Patna,Patna Sahib (LS-30),Bakhtiarpur,Barh,25.607031,85.203633,Ravi Shankar Prasad,Lok Sabha,Health & Sanitation,IN_PROGRESS,2025-07-22,2026-03-26,,AGY-CONTR-102-PAT,Apex Engineering & Construction Syndicate,Registered Contractor,7180000,5959400.0,4738800.0,1220600.0,66.0,95.8,facility_center,3.0,2393333.33,NORMAL,DEMO DATA — NOT OFFICIAL GOVERNMENT DATA
MPLAD-TA-COI-01150,Bituminous macadam surfacing of rural connectivity pathway near Kinathukadavu main square,"Administrative sanction under MPLADS for: Bituminous macadam surfacing of rural connectivity pathway near Kinathukadavu main square. Implemented by Apex Engineering & Construction Syndicate for public benefit in Kinathukadavu, Coimbatore.",Tamil Nadu,Coimbatore,Coimbatore (LS-20),Sulur,Kinathukadavu,10.978192,76.958767,Ganapathi P. Rajkumar,Lok Sabha,Roads & Pathways,IN_PROGRESS,2025-10-24,2026-06-27,,AGY-CONTR-102-COI,Apex Engineering & Construction Syndicate,Registered Contractor,12430000,11062700.0,9571100.0,1491600.0,77.0,85.2,kilometer,4.1,3031707.32,NORMAL,DEMO DATA — NOT OFFICIAL GOVERNMENT DATA
MPLAD-MA-IND-01388,"Installation of rooftop solar photovoltaic system at Model Senior Secondary School, Mhow","Administrative sanction under MPLADS for: Installation of rooftop solar photovoltaic system at Model Senior Secondary School, Mhow. Implemented by Municipal Corporation Public Infrastructure Cell for public benefit in Mhow, Indore.",Madhya Pradesh,Indore,Indore (LS-26),Mhow,Mhow,22.796779,75.853131,Shankar Lalwani,Lok Sabha,Education & School Infrastructure,IN_PROGRESS,2024-08-10,2025-07-13,,AGY-MUNC-IND,Municipal Corporation Public Infrastructure Cell,Municipal Corporation,1870000,1851300.0,1458600.0,392700.0,78.0,86.8,classroom_block,1.1,1700000.0,NORMAL,DEMO DATA — NOT OFFICIAL GOVERNMENT DATA
MPLAD-BI-PAT-01237,Construction of Community Sanitary Complex with biological septic filtration in Barh,"Administrative sanction under MPLADS for: Construction of Community Sanitary Complex with biological septic filtration in Barh. Implemented by Shree Balaji Civic Builders for public benefit in Barh, Patna.",Bihar,Patna,Patna Sahib (LS-30),Bakhtiarpur,Barh,25.58554,85.214829,Ravi Shankar Prasad,Lok Sabha,Health & Sanitation,IN_PROGRESS,2026-02-27,2026-11-27,,AGY-CONTR-103-PAT,Shree Balaji Civic Builders,Registered Contractor,11780000,6007800.0,5183200.0,824600.0,44.0,56.2,facility_center,4.0,2945000.0,NORMAL,DEMO DATA — NOT OFFICIAL GOVERNMENT DATA
MPLAD-MA-PUN-01564,Procurement of Basic Life Support Mobile Ambulance van for community health services in Pune,"Administrative sanction under MPLADS for: Procurement of Basic Life Support Mobile Ambulance van for community health services in Pune. Implemented by Vanguard Infra Projects Pvt Ltd for public benefit in Baramati, Pune.",Maharashtra,Pune,Pune (LS-34),Haveli,Baramati,18.495446,73.969929,Murlidhar Mohol,Lok Sabha,Health & Sanitation,IN_PROGRESS,2024-08-31,2025-05-05,,AGY-CONTR-101-PUN,Vanguard Infra Projects Pvt Ltd,Registered Contractor,2780000,2279600.0,2168400.0,111200.0,78.0,92.6,facility_center,1.0,2780000.0,AGENCY_MONOPOLY,DEMO DATA — NOT OFFICIAL GOVERNMENT DATA
MPLAD-TA-COI-01360,Setting up of Community RO Water Purification Plant with distribution kiosk at Mettupalayam,"Administrative sanction under MPLADS for: Setting up of Community RO Water Purification Plant with distribution kiosk at Mettupalayam. Implemented by Vanguard Infra Projects Pvt Ltd for public benefit in Mettupalayam, Coimbatore.",Tamil Nadu,Coimbatore,Coimbatore (LS-20),Sulur,Mettupalayam,10.993654,76.915562,Ganapathi P. Rajkumar,Lok Sabha,Drinking Water Supply,IN_PROGRESS,2024-11-18,2025-08-28,,AGY-CONTR-101-COI,Vanguard Infra Projects Pvt Ltd,Registered Contractor,980000,784000.0,735000.0,49000.0,75.0,88.2,water_installation,3.0,326666.67,NORMAL,DEMO DATA — NOT OFFICIAL GOVERNMENT DATA
MPLAD-TA-COI-01156,Laying of piped drinking water distribution network for scheduled caste colony in Kinathukadavu,"Administrative sanction under MPLADS for: Laying of piped drinking water distribution network for scheduled caste colony in Kinathukadavu. Implemented by Gram Panchayat Development Committee for public benefit in Kinathukadavu, Coimbatore.",Tamil Nadu,Coimbatore,Coimbatore (LS-20),Sulur,Kinathukadavu,11.095164,77.032971,Ganapathi P. Rajkumar,Lok Sabha,Drinking Water Supply,IN_PROGRESS,2025-10-05,2026-05-04,,AGY-PRI-COI,Gram Panchayat Development Committee,Panchayati Raj,2630000,2209200.0,1946200.0,263000.0,74.0,97.6,water_installation,4.8,547916.67,NORMAL,DEMO DATA — NOT OFFICIAL GOVERNMENT DATA
MPLAD-MA-IND-01137,Construction of Cement Concrete (CC) Road with side drains from Mhow to Sanwer,"Administrative sanction under MPLADS for: Construction of Cement Concrete (CC) Road with side drains from Mhow to Sanwer. Implemented by Vanguard Infra Projects Pvt Ltd for public benefit in Mhow, Indore.",Madhya Pradesh,Indore,Indore (LS-26),Mhow,Mhow,22.667207,75.906218,Shankar Lalwani,Lok Sabha,Roads & Pathways,IN_PROGRESS,2024-01-03,2024-09-25,,AGY-CONTR-101-IND,Vanguard Infra Projects Pvt Ltd,Registered Contractor,11870000,11751300.0,9614700.0,2136600.0,81.0,81.3,kilometer,3.8,3123684.21,NORMAL,DEMO DATA — NOT OFFICIAL GOVERNMENT DATA
MPLAD-RA-JAI-01367,Development of Rural Sports Playground with boundary wall and athletic track at Jhotwara,"Administrative sanction under MPLADS for: Development of Rural Sports Playground with boundary wall and athletic track at Jhotwara. Implemented by Municipal Corporation Public Infrastructure Cell for public benefit in Jhotwara, Jaipur.",Rajasthan,Jaipur,Jaipur (LS-07),Sanganer,Jhotwara,26.861119,75.92648,Manju Sharma,Lok Sabha,Community Infrastructure,IN_PROGRESS,2025-04-03,2026-01-05,,AGY-MUNC-JAI,Municipal Corporation Public Infrastructure Cell,Municipal Corporation,4930000,4387700.0,3746800.0,640900.0,76.0,87.4,community_hall,1.4,3521428.57,NORMAL,DEMO DATA — NOT OFFICIAL GOVERNMENT DATA
MPLAD-MA-IND-01484,Construction of Cement Concrete (CC) Road with side drains from Hatod to Betma,"Administrative sanction under MPLADS for: Construction of Cement Concrete (CC) Road with side drains from Hatod to Betma. Implemented by Apex Engineering & Construction Syndicate for public benefit in Hatod, Indore.",Madhya Pradesh,Indore,Indore (LS-26),Mhow,Hatod,22.793804,75.930596,Shankar Lalwani,Lok Sabha,Roads & Pathways,STALLED,2023-02-10,2023-12-07,,AGY-CONTR-102-IND,Apex Engineering & Construction Syndicate,Registered Contractor,6060000,4242000.0,3605700.0,636300.0,59.5,32.8,kilometer,3.2,1893750.0,DELAYED_PROJECT,DEMO DATA — NOT OFFICIAL GOVERNMENT DATA
MPLAD-WE-DAR-01580,Construction of Community Sanitary Complex with biological septic filtration in Naxalbari,"Administrative sanction under MPLADS for: Construction of Community Sanitary Complex with biological septic filtration in Naxalbari. Implemented by Gram Panchayat Development Committee for public benefit in Naxalbari, Darjeeling.",West Bengal,Darjeeling,Darjeeling (LS-04),Kurseong,Naxalbari,27.005232,88.308676,Raju Bista,Lok Sabha,Health & Sanitation,COMPLETED,2023-12-10,2024-07-29,2023-11-01,AGY-PRI-DAR,Gram Panchayat Development Committee,Panchayati Raj,12580000,11322000.0,9309200.0,2012800.0,74.0,100.0,facility_center,4.2,2995238.1,DATA_INCONSISTENT,DEMO DATA — NOT OFFICIAL GOVERNMENT DATA
MPLAD-MA-IND-01341,Bituminous macadam surfacing of rural connectivity pathway near Betma main square,"Administrative sanction under MPLADS for: Bituminous macadam surfacing of rural connectivity pathway near Betma main square. Implemented by Gram Panchayat Development Committee for public benefit in Betma, Indore.",Madhya Pradesh,Indore,Indore (LS-26),Mhow,Betma,22.689078,75.903717,Shankar Lalwani,Lok Sabha,Roads & Pathways,IN_PROGRESS,2024-03-03,2024-10-24,,AGY-PRI-IND,Gram Panchayat Development Committee,Panchayati Raj,4590000,4176900.0,3901500.0,275400.0,85.0,94.2,kilometer,2.0,2295000.0,NORMAL,DEMO DATA — NOT OFFICIAL GOVERNMENT DATA
MPLAD-KA-BEN-01273,Upgradation of link road and culvert bridging at Nelamangala,"Administrative sanction under MPLADS for: Upgradation of link road and culvert bridging at Nelamangala. Implemented by Vanguard Infra Projects Pvt Ltd for public benefit in Nelamangala, Bengaluru Rural.",Karnataka,Bengaluru Rural,Bengaluru Rural (LS-23),Devanahalli,Nelamangala,13.34905,77.565975,C. N. Manjunath,Lok Sabha,Roads & Pathways,IN_PROGRESS,2024-10-22,2025-07-14,,AGY-CONTR-101-BEN,Vanguard Infra Projects Pvt Ltd,Registered Contractor,4500000,3780000.0,3600000.0,180000.0,80.0,93.0,kilometer,1.5,3000000.0,NORMAL,DEMO DATA — NOT OFFICIAL GOVERNMENT DATA
MPLAD-WE-DAR-01492,Procurement of Basic Life Support Mobile Ambulance van for community health services in Darjeeling,"Administrative sanction under MPLADS for: Procurement of Basic Life Support Mobile Ambulance van for community health services in Darjeeling. Implemented by Gram Panchayat Development Committee for public benefit in Mirik, Darjeeling.",West Bengal,Darjeeling,Darjeeling (LS-04),Kurseong,Mirik,27.098352,88.219647,Raju Bista,Lok Sabha,Health & Sanitation,STALLED,2023-02-04,2023-12-01,,AGY-PRI-DAR,Gram Panchayat Development Committee,Panchayati Raj,12710000,8897000.0,7562450.0,1334550.0,59.5,26.8,facility_center,4.2,3026190.48,DELAYED_PROJECT,DEMO DATA — NOT OFFICIAL GOVERNMENT DATA
MPLAD-UT-VAR-01227,Construction of Cement Concrete (CC) Road with side drains from Shivpur to Kashi,"Administrative sanction under MPLADS for: Construction of Cement Concrete (CC) Road with side drains from Shivpur to Kashi. Implemented by Zilla Parishad Engineering Cell for public benefit in Shivpur, Varanasi.",Uttar Pradesh,Varanasi,Varanasi (LS-77),Rohaniya,Shivpur,25.342501,82.9174,Narendra Modi,Lok Sabha,Roads & Pathways,IN_PROGRESS,2026-01-16,2026-07-21,,AGY-ZP-VAR,Zilla Parishad Engineering Cell,Panchayati Raj,3050000,2989000.0,2440000.0,549000.0,80.0,80.5,kilometer,1.1,2772727.27,NORMAL,DEMO DATA — NOT OFFICIAL GOVERNMENT DATA
MPLAD-KA-BEN-01326,Rejuvenation of traditional percolation tank and public drinking well at Nelamangala,"Administrative sanction under MPLADS for: Rejuvenation of traditional percolation tank and public drinking well at Nelamangala. Implemented by Shree Balaji Civic Builders for public benefit in Nelamangala, Bengaluru Rural.",Karnataka,Bengaluru Rural,Bengaluru Rural (LS-23),Devanahalli,Nelamangala,13.275663,77.534417,C. N. Manjunath,Lok Sabha,Drinking Water Supply,IN_PROGRESS,2025-04-18,2026-02-11,,AGY-CONTR-103-BEN,Shree Balaji Civic Builders,Registered Contractor,1660000,1477400.0,1344600.0,132800.0,81.0,82.3,water_installation,3.4,488235.29,NORMAL,DEMO DATA — NOT OFFICIAL GOVERNMENT DATA
MPLAD-WE-DAR-01121,Upgradation and modernization of Primary Health Sub-Centre with emergency maternity unit at Kurseong,"Administrative sanction under MPLADS for: Upgradation and modernization of Primary Health Sub-Centre with emergency maternity unit at Kurseong. Implemented by Apex Engineering & Construction Syndicate for public benefit in Kurseong, Darjeeling.",West Bengal,Darjeeling,Darjeeling (LS-04),Kurseong,Kurseong,27.021917,88.336378,Raju Bista,Lok Sabha,Health & Sanitation,IN_PROGRESS,2025-07-14,2026-04-19,,AGY-CONTR-102-DAR,Apex Engineering & Construction Syndicate,Registered Contractor,8430000,7924200.0,6406800.0,1517400.0,76.0,95.1,facility_center,3.1,2719354.84,NORMAL,DEMO DATA — NOT OFFICIAL GOVERNMENT DATA
MPLAD-KA-BEN-01047,Construction of Check Dam across local seasonal stream for groundwater recharge at Magadi,"Administrative sanction under MPLADS for: Construction of Check Dam across local seasonal stream for groundwater recharge at Magadi. Implemented by Vanguard Infra Projects Pvt Ltd for public benefit in Magadi, Bengaluru Rural.",Karnataka,Bengaluru Rural,Bengaluru Rural (LS-23),Devanahalli,Magadi,13.175162,77.554373,C. N. Manjunath,Lok Sabha,Irrigation & Flood Control,IN_PROGRESS,2023-11-06,2024-09-19,,AGY-CONTR-101-BEN,Vanguard Infra Projects Pvt Ltd,Registered Contractor,3150000,2772000.0,2646000.0,126000.0,84.0,82.9,check_dam,1.4,2250000.0,NORMAL,DEMO DATA — NOT OFFICIAL GOVERNMENT DATA
MPLAD-RA-JAI-01073,Bituminous macadam surfacing of rural connectivity pathway near Jhotwara main square,"Administrative sanction under MPLADS for: Bituminous macadam surfacing of rural connectivity pathway near Jhotwara main square. Implemented by Vanguard Infra Projects Pvt Ltd for public benefit in Jhotwara, Jaipur.",Rajasthan,Jaipur,Jaipur (LS-07),Sanganer,Jhotwara,26.95898,75.948388,Manju Sharma,Lok Sabha,Roads & Pathways,IN_PROGRESS,2024-07-31,2025-02-21,,AGY-CONTR-101-JAI,Vanguard Infra Projects Pvt Ltd,Registered Contractor,6070000,5948600.0,4613200.0,1335400.0,76.0,81.3,kilometer,2.7,2248148.15,NORMAL,DEMO DATA — NOT OFFICIAL GOVERNMENT DATA
MPLAD-KA-BEN-01041,Construction of Cement Concrete (CC) Road with side drains from Doddaballapura to Magadi,"Administrative sanction under MPLADS for: Construction of Cement Concrete (CC) Road with side drains from Doddaballapura to Magadi. Implemented by District Rural Development Agency for public benefit in Doddaballapura, Bengaluru Rural.",Karnataka,Bengaluru Rural,Bengaluru Rural (LS-23),Devanahalli,Doddaballapura,13.146315,77.620275,C. N. Manjunath,Lok Sabha,Roads & Pathways,IN_PROGRESS,2025-09-09,2026-07-06,,AGY-DRDA-BEN,District Rural Development Agency,Line Department,8200000,7134000.0,6314000.0,820000.0,77.0,85.1,kilometer,3.6,2277777.78,NORMAL,DEMO DATA — NOT OFFICIAL GOVERNMENT DATA
MPLAD-BI-PAT-01284,Bituminous macadam surfacing of rural connectivity pathway near Barh main square,"Administrative sanction under MPLADS for: Bituminous macadam surfacing of rural connectivity pathway near Barh main square. Implemented by Gram Panchayat Development Committee for public benefit in Barh, Patna.",Bihar,Patna,Patna Sahib (LS-30),Bakhtiarpur,Barh,25.562628,85.089438,Ravi Shankar Prasad,Lok Sabha,Roads & Pathways,IN_PROGRESS,2024-12-21,2025-08-31,,AGY-PRI-PAT,Gram Panchayat Development Committee,Panchayati Raj,3760000,3722400.0,3045600.0,676800.0,81.0,80.3,kilometer,1.3,2892307.69,NORMAL,DEMO DATA — NOT OFFICIAL GOVERNMENT DATA
MPLAD-MA-PUN-01410,Procurement of Basic Life Support Mobile Ambulance van for community health services in Pune,"Administrative sanction under MPLADS for: Procurement of Basic Life Support Mobile Ambulance van for community health services in Pune. Implemented by Vanguard Infra Projects Pvt Ltd for public benefit in Shivajinagar, Pune. (Contains specialized premium design parameters and expedited specifications).",Maharashtra,Pune,Pune (LS-34),Haveli,Shivajinagar,18.451796,73.849187,Murlidhar Mohol,Lok Sabha,Health & Sanitation,IN_PROGRESS,2025-02-23,2025-12-26,,AGY-CONTR-101-PUN,Vanguard Infra Projects Pvt Ltd,Registered Contractor,49720000,44748000.0,38035800.0,6712200.0,76.5,95.9,facility_center,3.1,16038709.68,COST_OUTLIER,DEMO DATA — NOT OFFICIAL GOVERNMENT DATA
MPLAD-BI-PAT-01414,"Establishment of Composite Science and STEM Laboratory at Zilla Parishad High School, Phulwari","Administrative sanction under MPLADS for: Establishment of Composite Science and STEM Laboratory at Zilla Parishad High School, Phulwari. Implemented by Municipal Corporation Public Infrastructure Cell for public benefit in Phulwari, Patna. (Contains specialized premium design parameters and expedited specifications).",Bihar,Patna,Patna Sahib (LS-30),Bakhtiarpur,Phulwari,25.662246,85.198348,Ravi Shankar Prasad,Lok Sabha,Education & School Infrastructure,IN_PROGRESS,2023-12-20,2024-09-07,,AGY-MUNC-PAT,Municipal Corporation Public Infrastructure Cell,Municipal Corporation,26260000,23634000.0,20088900.0,3545100.0,76.5,92.4,classroom_block,4.9,5359183.67,COST_OUTLIER,DEMO DATA — NOT OFFICIAL GOVERNMENT DATA
MPLAD-KA-BEN-01248,Upgradation of link road and culvert bridging at Doddaballapura,"Administrative sanction under MPLADS for: Upgradation of link road and culvert bridging at Doddaballapura. Implemented by Public Works Department (Div-1) for public benefit in Doddaballapura, Bengaluru Rural.",Karnataka,Bengaluru Rural,Bengaluru Rural (LS-23),Devanahalli,Doddaballapura,13.246421,77.463795,C. N. Manjunath,Lok Sabha,Roads & Pathways,IN_PROGRESS,2024-05-29,2024-12-18,,AGY-PWD-BEN,Public Works Department (Div-1),Line Department,8980000,8620800.0,7184000.0,1436800.0,80.0,96.6,kilometer,4.1,2190243.9,NORMAL,DEMO DATA — NOT OFFICIAL GOVERNMENT DATA
MPLAD-KA-BEN-01494,Rejuvenation of traditional percolation tank and public drinking well at Doddaballapura,"Administrative sanction under MPLADS for: Rejuvenation of traditional percolation tank and public drinking well at Doddaballapura. Implemented by Vanguard Infra Projects Pvt Ltd for public benefit in Doddaballapura, Bengaluru Rural.",Karnataka,Bengaluru Rural,Bengaluru Rural (LS-23),Devanahalli,Doddaballapura,13.162237,77.4618,C. N. Manjunath,Lok Sabha,Drinking Water Supply,STALLED,2023-03-18,2024-01-12,,AGY-CONTR-101-BEN,Vanguard Infra Projects Pvt Ltd,Registered Contractor,1180000,826000.0,702100.0,123900.0,59.5,47.4,water_installation,2.9,406896.55,DELAYED_PROJECT,DEMO DATA — NOT OFFICIAL GOVERNMENT DATA
MPLAD-MA-IND-01057,Upgradation and modernization of Primary Health Sub-Centre with emergency maternity unit at Betma,"Administrative sanction under MPLADS for: Upgradation and modernization of Primary Health Sub-Centre with emergency maternity unit at Betma. Implemented by Gram Panchayat Development Committee for public benefit in Betma, Indore.",Madhya Pradesh,Indore,Indore (LS-26),Mhow,Betma,22.70302,75.930428,Shankar Lalwani,Lok Sabha,Health & Sanitation,IN_PROGRESS,2025-11-14,2026-09-25,,AGY-PRI-IND,Gram Panchayat Development Committee,Panchayati Raj,4180000,3051400.0,2340800.0,710600.0,56.0,68.8,facility_center,1.5,2786666.67,NORMAL,DEMO DATA — NOT OFFICIAL GOVERNMENT DATA
MPLAD-KA-BEN-01343,Development of Rural Sports Playground with boundary wall and athletic track at Devanahalli,"Administrative sanction under MPLADS for: Development of Rural Sports Playground with boundary wall and athletic track at Devanahalli. Implemented by District Rural Development Agency for public benefit in Devanahalli, Bengaluru Rural.",Karnataka,Bengaluru Rural,Bengaluru Rural (LS-23),Devanahalli,Devanahalli,13.22262,77.539237,C. N. Manjunath,Lok Sabha,Community Infrastructure,IN_PROGRESS,2025-08-06,2026-03-26,,AGY-DRDA-BEN,District Rural Development Agency,Line Department,11000000,9020000.0,8580000.0,440000.0,78.0,85.3,community_hall,3.1,3548387.1,NORMAL,DEMO DATA — NOT OFFICIAL GOVERNMENT DATA
MPLAD-WE-DAR-01315,"Installation of rooftop solar photovoltaic system at Model Senior Secondary School, Kurseong","Administrative sanction under MPLADS for: Installation of rooftop solar photovoltaic system at Model Senior Secondary School, Kurseong. Implemented by Gram Panchayat Development Committee for public benefit in Kurseong, Darjeeling.",West Bengal,Darjeeling,Darjeeling (LS-04),Kurseong,Kurseong,27.058404,88.247679,Raju Bista,Lok Sabha,Education & School Infrastructure,IN_PROGRESS,2024-12-12,2025-06-15,,AGY-PRI-DAR,Gram Panchayat Development Committee,Panchayati Raj,7940000,7304800.0,6828400.0,476400.0,86.0,81.0,classroom_block,4.5,1764444.44,NORMAL,DEMO DATA — NOT OFFICIAL GOVERNMENT DATA
MPLAD-RA-JAI-01459,Paving of interlocking paver block street in Chaksu Ward 4,"Administrative sanction under MPLADS for: Paving of interlocking paver block street in Chaksu Ward 4. Implemented by Public Works Department (Div-1) for public benefit in Chaksu, Jaipur.",Rajasthan,Jaipur,Jaipur (LS-07),Sanganer,Chaksu,26.971219,75.710411,Manju Sharma,Lok Sabha,Roads & Pathways,IN_PROGRESS,2025-06-12,2026-03-09,,AGY-PWD-JAI,Public Works Department (Div-1),Line Department,3770000,3642478.35,3483576.25,158902.1,92.4,7.7,kilometer,1.2,3141666.67,HIGH_SPEND_LOW_PROGRESS,DEMO DATA — NOT OFFICIAL GOVERNMENT DATA
MPLAD-BI-PAT-01079,"Establishment of Composite Science and STEM Laboratory at Zilla Parishad High School, Bakhtiarpur","Administrative sanction under MPLADS for: Establishment of Composite Science and STEM Laboratory at Zilla Parishad High School, Bakhtiarpur. Implemented by Gram Panchayat Development Committee for public benefit in Bakhtiarpur, Patna.",Bihar,Patna,Patna Sahib (LS-30),Bakhtiarpur,Bakhtiarpur,25.550252,85.089618,Ravi Shankar Prasad,Lok Sabha,Education & School Infrastructure,IN_PROGRESS,2024-09-01,2025-05-25,,AGY-PRI-PAT,Gram Panchayat Development Committee,Panchayati Raj,6390000,6326100.0,4920300.0,1405800.0,77.0,86.7,classroom_block,3.8,1681578.95,NORMAL,DEMO DATA — NOT OFFICIAL GOVERNMENT DATA
MPLAD-MA-PUN-01101,Construction of Cement Concrete (CC) Road with side drains from Haveli to Khadakwasla,"Administrative sanction under MPLADS for: Construction of Cement Concrete (CC) Road with side drains from Haveli to Khadakwasla. Implemented by Shree Balaji Civic Builders for public benefit in Haveli, Pune.",Maharashtra,Pune,Pune (LS-34),Haveli,Haveli,18.64603,73.760733,Murlidhar Mohol,Lok Sabha,Roads & Pathways,IN_PROGRESS,2025-06-16,2026-05-24,,AGY-CONTR-103-PUN,Shree Balaji Civic Builders,Registered Contractor,2740000,2219400.0,1671400.0,548000.0,61.0,98.9,kilometer,1.5,1826666.67,NORMAL,DEMO DATA — NOT OFFICIAL GOVERNMENT DATA
MPLAD-RA-JAI-01038,"Construction of 2 additional smart classroom blocks at Government Higher Secondary School, Shahpura","Administrative sanction under MPLADS for: Construction of 2 additional smart classroom blocks at Government Higher Secondary School, Shahpura. Implemented by Vanguard Infra Projects Pvt Ltd for public benefit in Shahpura, Jaipur.",Rajasthan,Jaipur,Jaipur (LS-07),Sanganer,Shahpura,27.030723,75.881109,Manju Sharma,Lok Sabha,Education & School Infrastructure,IN_PROGRESS,2026-04-23,2026-12-27,,AGY-CONTR-101-JAI,Vanguard Infra Projects Pvt Ltd,Registered Contractor,4170000,1584600.0,1417800.0,166800.0,34.0,35.6,classroom_block,3.2,1303125.0,NORMAL,DEMO DATA — NOT OFFICIAL GOVERNMENT DATA
MPLAD-RA-JAI-01499,Laying of underground irrigation pipeline connecting minor irrigation tank to farmlands at Sanganer,"Administrative sanction under MPLADS for: Laying of underground irrigation pipeline connecting minor irrigation tank to farmlands at Sanganer. Implemented by District Rural Development Agency for public benefit in Sanganer, Jaipur.",Rajasthan,Jaipur,Jaipur (LS-07),Sanganer,Sanganer,26.843918,75.714532,Manju Sharma,Lok Sabha,Irrigation & Flood Control,STALLED,2022-11-28,2023-09-24,,AGY-DRDA-JAI,District Rural Development Agency,Line Department,9220000,6454000.0,5485900.0,968100.0,59.5,34.6,check_dam,4.9,1881632.65,DELAYED_PROJECT,DEMO DATA — NOT OFFICIAL GOVERNMENT DATA
MPLAD-UT-VAR-01138,Construction of Community Sanitary Complex with biological septic filtration in Kashi,"Administrative sanction under MPLADS for: Construction of Community Sanitary Complex with biological septic filtration in Kashi. Implemented by Municipal Corporation Public Infrastructure Cell for public benefit in Kashi, Varanasi.",Uttar Pradesh,Varanasi,Varanasi (LS-77),Rohaniya,Kashi,25.363613,82.909935,Narendra Modi,Lok Sabha,Health & Sanitation,IN_PROGRESS,2025-11-09,2026-08-05,,AGY-MUNC-VAR,Municipal Corporation Public Infrastructure Cell,Municipal Corporation,7860000,6288000.0,5659200.0,628800.0,72.0,94.7,facility_center,2.2,3572727.27,NORMAL,DEMO DATA — NOT OFFICIAL GOVERNMENT DATA
MPLAD-MA-IND-01178,Construction of Community Sanitary Complex with biological septic filtration in Depalpur,"Administrative sanction under MPLADS for: Construction of Community Sanitary Complex with biological septic filtration in Depalpur. Implemented by District Rural Development Agency for public benefit in Depalpur, Indore.",Madhya Pradesh,Indore,Indore (LS-26),Mhow,Depalpur,22.759267,75.925419,Shankar Lalwani,Lok Sabha,Health & Sanitation,IN_PROGRESS,2026-03-11,2026-09-28,,AGY-DRDA-IND,District Rural Development Agency,Line Department,5200000,3224000.0,2704000.0,520000.0,52.0,59.6,facility_center,1.6,3250000.0,NORMAL,DEMO DATA — NOT OFFICIAL GOVERNMENT DATA
MPLAD-MA-PUN-01385,Creation of Farmer Training & Seed Storage Facility near agricultural marketing yard at Baramati,"Administrative sanction under MPLADS for: Creation of Farmer Training & Seed Storage Facility near agricultural marketing yard at Baramati. Implemented by Municipal Corporation Public Infrastructure Cell for public benefit in Baramati, Pune.",Maharashtra,Pune,Pune (LS-34),Haveli,Baramati,18.610455,73.847027,Murlidhar Mohol,Lok Sabha,Community Infrastructure,IN_PROGRESS,2025-03-17,2025-11-10,,AGY-MUNC-PUN,Municipal Corporation Public Infrastructure Cell,Municipal Corporation,16860000,16354200.0,15174000.0,1180200.0,90.0,96.1,community_hall,4.1,4112195.12,NORMAL,DEMO DATA — NOT OFFICIAL GOVERNMENT DATA
MPLAD-RA-JAI-01051,Bituminous macadam surfacing of rural connectivity pathway near Bassi main square,"Administrative sanction under MPLADS for: Bituminous macadam surfacing of rural connectivity pathway near Bassi main square. Implemented by Vanguard Infra Projects Pvt Ltd for public benefit in Bassi, Jaipur.",Rajasthan,Jaipur,Jaipur (LS-07),Sanganer,Bassi,26.871779,75.791307,Manju Sharma,Lok Sabha,Roads & Pathways,IN_PROGRESS,2026-04-24,2027-02-20,,AGY-CONTR-101-JAI,Vanguard Infra Projects Pvt Ltd,Registered Contractor,9430000,3489100.0,3017600.0,471500.0,32.0,27.1,kilometer,3.1,3041935.48,NORMAL,DEMO DATA — NOT OFFICIAL GOVERNMENT DATA
MPLAD-UT-VAR-01180,Desilting and embankment strengthening of drainage canal serving agricultural fields in Kashi,"Administrative sanction under MPLADS for: Desilting and embankment strengthening of drainage canal serving agricultural fields in Kashi. Implemented by Shree Balaji Civic Builders for public benefit in Kashi, Varanasi.",Uttar Pradesh,Varanasi,Varanasi (LS-77),Rohaniya,Kashi,25.371532,83.086798,Narendra Modi,Lok Sabha,Irrigation & Flood Control,IN_PROGRESS,2025-01-06,2025-11-26,,AGY-CONTR-103-VAR,Shree Balaji Civic Builders,Registered Contractor,9530000,8481700.0,7528700.0,953000.0,79.0,97.7,check_dam,3.8,2507894.74,NORMAL,DEMO DATA — NOT OFFICIAL GOVERNMENT DATA
MPLAD-RA-JAI-01006,Construction of gabion flood protection retaining wall along vulnerable bank in Shahpura,"Administrative sanction under MPLADS for: Construction of gabion flood protection retaining wall along vulnerable bank in Shahpura. Implemented by District Rural Development Agency for public benefit in Shahpura, Jaipur.",Rajasthan,Jaipur,Jaipur (LS-07),Sanganer,Shahpura,26.978631,75.939906,Manju Sharma,Lok Sabha,Irrigation & Flood Control,IN_PROGRESS,2024-10-22,2025-06-23,,AGY-DRDA-JAI,District Rural Development Agency,Line Department,7160000,6157600.0,5728000.0,429600.0,80.0,90.0,check_dam,3.2,2237500.0,NORMAL,DEMO DATA — NOT OFFICIAL GOVERNMENT DATA
MPLAD-MA-PUN-01542,Development of Rural Sports Playground with boundary wall and athletic track at Shirur,"Administrative sanction under MPLADS for: Development of Rural Sports Playground with boundary wall and athletic track at Shirur. Implemented by Vanguard Infra Projects Pvt Ltd for public benefit in Shirur, Pune.",Maharashtra,Pune,Pune (LS-34),Haveli,Shirur,18.60814,73.8346,Murlidhar Mohol,Lok Sabha,Community Infrastructure,IN_PROGRESS,2024-12-18,2025-10-19,,AGY-CONTR-101-PUN,Vanguard Infra Projects Pvt Ltd,Registered Contractor,12820000,11538000.0,9102200.0,2435800.0,71.0,84.6,community_hall,4.2,3052380.95,AGENCY_MONOPOLY,DEMO DATA — NOT OFFICIAL GOVERNMENT DATA
MPLAD-MA-PUN-01141,"Construction of modern girls toilet block and sanitation facility at Primary School, Manchar","Administrative sanction under MPLADS for: Construction of modern girls toilet block and sanitation facility at Primary School, Manchar. Implemented by Vanguard Infra Projects Pvt Ltd for public benefit in Manchar, Pune.",Maharashtra,Pune,Pune (LS-34),Haveli,Manchar,18.632875,73.937299,Murlidhar Mohol,Lok Sabha,Education & School Infrastructure,IN_PROGRESS,2024-03-02,2024-10-03,,AGY-CONTR-101-PUN,Vanguard Infra Projects Pvt Ltd,Registered Contractor,4980000,4233000.0,4133400.0,99600.0,83.0,88.7,classroom_block,4.0,1245000.0,NORMAL,DEMO DATA — NOT OFFICIAL GOVERNMENT DATA
MPLAD-RA-JAI-01527,Construction of Cement Concrete (CC) Road and side drains from Panchayat Bhawan to Main Gate in Sanganer,"Administrative sanction under MPLADS for: Construction of gabion flood protection retaining wall along vulnerable bank in Bassi. Implemented by Shree Balaji Civic Builders for public benefit in Bassi, Jaipur.",Rajasthan,Jaipur,Jaipur (LS-07),Sanganer,Sanganer,26.987276,75.779322,Manju Sharma,Lok Sabha,Roads & Pathways,IN_PROGRESS,2025-07-17,2026-05-06,,AGY-CONTR-103-JAI,Shree Balaji Civic Builders,Registered Contractor,4690000,3791000.0,3166600.0,624400.0,71.0,89.2,check_dam,2.1,2345000.0,DUPLICATE_PAIR,DEMO DATA — NOT OFFICIAL GOVERNMENT DATA
MPLAD-MA-IND-01489,Construction of gabion flood protection retaining wall along vulnerable bank in Mhow,"Administrative sanction under MPLADS for: Construction of gabion flood protection retaining wall along vulnerable bank in Mhow. Implemented by Apex Engineering & Construction Syndicate for public benefit in Mhow, Indore.",Madhya Pradesh,Indore,Indore (LS-26),Mhow,Mhow,22.78356,75.837511,Shankar Lalwani,Lok Sabha,Irrigation & Flood Control,STALLED,2022-07-06,2023-05-02,,AGY-CONTR-102-IND,Apex Engineering & Construction Syndicate,Registered Contractor,11040000,7728000.0,6568800.0,1159200.0,59.5,36.1,check_dam,4.7,2348936.17,DELAYED_PROJECT,DEMO DATA — NOT OFFICIAL GOVERNMENT DATA
MPLAD-TA-COI-01235,Construction of Multi-Purpose Community Hall and Cultural Center for public gatherings at Mettupalayam,"Administrative sanction under MPLADS for: Construction of Multi-Purpose Community Hall and Cultural Center for public gatherings at Mettupalayam. Implemented by Municipal Corporation Public Infrastructure Cell for public benefit in Mettupalayam, Coimbatore.",Tamil Nadu,Coimbatore,Coimbatore (LS-20),Sulur,Mettupalayam,11.034629,76.974968,Ganapathi P. Rajkumar,Lok Sabha,Community Infrastructure,IN_PROGRESS,2024-02-07,2024-10-08,,AGY-MUNC-COI,Municipal Corporation Public Infrastructure Cell,Municipal Corporation,9160000,8152400.0,7969200.0,183200.0,87.0,84.0,community_hall,3.1,2954838.71,NORMAL,DEMO DATA — NOT OFFICIAL GOVERNMENT DATA
MPLAD-MA-PUN-01023,"Construction of 2 additional smart classroom blocks at Government Higher Secondary School, Khadakwasla","Administrative sanction under MPLADS for: Construction of 2 additional smart classroom blocks at Government Higher Secondary School, Khadakwasla. Implemented by Shree Balaji Civic Builders for public benefit in Khadakwasla, Pune.",Maharashtra,Pune,Pune (LS-34),Haveli,Khadakwasla,18.594336,73.778149,Murlidhar Mohol,Lok Sabha,Education & School Infrastructure,IN_PROGRESS,2024-08-08,2025-03-07,,AGY-CONTR-103-PUN,Shree Balaji Civic Builders,Registered Contractor,1800000,1566000.0,1404000.0,162000.0,78.0,93.1,classroom_block,1.5,1200000.0,NORMAL,DEMO DATA — NOT OFFICIAL GOVERNMENT DATA
MPLAD-RA-JAI-01530,"Paving and laying of cement concrete road with drainage near Panchayat Hall to Village Entry, Jhotwara","Administrative sanction under MPLADS for: Establishment of Composite Science and STEM Laboratory at Zilla Parishad High School, Sanganer. Implemented by Vanguard Infra Projects Pvt Ltd for public benefit in Sanganer, Jaipur.",Rajasthan,Jaipur,Jaipur (LS-07),Sanganer,Jhotwara,26.904318,75.88758,Manju Sharma,Lok Sabha,Roads & Pathways,IN_PROGRESS,2025-04-02,2025-08-31,,AGY-CONTR-101-JAI,Vanguard Infra Projects Pvt Ltd,Registered Contractor,3930000,4263100.0,4167300.0,95800.0,87.0,90.2,classroom_block,3.4,1965000.0,DUPLICATE_PAIR,DEMO DATA — NOT OFFICIAL GOVERNMENT DATA
MPLAD-KA-BEN-01319,Desilting and embankment strengthening of drainage canal serving agricultural fields in Magadi,"Administrative sanction under MPLADS for: Desilting and embankment strengthening of drainage canal serving agricultural fields in Magadi. Implemented by State Rural Water Supply & Sanitation Board for public benefit in Magadi, Bengaluru Rural.",Karnataka,Bengaluru Rural,Bengaluru Rural (LS-23),Devanahalli,Magadi,13.106175,77.549409,C. N. Manjunath,Lok Sabha,Irrigation & Flood Control,IN_PROGRESS,2024-01-15,2024-08-08,,AGY-JAL-BEN,State Rural Water Supply & Sanitation Board,Line Department,9870000,8389500.0,6810300.0,1579200.0,69.0,83.5,check_dam,5.0,1974000.0,NORMAL,DEMO DATA — NOT OFFICIAL GOVERNMENT DATA
MPLAD-BI-PAT-01104,Construction of Check Dam across local seasonal stream for groundwater recharge at Danapur,"Administrative sanction under MPLADS for: Construction of Check Dam across local seasonal stream for groundwater recharge at Danapur. Implemented by Public Works Department (Div-1) for public benefit in Danapur, Patna.",Bihar,Patna,Patna Sahib (LS-30),Bakhtiarpur,Danapur,25.590215,85.12801,Ravi Shankar Prasad,Lok Sabha,Irrigation & Flood Control,IN_PROGRESS,2024-03-21,2025-01-08,,AGY-PWD-PAT,Public Works Department (Div-1),Line Department,12070000,10863000.0,8931800.0,1931200.0,74.0,87.0,check_dam,4.9,2463265.31,NORMAL,DEMO DATA — NOT OFFICIAL GOVERNMENT DATA
MPLAD-TA-COI-01537,Construction of Cement Concrete (CC) Road and side drains from Panchayat Bhawan to Main Gate in Annur,"Administrative sanction under MPLADS for: Bituminous macadam surfacing of rural connectivity pathway near Mettupalayam main square. Implemented by Apex Engineering & Construction Syndicate for public benefit in Mettupalayam, Coimbatore.",Tamil Nadu,Coimbatore,Coimbatore (LS-20),Sulur,Annur,11.096207,76.971385,Ganapathi P. Rajkumar,Lok Sabha,Roads & Pathways,IN_PROGRESS,2025-10-31,2026-06-08,,AGY-CONTR-102-COI,Apex Engineering & Construction Syndicate,Registered Contractor,4350000,11203500.0,9471000.0,1732500.0,82.0,96.0,kilometer,4.0,2175000.0,DUPLICATE_PAIR,DEMO DATA — NOT OFFICIAL GOVERNMENT DATA
MPLAD-MA-IND-01081,"Setting up of automated diagnostic lab unit at Community Health Centre, Mhow","Administrative sanction under MPLADS for: Setting up of automated diagnostic lab unit at Community Health Centre, Mhow. Implemented by Gram Panchayat Development Committee for public benefit in Mhow, Indore.",Madhya Pradesh,Indore,Indore (LS-26),Mhow,Mhow,22.719897,75.890478,Shankar Lalwani,Lok Sabha,Health & Sanitation,IN_PROGRESS,2023-12-01,2024-11-26,,AGY-PRI-IND,Gram Panchayat Development Committee,Panchayati Raj,8270000,7939200.0,6202500.0,1736700.0,75.0,86.6,facility_center,2.2,3759090.91,NORMAL,DEMO DATA — NOT OFFICIAL GOVERNMENT DATA
MPLAD-MA-IND-01443,Construction of Community Sanitary Complex with biological septic filtration in Betma,"Administrative sanction under MPLADS for: Construction of Community Sanitary Complex with biological septic filtration in Betma. Implemented by Municipal Corporation Public Infrastructure Cell for public benefit in Betma, Indore. (Contains specialized premium design parameters and expedited specifications).",Madhya Pradesh,Indore,Indore (LS-26),Mhow,Betma,22.659626,75.831655,Shankar Lalwani,Lok Sabha,Health & Sanitation,IN_PROGRESS,2025-08-13,2026-04-24,,AGY-MUNC-IND,Municipal Corporation Public Infrastructure Cell,Municipal Corporation,25780000,23202000.0,19721700.0,3480300.0,76.5,80.6,facility_center,1.9,13568421.05,COST_OUTLIER,DEMO DATA — NOT OFFICIAL GOVERNMENT DATA
MPLAD-MA-PUN-01208,"Establishment of Composite Science and STEM Laboratory at Zilla Parishad High School, Khadakwasla","Administrative sanction under MPLADS for: Establishment of Composite Science and STEM Laboratory at Zilla Parishad High School, Khadakwasla. Implemented by Gram Panchayat Development Committee for public benefit in Khadakwasla, Pune.",Maharashtra,Pune,Pune (LS-34),Haveli,Khadakwasla,18.580582,73.946432,Murlidhar Mohol,Lok Sabha,Education & School Infrastructure,IN_PROGRESS,2026-01-30,2026-09-17,,AGY-PRI-PUN,Gram Panchayat Development Committee,Panchayati Raj,3710000,3190600.0,2930900.0,259700.0,79.0,70.5,classroom_block,3.3,1124242.42,NORMAL,DEMO DATA — NOT OFFICIAL GOVERNMENT DATA
MPLAD-MA-IND-01042,Upgradation of link road and culvert bridging at Betma,"Administrative sanction under MPLADS for: Upgradation of link road and culvert bridging at Betma. Implemented by Gram Panchayat Development Committee for public benefit in Betma, Indore.",Madhya Pradesh,Indore,Indore (LS-26),Mhow,Betma,22.653266,75.921343,Shankar Lalwani,Lok Sabha,Roads & Pathways,IN_PROGRESS,2025-08-17,2026-06-12,,AGY-PRI-IND,Gram Panchayat Development Committee,Panchayati Raj,3930000,3812100.0,3222600.0,589500.0,82.0,84.4,kilometer,1.8,2183333.33,NORMAL,DEMO DATA — NOT OFFICIAL GOVERNMENT DATA
MPLAD-MA-PUN-01557,Installation of Deep Borewell with Solar Dual Pump and overhead storage tank at Khadakwasla,"Administrative sanction under MPLADS for: Installation of Deep Borewell with Solar Dual Pump and overhead storage tank at Khadakwasla. Implemented by Vanguard Infra Projects Pvt Ltd for public benefit in Khadakwasla, Pune.",Maharashtra,Pune,Pune (LS-34),Haveli,Khadakwasla,18.518912,73.903865,Murlidhar Mohol,Lok Sabha,Drinking Water Supply,IN_PROGRESS,2025-11-18,2026-06-07,,AGY-CONTR-101-PUN,Vanguard Infra Projects Pvt Ltd,Registered Contractor,2730000,2484300.0,2429700.0,54600.0,89.0,94.9,water_installation,4.8,568750.0,AGENCY_MONOPOLY,DEMO DATA — NOT OFFICIAL GOVERNMENT DATA
MPLAD-MA-PUN-01171,Upgradation and modernization of Primary Health Sub-Centre with emergency maternity unit at Haveli,"Administrative sanction under MPLADS for: Upgradation and modernization of Primary Health Sub-Centre with emergency maternity unit at Haveli. Implemented by Apex Engineering & Construction Syndicate for public benefit in Haveli, Pune.",Maharashtra,Pune,Pune (LS-34),Haveli,Haveli,18.494758,73.771487,Murlidhar Mohol,Lok Sabha,Health & Sanitation,IN_PROGRESS,2025-05-18,2026-03-21,,AGY-CONTR-102-PUN,Apex Engineering & Construction Syndicate,Registered Contractor,4150000,3652000.0,2822000.0,830000.0,68.0,91.9,facility_center,1.1,3772727.27,NORMAL,DEMO DATA — NOT OFFICIAL GOVERNMENT DATA
MPLAD-MA-PUN-01426,Laying of piped drinking water distribution network for scheduled caste colony in Baramati,"Administrative sanction under MPLADS for: Laying of piped drinking water distribution network for scheduled caste colony in Baramati. Implemented by District Rural Development Agency for public benefit in Baramati, Pune. (Contains specialized premium design parameters and expedited specifications).",Maharashtra,Pune,Pune (LS-34),Haveli,Baramati,18.588843,73.970642,Murlidhar Mohol,Lok Sabha,Drinking Water Supply,IN_PROGRESS,2023-12-27,2024-07-01,,AGY-DRDA-PUN,District Rural Development Agency,Line Department,11300000,10170000.0,8644500.0,1525500.0,76.5,84.7,water_installation,4.9,2306122.45,COST_OUTLIER,DEMO DATA — NOT OFFICIAL GOVERNMENT DATA
MPLAD-WE-DAR-01228,Upgradation of link road and culvert bridging at Mirik,"Administrative sanction under MPLADS for: Upgradation of link road and culvert bridging at Mirik. Implemented by Municipal Corporation Public Infrastructure Cell for public benefit in Mirik, Darjeeling.",West Bengal,Darjeeling,Darjeeling (LS-04),Kurseong,Mirik,26.955689,88.284884,Raju Bista,Lok Sabha,Roads & Pathways,IN_PROGRESS,2025-07-16,2026-02-03,,AGY-MUNC-DAR,Municipal Corporation Public Infrastructure Cell,Municipal Corporation,1820000,1474200.0,1274000.0,200200.0,70.0,85.7,kilometer,1.0,1820000.0,NORMAL,DEMO DATA — NOT OFFICIAL GOVERNMENT DATA
MPLAD-UT-VAR-01405,Construction of Check Dam across local seasonal stream for groundwater recharge at Cantt,"Administrative sanction under MPLADS for: Construction of Check Dam across local seasonal stream for groundwater recharge at Cantt. Implemented by District Rural Development Agency for public benefit in Cantt, Varanasi.",Uttar Pradesh,Varanasi,Varanasi (LS-77),Rohaniya,Cantt,25.391942,82.955987,Narendra Modi,Lok Sabha,Irrigation & Flood Control,IN_PROGRESS,2024-01-22,2024-11-25,,AGY-DRDA-VAR,District Rural Development Agency,Line Department,3580000,3150400.0,2541800.0,608600.0,71.0,86.4,check_dam,1.7000000000000002,2105882.35,NORMAL,DEMO DATA — NOT OFFICIAL GOVERNMENT DATA
MPLAD-KA-BEN-01214,Creation of Farmer Training & Seed Storage Facility near agricultural marketing yard at Devanahalli,"Administrative sanction under MPLADS for: Creation of Farmer Training & Seed Storage Facility near agricultural marketing yard at Devanahalli. Implemented by Zilla Parishad Engineering Cell for public benefit in Devanahalli, Bengaluru Rural.",Karnataka,Bengaluru Rural,Bengaluru Rural (LS-23),Devanahalli,Devanahalli,13.257211,77.586617,C. N. Manjunath,Lok Sabha,Community Infrastructure,IN_PROGRESS,2026-03-02,2026-10-28,,AGY-ZP-BEN,Zilla Parishad Engineering Cell,Panchayati Raj,18260000,10590800.0,8764800.0,1826000.0,48.0,56.1,community_hall,4.4,4150000.0,NORMAL,DEMO DATA — NOT OFFICIAL GOVERNMENT DATA
MPLAD-RA-JAI-01407,Setting up of Community RO Water Purification Plant with distribution kiosk at Bassi,"Administrative sanction under MPLADS for: Setting up of Community RO Water Purification Plant with distribution kiosk at Bassi. Implemented by State Rural Water Supply & Sanitation Board for public benefit in Bassi, Jaipur.",Rajasthan,Jaipur,Jaipur (LS-07),Sanganer,Bassi,26.965511,75.900633,Manju Sharma,Lok Sabha,Drinking Water Supply,IN_PROGRESS,2026-03-02,2026-10-01,,AGY-JAL-JAI,State Rural Water Supply & Sanitation Board,Line Department,1710000,1008900.0,957600.0,51300.0,56.0,67.5,water_installation,3.2,534375.0,NORMAL,DEMO DATA — NOT OFFICIAL GOVERNMENT DATA
MPLAD-MA-IND-01192,Installation of Deep Borewell with Solar Dual Pump and overhead storage tank at Mhow,"Administrative sanction under MPLADS for: Installation of Deep Borewell with Solar Dual Pump and overhead storage tank at Mhow. Implemented by State Rural Water Supply & Sanitation Board for public benefit in Mhow, Indore.",Madhya Pradesh,Indore,Indore (LS-26),Mhow,Mhow,22.72938,75.814336,Shankar Lalwani,Lok Sabha,Drinking Water Supply,IN_PROGRESS,2024-02-26,2024-11-11,,AGY-JAL-IND,State Rural Water Supply & Sanitation Board,Line Department,1600000,1408000.0,1328000.0,80000.0,83.0,80.6,water_installation,4.5,355555.56,NORMAL,DEMO DATA — NOT OFFICIAL GOVERNMENT DATA
MPLAD-RA-JAI-01243,Construction of Check Dam across local seasonal stream for groundwater recharge at Amer,"Administrative sanction under MPLADS for: Construction of Check Dam across local seasonal stream for groundwater recharge at Amer. Implemented by Gram Panchayat Development Committee for public benefit in Amer, Jaipur.",Rajasthan,Jaipur,Jaipur (LS-07),Sanganer,Amer,26.871221,75.919583,Manju Sharma,Lok Sabha,Irrigation & Flood Control,IN_PROGRESS,2025-06-28,2026-01-10,,AGY-PRI-JAI,Gram Panchayat Development Committee,Panchayati Raj,6950000,5907500.0,5282000.0,625500.0,76.0,90.8,check_dam,3.1,2241935.48,NORMAL,DEMO DATA — NOT OFFICIAL GOVERNMENT DATA
MPLAD-MA-PUN-01558,Setting up of Community RO Water Purification Plant with distribution kiosk at Haveli,"Administrative sanction under MPLADS for: Setting up of Community RO Water Purification Plant with distribution kiosk at Haveli. Implemented by Vanguard Infra Projects Pvt Ltd for public benefit in Haveli, Pune.",Maharashtra,Pune,Pune (LS-34),Haveli,Haveli,18.500124,73.864862,Murlidhar Mohol,Lok Sabha,Drinking Water Supply,IN_PROGRESS,2025-05-14,2025-12-29,,AGY-CONTR-101-PUN,Vanguard Infra Projects Pvt Ltd,Registered Contractor,610000,561200.0,469700.0,91500.0,77.0,87.7,water_installation,1.2,508333.33,AGENCY_MONOPOLY,DEMO DATA — NOT OFFICIAL GOVERNMENT DATA
MPLAD-MA-IND-01336,"Construction of modern girls toilet block and sanitation facility at Primary School, Rau","Administrative sanction under MPLADS for: Construction of modern girls toilet block and sanitation facility at Primary School, Rau. Implemented by Municipal Corporation Public Infrastructure Cell for public benefit in Rau, Indore.",Madhya Pradesh,Indore,Indore (LS-26),Mhow,Rau,22.771867,75.846521,Shankar Lalwani,Lok Sabha,Education & School Infrastructure,IN_PROGRESS,2026-03-14,2026-10-27,,AGY-MUNC-IND,Municipal Corporation Public Infrastructure Cell,Municipal Corporation,5720000,3203200.0,3031600.0,171600.0,53.0,54.5,classroom_block,4.2,1361904.76,NORMAL,DEMO DATA — NOT OFFICIAL GOVERNMENT DATA
MPLAD-TA-COI-01126,Construction of Cement Concrete (CC) Road with side drains from Annur to Mettupalayam,"Administrative sanction under MPLADS for: Construction of Cement Concrete (CC) Road with side drains from Annur to Mettupalayam. Implemented by Municipal Corporation Public Infrastructure Cell for public benefit in Annur, Coimbatore.",Tamil Nadu,Coimbatore,Coimbatore (LS-20),Sulur,Annur,11.024934,76.9786,Ganapathi P. Rajkumar,Lok Sabha,Roads & Pathways,IN_PROGRESS,2026-03-19,2027-03-03,,AGY-MUNC-COI,Municipal Corporation Public Infrastructure Cell,Municipal Corporation,10310000,3917800.0,3711600.0,206200.0,36.0,31.2,kilometer,4.8,2147916.67,NORMAL,DEMO DATA — NOT OFFICIAL GOVERNMENT DATA
MPLAD-RA-JAI-01531,Construction of Cement Concrete (CC) Road and side drains from Panchayat Bhawan to Main Gate in Shahpura,"Administrative sanction under MPLADS for: Upgradation and modernization of Primary Health Sub-Centre with emergency maternity unit at Shahpura. Implemented by Gram Panchayat Development Committee for public benefit in Shahpura, Jaipur.",Rajasthan,Jaipur,Jaipur (LS-07),Sanganer,Shahpura,26.936473,75.795209,Manju Sharma,Lok Sabha,Roads & Pathways,IN_PROGRESS,2025-06-11,2026-01-09,,AGY-PRI-JAI,Gram Panchayat Development Committee,Panchayati Raj,4220000,10238400.0,9480000.0,758400.0,75.0,93.5,facility_center,4.4,2110000.0,DUPLICATE_PAIR,DEMO DATA — NOT OFFICIAL GOVERNMENT DATA
MPLAD-MA-IND-01539,Construction of Cement Concrete (CC) Road and side drains from Panchayat Bhawan to Main Gate in Betma,"Administrative sanction under MPLADS for: Desilting and embankment strengthening of drainage canal serving agricultural fields in Hatod. Implemented by District Rural Development Agency for public benefit in Hatod, Indore.",Madhya Pradesh,Indore,Indore (LS-26),Mhow,Betma,22.703896,75.836161,Shankar Lalwani,Lok Sabha,Roads & Pathways,IN_PROGRESS,2024-08-05,2025-07-01,,AGY-DRDA-IND,District Rural Development Agency,Line Department,5770000,6051600.0,4944600.0,1107000.0,67.0,95.3,check_dam,3.6,2885000.0,DUPLICATE_PAIR,DEMO DATA — NOT OFFICIAL GOVERNMENT DATA
MPLAD-UT-VAR-01260,"Installation of rooftop solar photovoltaic system at Model Senior Secondary School, Sewapuri","Administrative sanction under MPLADS for: Installation of rooftop solar photovoltaic system at Model Senior Secondary School, Sewapuri. Implemented by State Rural Water Supply & Sanitation Board for public benefit in Sewapuri, Varanasi.",Uttar Pradesh,Varanasi,Varanasi (LS-77),Rohaniya,Sewapuri,25.377975,83.084978,Narendra Modi,Lok Sabha,Education & School Infrastructure,IN_PROGRESS,2024-01-24,2024-12-16,,AGY-JAL-VAR,State Rural Water Supply & Sanitation Board,Line Department,3270000,2844900.0,2452500.0,392400.0,75.0,90.2,classroom_block,2.0,1635000.0,NORMAL,DEMO DATA — NOT OFFICIAL GOVERNMENT DATA
MPLAD-TA-COI-01278,Construction of Check Dam across local seasonal stream for groundwater recharge at Pollachi,"Administrative sanction under MPLADS for: Construction of Check Dam across local seasonal stream for groundwater recharge at Pollachi. Implemented by Shree Balaji Civic Builders for public benefit in Pollachi, Coimbatore.",Tamil Nadu,Coimbatore,Coimbatore (LS-20),Sulur,Pollachi,10.9967,77.001094,Ganapathi P. Rajkumar,Lok Sabha,Irrigation & Flood Control,IN_PROGRESS,2026-02-23,2027-01-04,,AGY-CONTR-103-COI,Shree Balaji Civic Builders,Registered Contractor,5270000,2424200.0,2055300.0,368900.0,39.0,45.8,check_dam,2.8,1882142.86,NORMAL,DEMO DATA — NOT OFFICIAL GOVERNMENT DATA
MPLAD-TA-COI-01153,Development of Rural Sports Playground with boundary wall and athletic track at Pollachi,"Administrative sanction under MPLADS for: Development of Rural Sports Playground with boundary wall and athletic track at Pollachi. Implemented by Zilla Parishad Engineering Cell for public benefit in Pollachi, Coimbatore.",Tamil Nadu,Coimbatore,Coimbatore (LS-20),Sulur,Pollachi,11.01689,77.043139,Ganapathi P. Rajkumar,Lok Sabha,Community Infrastructure,IN_PROGRESS,2023-11-22,2024-07-30,,AGY-ZP-COI,Zilla Parishad Engineering Cell,Panchayati Raj,6490000,6165500.0,4932400.0,1233100.0,76.0,97.2,community_hall,2.3,2821739.13,NORMAL,DEMO DATA — NOT OFFICIAL GOVERNMENT DATA
MPLAD-KA-BEN-01195,Construction of Multi-Purpose Community Hall and Cultural Center for public gatherings at Devanahalli,"Administrative sanction under MPLADS for: Construction of Multi-Purpose Community Hall and Cultural Center for public gatherings at Devanahalli. Implemented by Gram Panchayat Development Committee for public benefit in Devanahalli, Bengaluru Rural.",Karnataka,Bengaluru Rural,Bengaluru Rural (LS-23),Devanahalli,Devanahalli,13.130505,77.615505,C. N. Manjunath,Lok Sabha,Community Infrastructure,IN_PROGRESS,2024-05-12,2025-02-14,,AGY-PRI-BEN,Gram Panchayat Development Committee,Panchayati Raj,14870000,12342100.0,9814200.0,2527900.0,66.0,95.8,community_hall,3.6,4130555.56,NORMAL,DEMO DATA — NOT OFFICIAL GOVERNMENT DATA
MPLAD-UT-VAR-01206,Development of Rural Sports Playground with boundary wall and athletic track at Shivpur,"Administrative sanction under MPLADS for: Development of Rural Sports Playground with boundary wall and athletic track at Shivpur. Implemented by Public Works Department (Div-1) for public benefit in Shivpur, Varanasi.",Uttar Pradesh,Varanasi,Varanasi (LS-77),Rohaniya,Shivpur,25.256494,83.088592,Narendra Modi,Lok Sabha,Community Infrastructure,IN_PROGRESS,2024-03-20,2025-03-11,,AGY-PWD-VAR,Public Works Department (Div-1),Line Department,15950000,14833500.0,12281500.0,2552000.0,77.0,84.3,community_hall,4.1,3890243.9,NORMAL,DEMO DATA — NOT OFFICIAL GOVERNMENT DATA
MPLAD-TA-COI-01058,Construction of Cement Concrete (CC) Road with side drains from Annur to Kinathukadavu,"Administrative sanction under MPLADS for: Construction of Cement Concrete (CC) Road with side drains from Annur to Kinathukadavu. Implemented by District Rural Development Agency for public benefit in Annur, Coimbatore.",Tamil Nadu,Coimbatore,Coimbatore (LS-20),Sulur,Annur,10.986647,76.907667,Ganapathi P. Rajkumar,Lok Sabha,Roads & Pathways,IN_PROGRESS,2024-03-25,2024-11-03,,AGY-DRDA-COI,District Rural Development Agency,Line Department,9540000,7822800.0,6201000.0,1621800.0,65.0,98.2,kilometer,3.1,3077419.35,NORMAL,DEMO DATA — NOT OFFICIAL GOVERNMENT DATA
MPLAD-BI-PAT-01019,Upgradation and modernization of Primary Health Sub-Centre with emergency maternity unit at Danapur,"Administrative sanction under MPLADS for: Upgradation and modernization of Primary Health Sub-Centre with emergency maternity unit at Danapur. Implemented by District Rural Development Agency for public benefit in Danapur, Patna.",Bihar,Patna,Patna Sahib (LS-30),Bakhtiarpur,Danapur,25.648685,85.194472,Ravi Shankar Prasad,Lok Sabha,Health & Sanitation,IN_PROGRESS,2025-10-26,2026-10-06,,AGY-DRDA-PAT,District Rural Development Agency,Line Department,10540000,7799600.0,7378000.0,421600.0,70.0,69.4,facility_center,3.5,3011428.57,NORMAL,DEMO DATA — NOT OFFICIAL GOVERNMENT DATA
MPLAD-TA-COI-01370,"Construction of 2 additional smart classroom blocks at Government Higher Secondary School, Sulur","Administrative sanction under MPLADS for: Construction of 2 additional smart classroom blocks at Government Higher Secondary School, Sulur. Implemented by State Rural Water Supply & Sanitation Board for public benefit in Sulur, Coimbatore.",Tamil Nadu,Coimbatore,Coimbatore (LS-20),Sulur,Sulur,10.971983999999999,77.011366,Ganapathi P. Rajkumar,Lok Sabha,Education & School Infrastructure,IN_PROGRESS,2024-09-17,2025-05-11,,AGY-JAL-COI,State Rural Water Supply & Sanitation Board,Line Department,5920000,4913600.0,4617600.0,296000.0,78.0,81.2,classroom_block,4.6,1286956.52,NORMAL,DEMO DATA — NOT OFFICIAL GOVERNMENT DATA
MPLAD-MA-IND-01524,"Paving and laying of cement concrete road with drainage near Panchayat Hall to Village Entry, Sanwer","Administrative sanction under MPLADS for: Construction of modern girls toilet block and sanitation facility at Primary School, Betma. Implemented by Gram Panchayat Development Committee for public benefit in Betma, Indore.",Madhya Pradesh,Indore,Indore (LS-26),Mhow,Sanwer,22.701391,75.817718,Shankar Lalwani,Lok Sabha,Roads & Pathways,IN_PROGRESS,2026-02-02,2026-12-05,,AGY-PRI-IND,Gram Panchayat Development Committee,Panchayati Raj,6340000,3806000.0,2906400.0,899600.0,42.0,55.5,classroom_block,4.3,3170000.0,DUPLICATE_PAIR,DEMO DATA — NOT OFFICIAL GOVERNMENT DATA
MPLAD-KA-BEN-01133,Installation of Deep Borewell with Solar Dual Pump and overhead storage tank at Magadi,"Administrative sanction under MPLADS for: Installation of Deep Borewell with Solar Dual Pump and overhead storage tank at Magadi. Implemented by Municipal Corporation Public Infrastructure Cell for public benefit in Magadi, Bengaluru Rural.",Karnataka,Bengaluru Rural,Bengaluru Rural (LS-23),Devanahalli,Magadi,13.222731,77.451328,C. N. Manjunath,Lok Sabha,Drinking Water Supply,IN_PROGRESS,2025-04-04,2025-12-22,,AGY-MUNC-BEN,Municipal Corporation Public Infrastructure Cell,Municipal Corporation,1350000,1201500.0,1039500.0,162000.0,77.0,88.1,water_installation,3.0,450000.0,NORMAL,DEMO DATA — NOT OFFICIAL GOVERNMENT DATA
MPLAD-KA-BEN-01421,"Installation of rooftop solar photovoltaic system at Model Senior Secondary School, Magadi","Administrative sanction under MPLADS for: Installation of rooftop solar photovoltaic system at Model Senior Secondary School, Magadi. Implemented by District Rural Development Agency for public benefit in Magadi, Bengaluru Rural. (Contains specialized premium design parameters and expedited specifications).",Karnataka,Bengaluru Rural,Bengaluru Rural (LS-23),Devanahalli,Magadi,13.116792,77.437888,C. N. Manjunath,Lok Sabha,Education & School Infrastructure,IN_PROGRESS,2025-07-19,2026-05-18,,AGY-DRDA-BEN,District Rural Development Agency,Line Department,28420000,25578000.0,21741300.0,3836700.0,76.5,83.2,classroom_block,3.8,7478947.37,COST_OUTLIER,DEMO DATA — NOT OFFICIAL GOVERNMENT DATA
MPLAD-BI-PAT-01391,Setting up of Community RO Water Purification Plant with distribution kiosk at Fatuha,"Administrative sanction under MPLADS for: Setting up of Community RO Water Purification Plant with distribution kiosk at Fatuha. Implemented by District Rural Development Agency for public benefit in Fatuha, Patna.",Bihar,Patna,Patna Sahib (LS-30),Bakhtiarpur,Fatuha,25.552017,85.139874,Ravi Shankar Prasad,Lok Sabha,Drinking Water Supply,IN_PROGRESS,2024-02-09,2024-10-29,,AGY-DRDA-PAT,District Rural Development Agency,Line Department,1530000,1499400.0,1377000.0,122400.0,90.0,87.5,water_installation,2.8,546428.57,NORMAL,DEMO DATA — NOT OFFICIAL GOVERNMENT DATA
MPLAD-WE-DAR-01014,Construction of gabion flood protection retaining wall along vulnerable bank in Naxalbari,"Administrative sanction under MPLADS for: Construction of gabion flood protection retaining wall along vulnerable bank in Naxalbari. Implemented by State Rural Water Supply & Sanitation Board for public benefit in Naxalbari, Darjeeling.",West Bengal,Darjeeling,Darjeeling (LS-04),Kurseong,Naxalbari,26.956831,88.297085,Raju Bista,Lok Sabha,Irrigation & Flood Control,IN_PROGRESS,2025-11-07,2026-05-17,,AGY-JAL-DAR,State Rural Water Supply & Sanitation Board,Line Department,9090000,7362900.0,6999300.0,363600.0,77.0,92.8,check_dam,3.6,2525000.0,NORMAL,DEMO DATA — NOT OFFICIAL GOVERNMENT DATA
MPLAD-MA-PUN-01570,"Setting up of automated diagnostic lab unit at Community Health Centre, Manchar","Administrative sanction under MPLADS for: Setting up of automated diagnostic lab unit at Community Health Centre, Manchar. Implemented by State Rural Water Supply & Sanitation Board for public benefit in Manchar, Pune.",Maharashtra,Pune,Pune (LS-34),Haveli,Manchar,18.502708,73.89597,Murlidhar Mohol,Lok Sabha,Health & Sanitation,IN_PROGRESS,2024-09-27,2025-06-24,,AGY-JAL-PUN,State Rural Water Supply & Sanitation Board,Line Department,8150000,8068500.0,-50000.0,8118500.0,-0.6000000000000001,86.0,facility_center,3.5,2328571.43,DATA_INCONSISTENT,DEMO DATA — NOT OFFICIAL GOVERNMENT DATA
MPLAD-MA-PUN-01295,Upgradation of link road and culvert bridging at Baramati,"Administrative sanction under MPLADS for: Upgradation of link road and culvert bridging at Baramati. Implemented by Public Works Department (Div-1) for public benefit in Baramati, Pune.",Maharashtra,Pune,Pune (LS-34),Haveli,Baramati,18.566059,73.843831,Murlidhar Mohol,Lok Sabha,Roads & Pathways,IN_PROGRESS,2024-04-08,2025-03-09,,AGY-PWD-PUN,Public Works Department (Div-1),Line Department,9010000,7388200.0,5676300.0,1711900.0,63.0,99.9,kilometer,3.2,2815625.0,NORMAL,DEMO DATA — NOT OFFICIAL GOVERNMENT DATA
MPLAD-TA-COI-01222,Paving of interlocking paver block street in Mettupalayam Ward 4,"Administrative sanction under MPLADS for: Paving of interlocking paver block street in Mettupalayam Ward 4. Implemented by Zilla Parishad Engineering Cell for public benefit in Mettupalayam, Coimbatore.",Tamil Nadu,Coimbatore,Coimbatore (LS-20),Sulur,Mettupalayam,10.964651,76.942141,Ganapathi P. Rajkumar,Lok Sabha,Roads & Pathways,IN_PROGRESS,2025-09-22,2026-09-15,,AGY-ZP-COI,Zilla Parishad Engineering Cell,Panchayati Raj,12490000,11740600.0,10491600.0,1249000.0,84.0,80.1,kilometer,4.2,2973809.52,NORMAL,DEMO DATA — NOT OFFICIAL GOVERNMENT DATA
MPLAD-TA-COI-01166,"Installation of rooftop solar photovoltaic system at Model Senior Secondary School, Sulur","Administrative sanction under MPLADS for: Installation of rooftop solar photovoltaic system at Model Senior Secondary School, Sulur. Implemented by Public Works Department (Div-1) for public benefit in Sulur, Coimbatore.",Tamil Nadu,Coimbatore,Coimbatore (LS-20),Sulur,Sulur,11.010898,76.921806,Ganapathi P. Rajkumar,Lok Sabha,Education & School Infrastructure,IN_PROGRESS,2025-09-01,2026-07-26,,AGY-PWD-COI,Public Works Department (Div-1),Line Department,7340000,6899600.0,6459200.0,440400.0,88.0,89.5,classroom_block,4.2,1747619.05,NORMAL,DEMO DATA — NOT OFFICIAL GOVERNMENT DATA
MPLAD-KA-BEN-01247,Laying of piped drinking water distribution network for scheduled caste colony in Nelamangala,"Administrative sanction under MPLADS for: Laying of piped drinking water distribution network for scheduled caste colony in Nelamangala. Implemented by Zilla Parishad Engineering Cell for public benefit in Nelamangala, Bengaluru Rural.",Karnataka,Bengaluru Rural,Bengaluru Rural (LS-23),Devanahalli,Nelamangala,13.320229,77.497295,C. N. Manjunath,Lok Sabha,Drinking Water Supply,IN_PROGRESS,2026-04-30,2027-01-15,,AGY-ZP-BEN,Zilla Parishad Engineering Cell,Panchayati Raj,1040000,343200.0,280800.0,62400.0,27.0,29.3,water_installation,2.0,520000.0,NORMAL,DEMO DATA — NOT OFFICIAL GOVERNMENT DATA
MPLAD-MA-PUN-01240,Desilting and embankment strengthening of drainage canal serving agricultural fields in Shivajinagar,"Administrative sanction under MPLADS for: Desilting and embankment strengthening of drainage canal serving agricultural fields in Shivajinagar. Implemented by State Rural Water Supply & Sanitation Board for public benefit in Shivajinagar, Pune.",Maharashtra,Pune,Pune (LS-34),Haveli,Shivajinagar,18.594753,73.75926,Murlidhar Mohol,Lok Sabha,Irrigation & Flood Control,IN_PROGRESS,2024-12-18,2025-09-04,,AGY-JAL-PUN,State Rural Water Supply & Sanitation Board,Line Department,3500000,2870000.0,2765000.0,105000.0,79.0,93.8,check_dam,2.3,1521739.13,NORMAL,DEMO DATA — NOT OFFICIAL GOVERNMENT DATA
MPLAD-MA-IND-01490,Construction of modern cremation shed with solar lighting and water facility at Betma,"Administrative sanction under MPLADS for: Construction of modern cremation shed with solar lighting and water facility at Betma. Implemented by Apex Engineering & Construction Syndicate for public benefit in Betma, Indore.",Madhya Pradesh,Indore,Indore (LS-26),Mhow,Betma,22.756615,75.934833,Shankar Lalwani,Lok Sabha,Community Infrastructure,STALLED,2023-06-10,2024-04-05,,AGY-CONTR-102-IND,Apex Engineering & Construction Syndicate,Registered Contractor,19000000,13300000.0,11305000.0,1995000.0,59.5,27.0,community_hall,4.5,4222222.22,DELAYED_PROJECT,DEMO DATA — NOT OFFICIAL GOVERNMENT DATA
MPLAD-MA-PUN-01309,Construction of Multi-Purpose Community Hall and Cultural Center for public gatherings at Baramati,"Administrative sanction under MPLADS for: Construction of Multi-Purpose Community Hall and Cultural Center for public gatherings at Baramati. Implemented by Vanguard Infra Projects Pvt Ltd for public benefit in Baramati, Pune.",Maharashtra,Pune,Pune (LS-34),Haveli,Baramati,18.544781,73.874286,Murlidhar Mohol,Lok Sabha,Community Infrastructure,IN_PROGRESS,2025-12-13,2026-06-20,,AGY-CONTR-101-PUN,Vanguard Infra Projects Pvt Ltd,Registered Contractor,8810000,7752800.0,7048000.0,704800.0,80.0,83.7,community_hall,2.6,3388461.54,NORMAL,DEMO DATA — NOT OFFICIAL GOVERNMENT DATA
MPLAD-WE-DAR-01387,Rejuvenation of traditional percolation tank and public drinking well at Siliguri,"Administrative sanction under MPLADS for: Rejuvenation of traditional percolation tank and public drinking well at Siliguri. Implemented by Public Works Department (Div-1) for public benefit in Siliguri, Darjeeling.",West Bengal,Darjeeling,Darjeeling (LS-04),Kurseong,Siliguri,27.088655,88.331699,Raju Bista,Lok Sabha,Drinking Water Supply,IN_PROGRESS,2024-03-15,2025-01-02,,AGY-PWD-DAR,Public Works Department (Div-1),Line Department,2280000,2188800.0,1664400.0,524400.0,73.0,86.0,water_installation,4.4,518181.82,NORMAL,DEMO DATA — NOT OFFICIAL GOVERNMENT DATA
MPLAD-RA-JAI-01423,"Construction of 2 additional smart classroom blocks at Government Higher Secondary School, Jhotwara","Administrative sanction under MPLADS for: Construction of 2 additional smart classroom blocks at Government Higher Secondary School, Jhotwara. Implemented by Municipal Corporation Public Infrastructure Cell for public benefit in Jhotwara, Jaipur. (Contains specialized premium design parameters and expedited specifications).",Rajasthan,Jaipur,Jaipur (LS-07),Sanganer,Jhotwara,27.032043,75.86727,Manju Sharma,Lok Sabha,Education & School Infrastructure,IN_PROGRESS,2024-12-08,2025-12-04,,AGY-MUNC-JAI,Municipal Corporation Public Infrastructure Cell,Municipal Corporation,31730000,28557000.0,24273450.0,4283550.0,76.5,88.3,classroom_block,4.4,7211363.64,COST_OUTLIER,DEMO DATA — NOT OFFICIAL GOVERNMENT DATA
MPLAD-MA-PUN-01559,Construction of gabion flood protection retaining wall along vulnerable bank in Manchar,"Administrative sanction under MPLADS for: Construction of gabion flood protection retaining wall along vulnerable bank in Manchar. Implemented by Vanguard Infra Projects Pvt Ltd for public benefit in Manchar, Pune.",Maharashtra,Pune,Pune (LS-34),Haveli,Manchar,18.588229,73.764269,Murlidhar Mohol,Lok Sabha,Irrigation & Flood Control,IN_PROGRESS,2024-12-24,2025-07-05,,AGY-CONTR-101-PUN,Vanguard Infra Projects Pvt Ltd,Registered Contractor,9170000,7702800.0,6602400.0,1100400.0,72.0,88.5,check_dam,4.3,2132558.14,AGENCY_MONOPOLY,DEMO DATA — NOT OFFICIAL GOVERNMENT DATA
MPLAD-TA-COI-01576,Upgradation and modernization of Primary Health Sub-Centre with emergency maternity unit at Annur,"Administrative sanction under MPLADS for: Upgradation and modernization of Primary Health Sub-Centre with emergency maternity unit at Annur. Implemented by Zilla Parishad Engineering Cell for public benefit in Annur, Coimbatore.",Tamil Nadu,Coimbatore,Coimbatore (LS-20),Sulur,Annur,11.081916,76.904436,Ganapathi P. Rajkumar,Lok Sabha,Health & Sanitation,IN_PROGRESS,2025-10-03,2026-06-30,,AGY-ZP-COI,Zilla Parishad Engineering Cell,Panchayati Raj,11760000,9408000.0,-50000.0,9458000.0,-0.4,80.1,facility_center,3.8,3094736.84,DATA_INCONSISTENT,DEMO DATA — NOT OFFICIAL GOVERNMENT DATA
MPLAD-WE-DAR-01521,Construction of Cement Concrete (CC) Road and side drains from Panchayat Bhawan to Main Gate in Naxalbari,"Administrative sanction under MPLADS for: Paving of interlocking paver block street in Sukhiapokhri Ward 4. Implemented by Zilla Parishad Engineering Cell for public benefit in Sukhiapokhri, Darjeeling.",West Bengal,Darjeeling,Darjeeling (LS-04),Kurseong,Naxalbari,26.995891,88.212367,Raju Bista,Lok Sabha,Roads & Pathways,IN_PROGRESS,2025-06-08,2026-05-19,,AGY-ZP-DAR,Zilla Parishad Engineering Cell,Panchayati Raj,3900000,5896800.0,4600800.0,1296000.0,71.0,89.5,kilometer,3.1,1950000.0,DUPLICATE_PAIR,DEMO DATA — NOT OFFICIAL GOVERNMENT DATA
MPLAD-MA-PUN-01173,"Installation of rooftop solar photovoltaic system at Model Senior Secondary School, Khadakwasla","Administrative sanction under MPLADS for: Installation of rooftop solar photovoltaic system at Model Senior Secondary School, Khadakwasla. Implemented by State Rural Water Supply & Sanitation Board for public benefit in Khadakwasla, Pune.",Maharashtra,Pune,Pune (LS-34),Haveli,Khadakwasla,18.512785,73.926487,Murlidhar Mohol,Lok Sabha,Education & School Infrastructure,IN_PROGRESS,2025-03-01,2026-02-23,,AGY-JAL-PUN,State Rural Water Supply & Sanitation Board,Line Department,3110000,2892300.0,2332500.0,559800.0,75.0,88.8,classroom_block,2.5,1244000.0,NORMAL,DEMO DATA — NOT OFFICIAL GOVERNMENT DATA
MPLAD-TA-COI-01286,Paving of interlocking paver block street in Annur Ward 4,"Administrative sanction under MPLADS for: Paving of interlocking paver block street in Annur Ward 4. Implemented by Gram Panchayat Development Committee for public benefit in Annur, Coimbatore.",Tamil Nadu,Coimbatore,Coimbatore (LS-20),Sulur,Annur,10.958579,77.011519,Ganapathi P. Rajkumar,Lok Sabha,Roads & Pathways,IN_PROGRESS,2025-08-27,2026-07-22,,AGY-PRI-COI,Gram Panchayat Development Committee,Panchayati Raj,12610000,10844600.0,9709700.0,1134900.0,77.0,94.9,kilometer,4.0,3152500.0,NORMAL,DEMO DATA — NOT OFFICIAL GOVERNMENT DATA
MPLAD-WE-DAR-01435,Construction of gabion flood protection retaining wall along vulnerable bank in Kalimpong,"Administrative sanction under MPLADS for: Construction of gabion flood protection retaining wall along vulnerable bank in Kalimpong. Implemented by Apex Engineering & Construction Syndicate for public benefit in Kalimpong, Darjeeling. (Contains specialized premium design parameters and expedited specifications).",West Bengal,Darjeeling,Darjeeling (LS-04),Kurseong,Kalimpong,27.019008,88.328172,Raju Bista,Lok Sabha,Irrigation & Flood Control,IN_PROGRESS,2025-06-30,2026-03-04,,AGY-CONTR-102-DAR,Apex Engineering & Construction Syndicate,Registered Contractor,34190000,30771000.0,26155350.0,4615650.0,76.5,90.7,check_dam,4.0,8547500.0,COST_OUTLIER,DEMO DATA — NOT OFFICIAL GOVERNMENT DATA
MPLAD-MA-IND-01120,Desilting and embankment strengthening of drainage canal serving agricultural fields in Mhow,"Administrative sanction under MPLADS for: Desilting and embankment strengthening of drainage canal serving agricultural fields in Mhow. Implemented by Zilla Parishad Engineering Cell for public benefit in Mhow, Indore.",Madhya Pradesh,Indore,Indore (LS-26),Mhow,Mhow,22.676246,75.832415,Shankar Lalwani,Lok Sabha,Irrigation & Flood Control,IN_PROGRESS,2024-01-25,2024-12-03,,AGY-ZP-IND,Zilla Parishad Engineering Cell,Panchayati Raj,10180000,8551200.0,7940400.0,610800.0,78.0,98.8,check_dam,4.5,2262222.22,NORMAL,DEMO DATA — NOT OFFICIAL GOVERNMENT DATA
MPLAD-WE-DAR-01505,Procurement of Basic Life Support Mobile Ambulance van for community health services in Darjeeling,"Administrative sanction under MPLADS for: Procurement of Basic Life Support Mobile Ambulance van for community health services in Darjeeling. Implemented by Zilla Parishad Engineering Cell for public benefit in Siliguri, Darjeeling.",West Bengal,Darjeeling,Darjeeling (LS-04),Kurseong,Siliguri,27.084972,88.272243,Raju Bista,Lok Sabha,Health & Sanitation,STALLED,2023-03-30,2024-01-24,,AGY-ZP-DAR,Zilla Parishad Engineering Cell,Panchayati Raj,11390000,7973000.0,6777050.0,1195950.0,59.5,28.3,facility_center,3.9,2920512.82,DELAYED_PROJECT,DEMO DATA — NOT OFFICIAL GOVERNMENT DATA
MPLAD-WE-DAR-01522,"Paving and laying of cement concrete road with drainage near Panchayat Hall to Village Entry, Naxalbari","Administrative sanction under MPLADS for: Paving of interlocking paver block street in Sukhiapokhri Ward 4. Implemented by Zilla Parishad Engineering Cell for public benefit in Sukhiapokhri, Darjeeling.",West Bengal,Darjeeling,Darjeeling (LS-04),Kurseong,Naxalbari,26.995891,88.212367,Raju Bista,Lok Sabha,Roads & Pathways,IN_PROGRESS,2025-07-23,2026-05-19,,AGY-ZP-DAR,Zilla Parishad Engineering Cell,Panchayati Raj,3820000,5896800.0,4600800.0,1296000.0,71.0,89.5,kilometer,3.1,1910000.0,DUPLICATE_PAIR,DEMO DATA — NOT OFFICIAL GOVERNMENT DATA
MPLAD-MA-IND-01509,Construction of Community Sanitary Complex with biological septic filtration in Rau,"Administrative sanction under MPLADS for: Construction of Community Sanitary Complex with biological septic filtration in Rau. Implemented by State Rural Water Supply & Sanitation Board for public benefit in Rau, Indore.",Madhya Pradesh,Indore,Indore (LS-26),Mhow,Rau,22.749689,75.927226,Shankar Lalwani,Lok Sabha,Health & Sanitation,STALLED,2023-03-27,2024-01-21,,AGY-JAL-IND,State Rural Water Supply & Sanitation Board,Line Department,9990000,6993000.0,5944050.0,1048950.0,59.5,43.2,facility_center,4.4,2270454.55,DELAYED_PROJECT,DEMO DATA — NOT OFFICIAL GOVERNMENT DATA
MPLAD-MA-IND-01113,Desilting and embankment strengthening of drainage canal serving agricultural fields in Sanwer,"Administrative sanction under MPLADS for: Desilting and embankment strengthening of drainage canal serving agricultural fields in Sanwer. Implemented by Vanguard Infra Projects Pvt Ltd for public benefit in Sanwer, Indore.",Madhya Pradesh,Indore,Indore (LS-26),Mhow,Sanwer,22.787301,75.859388,Shankar Lalwani,Lok Sabha,Irrigation & Flood Control,IN_PROGRESS,2026-03-31,2027-03-10,,AGY-CONTR-101-IND,Vanguard Infra Projects Pvt Ltd,Registered Contractor,4820000,1976200.0,1687000.0,289200.0,35.0,29.4,check_dam,3.0,1606666.67,NORMAL,DEMO DATA — NOT OFFICIAL GOVERNMENT DATA
MPLAD-WE-DAR-01015,Setting up of Community RO Water Purification Plant with distribution kiosk at Naxalbari,"Administrative sanction under MPLADS for: Setting up of Community RO Water Purification Plant with distribution kiosk at Naxalbari. Implemented by Public Works Department (Div-1) for public benefit in Naxalbari, Darjeeling.",West Bengal,Darjeeling,Darjeeling (LS-04),Kurseong,Naxalbari,27.107082,88.277528,Raju Bista,Lok Sabha,Drinking Water Supply,IN_PROGRESS,2025-12-13,2026-07-22,,AGY-PWD-DAR,Public Works Department (Div-1),Line Department,1280000,1088000.0,947200.0,140800.0,74.0,97.4,water_installation,3.6,355555.56,NORMAL,DEMO DATA — NOT OFFICIAL GOVERNMENT DATA
MPLAD-MA-IND-01088,Laying of piped drinking water distribution network for scheduled caste colony in Sanwer,"Administrative sanction under MPLADS for: Laying of piped drinking water distribution network for scheduled caste colony in Sanwer. Implemented by Zilla Parishad Engineering Cell for public benefit in Sanwer, Indore.",Madhya Pradesh,Indore,Indore (LS-26),Mhow,Sanwer,22.752468,75.858552,Shankar Lalwani,Lok Sabha,Drinking Water Supply,IN_PROGRESS,2024-09-08,2025-08-19,,AGY-ZP-IND,Zilla Parishad Engineering Cell,Panchayati Raj,1040000,988000.0,956800.0,31200.0,92.0,89.5,water_installation,2.9,358620.69,NORMAL,DEMO DATA — NOT OFFICIAL GOVERNMENT DATA
MPLAD-TA-COI-01379,Bituminous macadam surfacing of rural connectivity pathway near Annur main square,"Administrative sanction under MPLADS for: Bituminous macadam surfacing of rural connectivity pathway near Annur main square. Implemented by Shree Balaji Civic Builders for public benefit in Annur, Coimbatore.",Tamil Nadu,Coimbatore,Coimbatore (LS-20),Sulur,Annur,10.986999,76.907334,Ganapathi P. Rajkumar,Lok Sabha,Roads & Pathways,IN_PROGRESS,2023-12-04,2024-07-28,,AGY-CONTR-103-COI,Shree Balaji Civic Builders,Registered Contractor,8980000,7273800.0,6016600.0,1257200.0,67.0,86.3,kilometer,3.3,2721212.12,NORMAL,DEMO DATA — NOT OFFICIAL GOVERNMENT DATA
MPLAD-TA-COI-01333,"Establishment of Composite Science and STEM Laboratory at Zilla Parishad High School, Sulur","Administrative sanction under MPLADS for: Establishment of Composite Science and STEM Laboratory at Zilla Parishad High School, Sulur. Implemented by Municipal Corporation Public Infrastructure Cell for public benefit in Sulur, Coimbatore.",Tamil Nadu,Coimbatore,Coimbatore (LS-20),Sulur,Sulur,10.965133,77.020881,Ganapathi P. Rajkumar,Lok Sabha,Education & School Infrastructure,IN_PROGRESS,2026-01-07,2026-08-21,,AGY-MUNC-COI,Municipal Corporation Public Infrastructure Cell,Municipal Corporation,6270000,5705700.0,5329500.0,376200.0,85.0,84.2,classroom_block,4.0,1567500.0,NORMAL,DEMO DATA — NOT OFFICIAL GOVERNMENT DATA
MPLAD-MA-PUN-01356,Setting up of Community RO Water Purification Plant with distribution kiosk at Manchar,"Administrative sanction under MPLADS for: Setting up of Community RO Water Purification Plant with distribution kiosk at Manchar. Implemented by Shree Balaji Civic Builders for public benefit in Manchar, Pune.",Maharashtra,Pune,Pune (LS-34),Haveli,Manchar,18.634971,73.840333,Murlidhar Mohol,Lok Sabha,Drinking Water Supply,IN_PROGRESS,2024-05-10,2025-04-28,,AGY-CONTR-103-PUN,Shree Balaji Civic Builders,Registered Contractor,2080000,1809600.0,1539200.0,270400.0,74.0,87.0,water_installation,5.0,416000.0,NORMAL,DEMO DATA — NOT OFFICIAL GOVERNMENT DATA
MPLAD-MA-PUN-01571,Setting up of Community RO Water Purification Plant with distribution kiosk at Shivajinagar,"Administrative sanction under MPLADS for: Setting up of Community RO Water Purification Plant with distribution kiosk at Shivajinagar. Implemented by Vanguard Infra Projects Pvt Ltd for public benefit in Shivajinagar, Pune.",Maharashtra,Pune,Pune (LS-34),Haveli,Shivajinagar,18.634222,73.900131,Murlidhar Mohol,Lok Sabha,Drinking Water Supply,IN_PROGRESS,2026-02-12,2026-08-18,,AGY-CONTR-101-PUN,Vanguard Infra Projects Pvt Ltd,Registered Contractor,1770000,1663800.0,1398300.0,265500.0,79.0,125.0,water_installation,4.7,376595.74,DATA_INCONSISTENT,DEMO DATA — NOT OFFICIAL GOVERNMENT DATA
MPLAD-MA-PUN-01545,Laying of underground irrigation pipeline connecting minor irrigation tank to farmlands at Shivajinagar,"Administrative sanction under MPLADS for: Laying of underground irrigation pipeline connecting minor irrigation tank to farmlands at Shivajinagar. Implemented by Vanguard Infra Projects Pvt Ltd for public benefit in Shivajinagar, Pune.",Maharashtra,Pune,Pune (LS-34),Haveli,Shivajinagar,18.508734,73.947454,Murlidhar Mohol,Lok Sabha,Irrigation & Flood Control,IN_PROGRESS,2025-04-14,2025-11-20,,AGY-CONTR-101-PUN,Vanguard Infra Projects Pvt Ltd,Registered Contractor,3110000,2892300.0,2270300.0,622000.0,73.0,89.7,check_dam,1.6,1943750.0,AGENCY_MONOPOLY,DEMO DATA — NOT OFFICIAL GOVERNMENT DATA
MPLAD-BI-PAT-01099,Desilting and embankment strengthening of drainage canal serving agricultural fields in Bakhtiarpur,"Administrative sanction under MPLADS for: Desilting and embankment strengthening of drainage canal serving agricultural fields in Bakhtiarpur. Implemented by District Rural Development Agency for public benefit in Bakhtiarpur, Patna.",Bihar,Patna,Patna Sahib (LS-30),Bakhtiarpur,Bakhtiarpur,25.582129,85.115128,Ravi Shankar Prasad,Lok Sabha,Irrigation & Flood Control,IN_PROGRESS,2024-09-20,2025-06-08,,AGY-DRDA-PAT,District Rural Development Agency,Line Department,8600000,7998000.0,6020000.0,1978000.0,70.0,85.7,check_dam,4.8,1791666.67,NORMAL,DEMO DATA — NOT OFFICIAL GOVERNMENT DATA
MPLAD-UT-VAR-01431,Construction of gabion flood protection retaining wall along vulnerable bank in Rohaniya,"Administrative sanction under MPLADS for: Construction of gabion flood protection retaining wall along vulnerable bank in Rohaniya. Implemented by District Rural Development Agency for public benefit in Rohaniya, Varanasi. (Contains specialized premium design parameters and expedited specifications).",Uttar Pradesh,Varanasi,Varanasi (LS-77),Rohaniya,Rohaniya,25.327736,83.015699,Narendra Modi,Lok Sabha,Irrigation & Flood Control,IN_PROGRESS,2025-11-21,2026-09-12,,AGY-DRDA-VAR,District Rural Development Agency,Line Department,31590000,28431000.0,24166350.0,4264650.0,76.5,79.7,check_dam,4.6,6867391.3,COST_OUTLIER,DEMO DATA — NOT OFFICIAL GOVERNMENT DATA
MPLAD-WE-DAR-01131,Construction of Community Sanitary Complex with biological septic filtration in Kalimpong,"Administrative sanction under MPLADS for: Construction of Community Sanitary Complex with biological septic filtration in Kalimpong. Implemented by Vanguard Infra Projects Pvt Ltd for public benefit in Kalimpong, Darjeeling.",West Bengal,Darjeeling,Darjeeling (LS-04),Kurseong,Kalimpong,26.962622,88.338109,Raju Bista,Lok Sabha,Health & Sanitation,IN_PROGRESS,2024-09-21,2025-03-29,,AGY-CONTR-101-DAR,Vanguard Infra Projects Pvt Ltd,Registered Contractor,10690000,8658900.0,7910600.0,748300.0,74.0,94.1,facility_center,4.2,2545238.1,NORMAL,DEMO DATA — NOT OFFICIAL GOVERNMENT DATA
MPLAD-MA-IND-01369,Installation of Deep Borewell with Solar Dual Pump and overhead storage tank at Rau,"Administrative sanction under MPLADS for: Installation of Deep Borewell with Solar Dual Pump and overhead storage tank at Rau. Implemented by Gram Panchayat Development Committee for public benefit in Rau, Indore.",Madhya Pradesh,Indore,Indore (LS-26),Mhow,Rau,22.795781,75.929499,Shankar Lalwani,Lok Sabha,Drinking Water Supply,IN_PROGRESS,2024-09-27,2025-06-24,,AGY-PRI-IND,Gram Panchayat Development Committee,Panchayati Raj,1400000,1162000.0,1036000.0,126000.0,74.0,92.4,water_installation,4.1,341463.41,NORMAL,DEMO DATA — NOT OFFICIAL GOVERNMENT DATA
MPLAD-MA-IND-01218,Procurement of Basic Life Support Mobile Ambulance van for community health services in Indore,"Administrative sanction under MPLADS for: Procurement of Basic Life Support Mobile Ambulance van for community health services in Indore. Implemented by Municipal Corporation Public Infrastructure Cell for public benefit in Mhow, Indore.",Madhya Pradesh,Indore,Indore (LS-26),Mhow,Mhow,22.738149,75.930069,Shankar Lalwani,Lok Sabha,Health & Sanitation,IN_PROGRESS,2024-05-14,2024-11-19,,AGY-MUNC-IND,Municipal Corporation Public Infrastructure Cell,Municipal Corporation,11540000,10386000.0,8193400.0,2192600.0,71.0,99.2,facility_center,4.7,2455319.15,NORMAL,DEMO DATA — NOT OFFICIAL GOVERNMENT DATA
MPLAD-MA-PUN-01393,Development of Rural Sports Playground with boundary wall and athletic track at Shivajinagar,"Administrative sanction under MPLADS for: Development of Rural Sports Playground with boundary wall and athletic track at Shivajinagar. Implemented by District Rural Development Agency for public benefit in Shivajinagar, Pune.",Maharashtra,Pune,Pune (LS-34),Haveli,Shivajinagar,18.469853,73.894761,Murlidhar Mohol,Lok Sabha,Community Infrastructure,IN_PROGRESS,2025-04-14,2025-10-18,,AGY-DRDA-PUN,District Rural Development Agency,Line Department,9160000,8152400.0,6686800.0,1465600.0,73.0,83.1,community_hall,3.0,3053333.33,NORMAL,DEMO DATA — NOT OFFICIAL GOVERNMENT DATA
MPLAD-TA-COI-01525,Construction of Cement Concrete (CC) Road and side drains from Panchayat Bhawan to Main Gate in Mettupalayam,"Administrative sanction under MPLADS for: Installation of Deep Borewell with Solar Dual Pump and overhead storage tank at Sulur. Implemented by Public Works Department (Div-1) for public benefit in Sulur, Coimbatore.",Tamil Nadu,Coimbatore,Coimbatore (LS-20),Sulur,Mettupalayam,10.97598,77.027917,Ganapathi P. Rajkumar,Lok Sabha,Roads & Pathways,IN_PROGRESS,2026-02-28,2026-11-05,,AGY-PWD-COI,Public Works Department (Div-1),Line Department,4500000,522600.0,421200.0,101400.0,54.0,57.2,water_installation,2.1,2250000.0,DUPLICATE_PAIR,DEMO DATA — NOT OFFICIAL GOVERNMENT DATA
MPLAD-TA-COI-01188,Construction of Cement Concrete (CC) Road with side drains from Annur to Pollachi,"Administrative sanction under MPLADS for: Construction of Cement Concrete (CC) Road with side drains from Annur to Pollachi. Implemented by Shree Balaji Civic Builders for public benefit in Annur, Coimbatore.",Tamil Nadu,Coimbatore,Coimbatore (LS-20),Sulur,Annur,11.086882,76.939245,Ganapathi P. Rajkumar,Lok Sabha,Roads & Pathways,IN_PROGRESS,2026-01-08,2026-07-21,,AGY-CONTR-103-COI,Shree Balaji Civic Builders,Registered Contractor,4280000,3595200.0,3081600.0,513600.0,72.0,89.0,kilometer,1.9,2252631.58,NORMAL,DEMO DATA — NOT OFFICIAL GOVERNMENT DATA
MPLAD-MA-IND-01313,Upgradation and modernization of Primary Health Sub-Centre with emergency maternity unit at Mhow,"Administrative sanction under MPLADS for: Upgradation and modernization of Primary Health Sub-Centre with emergency maternity unit at Mhow. Implemented by Gram Panchayat Development Committee for public benefit in Mhow, Indore.",Madhya Pradesh,Indore,Indore (LS-26),Mhow,Mhow,22.745849,75.825576,Shankar Lalwani,Lok Sabha,Health & Sanitation,IN_PROGRESS,2024-04-12,2025-01-30,,AGY-PRI-IND,Gram Panchayat Development Committee,Panchayati Raj,5600000,4984000.0,3976000.0,1008000.0,71.0,95.9,facility_center,2.0,2800000.0,NORMAL,DEMO DATA — NOT OFFICIAL GOVERNMENT DATA
MPLAD-MA-PUN-01549,"Construction of 2 additional smart classroom blocks at Government Higher Secondary School, Shirur","Administrative sanction under MPLADS for: Construction of 2 additional smart classroom blocks at Government Higher Secondary School, Shirur. Implemented by Vanguard Infra Projects Pvt Ltd for public benefit in Shirur, Pune.",Maharashtra,Pune,Pune (LS-34),Haveli,Shirur,18.588921,73.905405,Murlidhar Mohol,Lok Sabha,Education & School Infrastructure,IN_PROGRESS,2025-10-18,2026-05-07,,AGY-CONTR-101-PUN,Vanguard Infra Projects Pvt Ltd,Registered Contractor,2730000,2265900.0,1911000.0,354900.0,70.0,96.6,classroom_block,2.0,1365000.0,AGENCY_MONOPOLY,DEMO DATA — NOT OFFICIAL GOVERNMENT DATA
MPLAD-KA-BEN-01449,Upgradation and modernization of Primary Health Sub-Centre with emergency maternity unit at Magadi,"Administrative sanction under MPLADS for: Upgradation and modernization of Primary Health Sub-Centre with emergency maternity unit at Magadi. Implemented by Gram Panchayat Development Committee for public benefit in Magadi, Bengaluru Rural.",Karnataka,Bengaluru Rural,Bengaluru Rural (LS-23),Devanahalli,Magadi,13.219967,77.511334,C. N. Manjunath,Lok Sabha,Health & Sanitation,IN_PROGRESS,2024-09-08,2025-05-23,,AGY-PRI-BEN,Gram Panchayat Development Committee,Panchayati Raj,4400000,3960508.07,3714599.97,245908.1,84.4,10.4,facility_center,1.6,2750000.0,HIGH_SPEND_LOW_PROGRESS,DEMO DATA — NOT OFFICIAL GOVERNMENT DATA
MPLAD-MA-PUN-01500,"Construction of 2 additional smart classroom blocks at Government Higher Secondary School, Shivajinagar","Administrative sanction under MPLADS for: Construction of 2 additional smart classroom blocks at Government Higher Secondary School, Shivajinagar. Implemented by Zilla Parishad Engineering Cell for public benefit in Shivajinagar, Pune.",Maharashtra,Pune,Pune (LS-34),Haveli,Shivajinagar,18.583169,73.825302,Murlidhar Mohol,Lok Sabha,Education & School Infrastructure,STALLED,2023-03-19,2024-01-13,,AGY-ZP-PUN,Zilla Parishad Engineering Cell,Panchayati Raj,2560000,1792000.0,1523200.0,268800.0,59.5,29.6,classroom_block,2.1,1219047.62,DELAYED_PROJECT,DEMO DATA — NOT OFFICIAL GOVERNMENT DATA
MPLAD-TA-COI-01488,Setting up of Community RO Water Purification Plant with distribution kiosk at Mettupalayam,"Administrative sanction under MPLADS for: Setting up of Community RO Water Purification Plant with distribution kiosk at Mettupalayam. Implemented by District Rural Development Agency for public benefit in Mettupalayam, Coimbatore.",Tamil Nadu,Coimbatore,Coimbatore (LS-20),Sulur,Mettupalayam,11.078992,77.017184,Ganapathi P. Rajkumar,Lok Sabha,Drinking Water Supply,STALLED,2023-03-07,2024-01-01,,AGY-DRDA-COI,District Rural Development Agency,Line Department,1560000,1092000.0,928200.0,163800.0,59.5,44.9,water_installation,3.7,421621.62,DELAYED_PROJECT,DEMO DATA — NOT OFFICIAL GOVERNMENT DATA
MPLAD-TA-COI-01402,Construction of modern cremation shed with solar lighting and water facility at Sulur,"Administrative sanction under MPLADS for: Construction of modern cremation shed with solar lighting and water facility at Sulur. Implemented by State Rural Water Supply & Sanitation Board for public benefit in Sulur, Coimbatore.",Tamil Nadu,Coimbatore,Coimbatore (LS-20),Sulur,Sulur,11.088981,76.917505,Ganapathi P. Rajkumar,Lok Sabha,Community Infrastructure,IN_PROGRESS,2024-02-16,2024-12-19,,AGY-JAL-COI,State Rural Water Supply & Sanitation Board,Line Department,7610000,7001200.0,6772900.0,228300.0,89.0,91.4,community_hall,2.2,3459090.91,NORMAL,DEMO DATA — NOT OFFICIAL GOVERNMENT DATA
MPLAD-BI-PAT-01082,"Construction of 2 additional smart classroom blocks at Government Higher Secondary School, Barh","Administrative sanction under MPLADS for: Construction of 2 additional smart classroom blocks at Government Higher Secondary School, Barh. Implemented by Vanguard Infra Projects Pvt Ltd for public benefit in Barh, Patna.",Bihar,Patna,Patna Sahib (LS-30),Bakhtiarpur,Barh,25.576811,85.061534,Ravi Shankar Prasad,Lok Sabha,Education & School Infrastructure,IN_PROGRESS,2025-09-11,2026-04-24,,AGY-CONTR-101-PAT,Vanguard Infra Projects Pvt Ltd,Registered Contractor,1670000,1619900.0,1452900.0,167000.0,87.0,89.1,classroom_block,1.2,1391666.67,NORMAL,DEMO DATA — NOT OFFICIAL GOVERNMENT DATA
MPLAD-MA-PUN-01054,"Construction of 2 additional smart classroom blocks at Government Higher Secondary School, Khadakwasla","Administrative sanction under MPLADS for: Construction of 2 additional smart classroom blocks at Government Higher Secondary School, Khadakwasla. Implemented by Zilla Parishad Engineering Cell for public benefit in Khadakwasla, Pune.",Maharashtra,Pune,Pune (LS-34),Haveli,Khadakwasla,18.528368,73.792044,Murlidhar Mohol,Lok Sabha,Education & School Infrastructure,IN_PROGRESS,2023-12-04,2024-08-05,,AGY-ZP-PUN,Zilla Parishad Engineering Cell,Panchayati Raj,1250000,1237500.0,1137500.0,100000.0,91.0,90.4,classroom_block,1.1,1136363.64,NORMAL,DEMO DATA — NOT OFFICIAL GOVERNMENT DATA
MPLAD-MA-PUN-01403,"Construction of modern girls toilet block and sanitation facility at Primary School, Shirur","Administrative sanction under MPLADS for: Construction of modern girls toilet block and sanitation facility at Primary School, Shirur. Implemented by Municipal Corporation Public Infrastructure Cell for public benefit in Shirur, Pune.",Maharashtra,Pune,Pune (LS-34),Haveli,Shirur,18.559463,73.855308,Murlidhar Mohol,Lok Sabha,Education & School Infrastructure,IN_PROGRESS,2025-04-12,2025-10-22,,AGY-MUNC-PUN,Municipal Corporation Public Infrastructure Cell,Municipal Corporation,4980000,4930200.0,3784800.0,1145400.0,76.0,89.0,classroom_block,3.9,1276923.08,NORMAL,DEMO DATA — NOT OFFICIAL GOVERNMENT DATA
MPLAD-WE-DAR-01106,Development of Rural Sports Playground with boundary wall and athletic track at Naxalbari,"Administrative sanction under MPLADS for: Development of Rural Sports Playground with boundary wall and athletic track at Naxalbari. Implemented by Zilla Parishad Engineering Cell for public benefit in Naxalbari, Darjeeling.",West Bengal,Darjeeling,Darjeeling (LS-04),Kurseong,Naxalbari,26.990756,88.32723,Raju Bista,Lok Sabha,Community Infrastructure,IN_PROGRESS,2026-02-23,2026-10-09,,AGY-ZP-DAR,Zilla Parishad Engineering Cell,Panchayati Raj,4880000,2879200.0,2488800.0,390400.0,51.0,67.8,community_hall,1.8,2711111.11,NORMAL,DEMO DATA — NOT OFFICIAL GOVERNMENT DATA
MPLAD-BI-PAT-01012,Construction of Community Sanitary Complex with biological septic filtration in Fatuha,"Administrative sanction under MPLADS for: Construction of Community Sanitary Complex with biological septic filtration in Fatuha. Implemented by Shree Balaji Civic Builders for public benefit in Fatuha, Patna.",Bihar,Patna,Patna Sahib (LS-30),Bakhtiarpur,Fatuha,25.598881,85.241765,Ravi Shankar Prasad,Lok Sabha,Health & Sanitation,IN_PROGRESS,2025-03-31,2025-10-15,,AGY-CONTR-103-PAT,Shree Balaji Civic Builders,Registered Contractor,3310000,2879700.0,2681100.0,198600.0,81.0,80.5,facility_center,1.2,2758333.33,NORMAL,DEMO DATA — NOT OFFICIAL GOVERNMENT DATA
MPLAD-WE-DAR-01013,Laying of underground irrigation pipeline connecting minor irrigation tank to farmlands at Mirik,"Administrative sanction under MPLADS for: Laying of underground irrigation pipeline connecting minor irrigation tank to farmlands at Mirik. Implemented by Municipal Corporation Public Infrastructure Cell for public benefit in Mirik, Darjeeling.",West Bengal,Darjeeling,Darjeeling (LS-04),Kurseong,Mirik,27.132791,88.274635,Raju Bista,Lok Sabha,Irrigation & Flood Control,IN_PROGRESS,2025-01-11,2025-12-03,,AGY-MUNC-DAR,Municipal Corporation Public Infrastructure Cell,Municipal Corporation,5910000,5437200.0,4314300.0,1122900.0,73.0,92.5,check_dam,3.5,1688571.43,NORMAL,DEMO DATA — NOT OFFICIAL GOVERNMENT DATA
MPLAD-TA-COI-01466,Upgradation of link road and culvert bridging at Annur,"Administrative sanction under MPLADS for: Upgradation of link road and culvert bridging at Annur. Implemented by Vanguard Infra Projects Pvt Ltd for public benefit in Annur, Coimbatore.",Tamil Nadu,Coimbatore,Coimbatore (LS-20),Sulur,Annur,10.979752,77.004667,Ganapathi P. Rajkumar,Lok Sabha,Roads & Pathways,IN_PROGRESS,2024-12-23,2025-12-22,,AGY-CONTR-101-COI,Vanguard Infra Projects Pvt Ltd,Registered Contractor,6090000,5684248.8,5578352.67,105896.13,91.6,16.0,kilometer,2.1,2900000.0,HIGH_SPEND_LOW_PROGRESS,DEMO DATA — NOT OFFICIAL GOVERNMENT DATA
MPLAD-RA-JAI-01217,Construction of Community Sanitary Complex with biological septic filtration in Chaksu,"Administrative sanction under MPLADS for: Construction of Community Sanitary Complex with biological septic filtration in Chaksu. Implemented by Shree Balaji Civic Builders for public benefit in Chaksu, Jaipur.",Rajasthan,Jaipur,Jaipur (LS-07),Sanganer,Chaksu,26.847799,75.936871,Manju Sharma,Lok Sabha,Health & Sanitation,IN_PROGRESS,2024-11-17,2025-08-08,,AGY-CONTR-103-JAI,Shree Balaji Civic Builders,Registered Contractor,14550000,12222000.0,11494500.0,727500.0,79.0,96.4,facility_center,4.3,3383720.93,NORMAL,DEMO DATA — NOT OFFICIAL GOVERNMENT DATA
MPLAD-TA-COI-01110,Development of Rural Sports Playground with boundary wall and athletic track at Pollachi,"Administrative sanction under MPLADS for: Development of Rural Sports Playground with boundary wall and athletic track at Pollachi. Implemented by Zilla Parishad Engineering Cell for public benefit in Pollachi, Coimbatore.",Tamil Nadu,Coimbatore,Coimbatore (LS-20),Sulur,Pollachi,10.952225,77.009611,Ganapathi P. Rajkumar,Lok Sabha,Community Infrastructure,IN_PROGRESS,2024-05-01,2024-12-01,,AGY-ZP-COI,Zilla Parishad Engineering Cell,Panchayati Raj,12000000,11160000.0,8400000.0,2760000.0,70.0,85.9,community_hall,3.8,3157894.74,NORMAL,DEMO DATA — NOT OFFICIAL GOVERNMENT DATA
MPLAD-RA-JAI-01528,"Paving and laying of cement concrete road with drainage near Panchayat Hall to Village Entry, Sanganer","Administrative sanction under MPLADS for: Construction of gabion flood protection retaining wall along vulnerable bank in Bassi. Implemented by Shree Balaji Civic Builders for public benefit in Bassi, Jaipur.",Rajasthan,Jaipur,Jaipur (LS-07),Sanganer,Sanganer,26.987276,75.779322,Manju Sharma,Lok Sabha,Roads & Pathways,IN_PROGRESS,2025-08-31,2026-05-06,,AGY-CONTR-103-JAI,Shree Balaji Civic Builders,Registered Contractor,4700000,3791000.0,3166600.0,624400.0,71.0,89.2,check_dam,2.1,2350000.0,DUPLICATE_PAIR,DEMO DATA — NOT OFFICIAL GOVERNMENT DATA
MPLAD-TA-COI-01135,Laying of underground irrigation pipeline connecting minor irrigation tank to farmlands at Kinathukadavu,"Administrative sanction under MPLADS for: Laying of underground irrigation pipeline connecting minor irrigation tank to farmlands at Kinathukadavu. Implemented by Municipal Corporation Public Infrastructure Cell for public benefit in Kinathukadavu, Coimbatore.",Tamil Nadu,Coimbatore,Coimbatore (LS-20),Sulur,Kinathukadavu,11.060902,77.037629,Ganapathi P. Rajkumar,Lok Sabha,Irrigation & Flood Control,IN_PROGRESS,2026-04-05,2027-01-27,,AGY-MUNC-COI,Municipal Corporation Public Infrastructure Cell,Municipal Corporation,7990000,2956300.0,2796500.0,159800.0,35.0,36.1,check_dam,3.5,2282857.14,NORMAL,DEMO DATA — NOT OFFICIAL GOVERNMENT DATA
MPLAD-KA-BEN-01510,Construction of gabion flood protection retaining wall along vulnerable bank in Magadi,"Administrative sanction under MPLADS for: Construction of gabion flood protection retaining wall along vulnerable bank in Magadi. Implemented by Shree Balaji Civic Builders for public benefit in Magadi, Bengaluru Rural.",Karnataka,Bengaluru Rural,Bengaluru Rural (LS-23),Devanahalli,Magadi,13.339593,77.479678,C. N. Manjunath,Lok Sabha,Irrigation & Flood Control,STALLED,2023-06-17,2024-04-12,,AGY-CONTR-103-BEN,Shree Balaji Civic Builders,Registered Contractor,2200000,1540000.0,1309000.0,231000.0,59.5,29.2,check_dam,1.2,1833333.33,DELAYED_PROJECT,DEMO DATA — NOT OFFICIAL GOVERNMENT DATA
MPLAD-WE-DAR-01419,Setting up of Community RO Water Purification Plant with distribution kiosk at Naxalbari,"Administrative sanction under MPLADS for: Setting up of Community RO Water Purification Plant with distribution kiosk at Naxalbari. Implemented by Vanguard Infra Projects Pvt Ltd for public benefit in Naxalbari, Darjeeling. (Contains specialized premium design parameters and expedited specifications).",West Bengal,Darjeeling,Darjeeling (LS-04),Kurseong,Naxalbari,26.963158,88.21631000000001,Raju Bista,Lok Sabha,Drinking Water Supply,IN_PROGRESS,2024-09-29,2025-09-01,,AGY-CONTR-101-DAR,Vanguard Infra Projects Pvt Ltd,Registered Contractor,1570000,1413000.0,1201050.0,211950.0,76.5,91.8,water_installation,1.7000000000000002,923529.41,COST_OUTLIER,DEMO DATA — NOT OFFICIAL GOVERNMENT DATA
MPLAD-WE-DAR-01285,"Installation of rooftop solar photovoltaic system at Model Senior Secondary School, Kurseong","Administrative sanction under MPLADS for: Installation of rooftop solar photovoltaic system at Model Senior Secondary School, Kurseong. Implemented by District Rural Development Agency for public benefit in Kurseong, Darjeeling.",West Bengal,Darjeeling,Darjeeling (LS-04),Kurseong,Kurseong,27.01687,88.305541,Raju Bista,Lok Sabha,Education & School Infrastructure,IN_PROGRESS,2024-09-29,2025-04-06,,AGY-DRDA-DAR,District Rural Development Agency,Line Department,5630000,5123300.0,4053600.0,1069700.0,72.0,87.1,classroom_block,4.3,1309302.33,NORMAL,DEMO DATA — NOT OFFICIAL GOVERNMENT DATA
MPLAD-WE-DAR-01086,Construction of modern cremation shed with solar lighting and water facility at Kalimpong,"Administrative sanction under MPLADS for: Construction of modern cremation shed with solar lighting and water facility at Kalimpong. Implemented by Shree Balaji Civic Builders for public benefit in Kalimpong, Darjeeling.",West Bengal,Darjeeling,Darjeeling (LS-04),Kurseong,Kalimpong,26.981846,88.3202,Raju Bista,Lok Sabha,Community Infrastructure,IN_PROGRESS,2025-07-05,2026-01-08,,AGY-CONTR-103-DAR,Shree Balaji Civic Builders,Registered Contractor,13270000,11677600.0,9687100.0,1990500.0,73.0,99.3,community_hall,4.5,2948888.89,NORMAL,DEMO DATA — NOT OFFICIAL GOVERNMENT DATA
MPLAD-KA-BEN-01139,Construction of modern cremation shed with solar lighting and water facility at Magadi,"Administrative sanction under MPLADS for: Construction of modern cremation shed with solar lighting and water facility at Magadi. Implemented by District Rural Development Agency for public benefit in Magadi, Bengaluru Rural.",Karnataka,Bengaluru Rural,Bengaluru Rural (LS-23),Devanahalli,Magadi,13.246445,77.499353,C. N. Manjunath,Lok Sabha,Community Infrastructure,IN_PROGRESS,2023-11-13,2024-05-30,,AGY-DRDA-BEN,District Rural Development Agency,Line Department,12270000,11043000.0,8834400.0,2208600.0,72.0,92.9,community_hall,4.2,2921428.57,NORMAL,DEMO DATA — NOT OFFICIAL GOVERNMENT DATA
MPLAD-MA-IND-01312,Rejuvenation of traditional percolation tank and public drinking well at Hatod,"Administrative sanction under MPLADS for: Rejuvenation of traditional percolation tank and public drinking well at Hatod. Implemented by Zilla Parishad Engineering Cell for public benefit in Hatod, Indore.",Madhya Pradesh,Indore,Indore (LS-26),Mhow,Hatod,22.716631,75.910334,Shankar Lalwani,Lok Sabha,Drinking Water Supply,IN_PROGRESS,2025-12-24,2026-11-11,,AGY-ZP-IND,Zilla Parishad Engineering Cell,Panchayati Raj,1040000,676000.0,509600.0,166400.0,49.0,58.0,water_installation,3.0,346666.67,NORMAL,DEMO DATA — NOT OFFICIAL GOVERNMENT DATA
MPLAD-TA-COI-01016,Laying of piped drinking water distribution network for scheduled caste colony in Mettupalayam,"Administrative sanction under MPLADS for: Laying of piped drinking water distribution network for scheduled caste colony in Mettupalayam. Implemented by Gram Panchayat Development Committee for public benefit in Mettupalayam, Coimbatore.",Tamil Nadu,Coimbatore,Coimbatore (LS-20),Sulur,Mettupalayam,11.019587,77.049887,Ganapathi P. Rajkumar,Lok Sabha,Drinking Water Supply,IN_PROGRESS,2024-01-20,2024-11-01,,AGY-PRI-COI,Gram Panchayat Development Committee,Panchayati Raj,780000,702000.0,600600.0,101400.0,77.0,90.5,water_installation,2.2,354545.45,NORMAL,DEMO DATA — NOT OFFICIAL GOVERNMENT DATA
MPLAD-MA-IND-01251,Construction of Check Dam across local seasonal stream for groundwater recharge at Depalpur,"Administrative sanction under MPLADS for: Construction of Check Dam across local seasonal stream for groundwater recharge at Depalpur. Implemented by Municipal Corporation Public Infrastructure Cell for public benefit in Depalpur, Indore.",Madhya Pradesh,Indore,Indore (LS-26),Mhow,Depalpur,22.767002,75.845862,Shankar Lalwani,Lok Sabha,Irrigation & Flood Control,IN_PROGRESS,2025-08-20,2026-04-19,,AGY-MUNC-IND,Municipal Corporation Public Infrastructure Cell,Municipal Corporation,4160000,3827200.0,3577600.0,249600.0,86.0,90.2,check_dam,1.9,2189473.68,NORMAL,DEMO DATA — NOT OFFICIAL GOVERNMENT DATA
MPLAD-RA-JAI-01117,Bituminous macadam surfacing of rural connectivity pathway near Jhotwara main square,"Administrative sanction under MPLADS for: Bituminous macadam surfacing of rural connectivity pathway near Jhotwara main square. Implemented by Municipal Corporation Public Infrastructure Cell for public benefit in Jhotwara, Jaipur.",Rajasthan,Jaipur,Jaipur (LS-07),Sanganer,Jhotwara,26.808838,75.916286,Manju Sharma,Lok Sabha,Roads & Pathways,IN_PROGRESS,2024-07-01,2025-04-11,,AGY-MUNC-JAI,Municipal Corporation Public Infrastructure Cell,Municipal Corporation,8930000,7322600.0,5893800.0,1428800.0,66.0,82.2,kilometer,4.9,1822448.98,NORMAL,DEMO DATA — NOT OFFICIAL GOVERNMENT DATA
MPLAD-MA-IND-01071,Upgradation and modernization of Primary Health Sub-Centre with emergency maternity unit at Hatod,"Administrative sanction under MPLADS for: Upgradation and modernization of Primary Health Sub-Centre with emergency maternity unit at Hatod. Implemented by Municipal Corporation Public Infrastructure Cell for public benefit in Hatod, Indore.",Madhya Pradesh,Indore,Indore (LS-26),Mhow,Hatod,22.713192,75.864389,Shankar Lalwani,Lok Sabha,Health & Sanitation,IN_PROGRESS,2024-08-04,2025-05-04,,AGY-MUNC-IND,Municipal Corporation Public Infrastructure Cell,Municipal Corporation,15310000,13932100.0,11635600.0,2296500.0,76.0,97.3,facility_center,4.4,3479545.45,NORMAL,DEMO DATA — NOT OFFICIAL GOVERNMENT DATA
MPLAD-BI-PAT-01400,Setting up of Community RO Water Purification Plant with distribution kiosk at Phulwari,"Administrative sanction under MPLADS for: Setting up of Community RO Water Purification Plant with distribution kiosk at Phulwari. Implemented by Vanguard Infra Projects Pvt Ltd for public benefit in Phulwari, Patna.",Bihar,Patna,Patna Sahib (LS-30),Bakhtiarpur,Phulwari,25.615718,85.207162,Ravi Shankar Prasad,Lok Sabha,Drinking Water Supply,IN_PROGRESS,2025-11-15,2026-08-19,,AGY-CONTR-101-PAT,Vanguard Infra Projects Pvt Ltd,Registered Contractor,1230000,1033200.0,947100.0,86100.0,77.0,89.6,water_installation,2.5,492000.0,NORMAL,DEMO DATA — NOT OFFICIAL GOVERNMENT DATA
MPLAD-WE-DAR-01277,Creation of Farmer Training & Seed Storage Facility near agricultural marketing yard at Naxalbari,"Administrative sanction under MPLADS for: Creation of Farmer Training & Seed Storage Facility near agricultural marketing yard at Naxalbari. Implemented by State Rural Water Supply & Sanitation Board for public benefit in Naxalbari, Darjeeling.",West Bengal,Darjeeling,Darjeeling (LS-04),Kurseong,Naxalbari,26.962982,88.203628,Raju Bista,Lok Sabha,Community Infrastructure,IN_PROGRESS,2023-12-01,2024-06-08,,AGY-JAL-DAR,State Rural Water Supply & Sanitation Board,Line Department,13620000,11168400.0,9261600.0,1906800.0,68.0,90.9,community_hall,3.6,3783333.33,NORMAL,DEMO DATA — NOT OFFICIAL GOVERNMENT DATA
MPLAD-WE-DAR-01535,Construction of Cement Concrete (CC) Road and side drains from Panchayat Bhawan to Main Gate in Siliguri,"Administrative sanction under MPLADS for: Upgradation of link road and culvert bridging at Kurseong. Implemented by Public Works Department (Div-1) for public benefit in Kurseong, Darjeeling.",West Bengal,Darjeeling,Darjeeling (LS-04),Kurseong,Siliguri,26.976668,88.272649,Raju Bista,Lok Sabha,Roads & Pathways,IN_PROGRESS,2024-12-21,2025-08-20,,AGY-PWD-DAR,Public Works Department (Div-1),Line Department,5640000,3854400.0,3241200.0,613200.0,74.0,93.7,kilometer,1.4,2820000.0,DUPLICATE_PAIR,DEMO DATA — NOT OFFICIAL GOVERNMENT DATA
MPLAD-UT-VAR-01258,Upgradation of link road and culvert bridging at Sewapuri,"Administrative sanction under MPLADS for: Upgradation of link road and culvert bridging at Sewapuri. Implemented by Gram Panchayat Development Committee for public benefit in Sewapuri, Varanasi.",Uttar Pradesh,Varanasi,Varanasi (LS-77),Rohaniya,Sewapuri,25.345984,83.069326,Narendra Modi,Lok Sabha,Roads & Pathways,IN_PROGRESS,2026-02-20,2026-12-17,,AGY-PRI-VAR,Gram Panchayat Development Committee,Panchayati Raj,10450000,4807000.0,4702500.0,104500.0,45.0,50.2,kilometer,4.9,2132653.06,NORMAL,DEMO DATA — NOT OFFICIAL GOVERNMENT DATA
MPLAD-BI-PAT-01245,Construction of Community Sanitary Complex with biological septic filtration in Phulwari,"Administrative sanction under MPLADS for: Construction of Community Sanitary Complex with biological septic filtration in Phulwari. Implemented by Gram Panchayat Development Committee for public benefit in Phulwari, Patna.",Bihar,Patna,Patna Sahib (LS-30),Bakhtiarpur,Phulwari,25.641148,85.172104,Ravi Shankar Prasad,Lok Sabha,Health & Sanitation,IN_PROGRESS,2025-04-15,2026-04-14,,AGY-PRI-PAT,Gram Panchayat Development Committee,Panchayati Raj,6880000,5641600.0,4540800.0,1100800.0,66.0,87.7,facility_center,3.0,2293333.33,NORMAL,DEMO DATA — NOT OFFICIAL GOVERNMENT DATA
MPLAD-KA-BEN-01434,Rejuvenation of traditional percolation tank and public drinking well at Nelamangala,"Administrative sanction under MPLADS for: Rejuvenation of traditional percolation tank and public drinking well at Nelamangala. Implemented by Public Works Department (Div-1) for public benefit in Nelamangala, Bengaluru Rural. (Contains specialized premium design parameters and expedited specifications).",Karnataka,Bengaluru Rural,Bengaluru Rural (LS-23),Devanahalli,Nelamangala,13.318304,77.423769,C. N. Manjunath,Lok Sabha,Drinking Water Supply,IN_PROGRESS,2026-03-27,2026-09-30,,AGY-PWD-BEN,Public Works Department (Div-1),Line Department,5180000,4662000.0,3962700.0,699300.0,76.5,56.0,water_installation,2.5,2072000.0,COST_OUTLIER,DEMO DATA — NOT OFFICIAL GOVERNMENT DATA
MPLAD-RA-JAI-01105,Paving of interlocking paver block street in Amer Ward 4,"Administrative sanction under MPLADS for: Paving of interlocking paver block street in Amer Ward 4. Implemented by Public Works Department (Div-1) for public benefit in Amer, Jaipur.",Rajasthan,Jaipur,Jaipur (LS-07),Sanganer,Amer,26.810563,75.876108,Manju Sharma,Lok Sabha,Roads & Pathways,IN_PROGRESS,2024-02-22,2024-09-27,,AGY-PWD-JAI,Public Works Department (Div-1),Line Department,12330000,10973700.0,8261100.0,2712600.0,67.0,86.8,kilometer,4.1,3007317.07,NORMAL,DEMO DATA — NOT OFFICIAL GOVERNMENT DATA
MPLAD-MA-PUN-01439,"Construction of 2 additional smart classroom blocks at Government Higher Secondary School, Khadakwasla","Administrative sanction under MPLADS for: Construction of 2 additional smart classroom blocks at Government Higher Secondary School, Khadakwasla. Implemented by Vanguard Infra Projects Pvt Ltd for public benefit in Khadakwasla, Pune. (Contains specialized premium design parameters and expedited specifications).",Maharashtra,Pune,Pune (LS-34),Haveli,Khadakwasla,18.49882,73.986342,Murlidhar Mohol,Lok Sabha,Education & School Infrastructure,IN_PROGRESS,2026-01-14,2026-12-22,,AGY-CONTR-101-PUN,Vanguard Infra Projects Pvt Ltd,Registered Contractor,20180000,18162000.0,15437700.0,2724300.0,76.5,47.5,classroom_block,3.9,5174358.97,COST_OUTLIER,DEMO DATA — NOT OFFICIAL GOVERNMENT DATA
MPLAD-MA-PUN-01084,"Setting up of automated diagnostic lab unit at Community Health Centre, Manchar","Administrative sanction under MPLADS for: Setting up of automated diagnostic lab unit at Community Health Centre, Manchar. Implemented by Gram Panchayat Development Committee for public benefit in Manchar, Pune.",Maharashtra,Pune,Pune (LS-34),Haveli,Manchar,18.488034,73.762766,Murlidhar Mohol,Lok Sabha,Health & Sanitation,IN_PROGRESS,2025-06-18,2026-01-22,,AGY-PRI-PUN,Gram Panchayat Development Committee,Panchayati Raj,7750000,7052500.0,6277500.0,775000.0,81.0,94.3,facility_center,2.1,3690476.19,NORMAL,DEMO DATA — NOT OFFICIAL GOVERNMENT DATA
MPLAD-TA-COI-01219,Laying of piped drinking water distribution network for scheduled caste colony in Sulur,"Administrative sanction under MPLADS for: Laying of piped drinking water distribution network for scheduled caste colony in Sulur. Implemented by District Rural Development Agency for public benefit in Sulur, Coimbatore.",Tamil Nadu,Coimbatore,Coimbatore (LS-20),Sulur,Sulur,11.045054,76.911482,Ganapathi P. Rajkumar,Lok Sabha,Drinking Water Supply,IN_PROGRESS,2026-03-17,2026-11-19,,AGY-DRDA-COI,District Rural Development Agency,Line Department,830000,473100.0,381800.0,91300.0,46.0,50.2,water_installation,1.7000000000000002,488235.29,NORMAL,DEMO DATA — NOT OFFICIAL GOVERNMENT DATA
MPLAD-MA-IND-01231,"Establishment of Composite Science and STEM Laboratory at Zilla Parishad High School, Hatod","Administrative sanction under MPLADS for: Establishment of Composite Science and STEM Laboratory at Zilla Parishad High School, Hatod. Implemented by Gram Panchayat Development Committee for public benefit in Hatod, Indore.",Madhya Pradesh,Indore,Indore (LS-26),Mhow,Hatod,22.770741,75.842261,Shankar Lalwani,Lok Sabha,Education & School Infrastructure,IN_PROGRESS,2024-06-04,2024-12-11,,AGY-PRI-IND,Gram Panchayat Development Committee,Panchayati Raj,3210000,3177900.0,2856900.0,321000.0,89.0,81.5,classroom_block,2.1,1528571.43,NORMAL,DEMO DATA — NOT OFFICIAL GOVERNMENT DATA
MPLAD-RA-JAI-01596,Rejuvenation of traditional percolation tank and public drinking well at Amer,"Administrative sanction under MPLADS for: Rejuvenation of traditional percolation tank and public drinking well at Amer. Implemented by Gram Panchayat Development Committee for public benefit in Amer, Jaipur.",Rajasthan,Jaipur,Jaipur (LS-07),Sanganer,Amer,,,Manju Sharma,Lok Sabha,Drinking Water Supply,IN_PROGRESS,2024-02-10,2024-11-24,,AGY-PRI-JAI,Gram Panchayat Development Committee,Panchayati Raj,1470000,1352400.0,1264200.0,88200.0,86.0,85.1,water_installation,3.6,408333.33,DATA_MISSING,DEMO DATA — NOT OFFICIAL GOVERNMENT DATA
MPLAD-KA-BEN-01194,Rejuvenation of traditional percolation tank and public drinking well at Doddaballapura,"Administrative sanction under MPLADS for: Rejuvenation of traditional percolation tank and public drinking well at Doddaballapura. Implemented by Shree Balaji Civic Builders for public benefit in Doddaballapura, Bengaluru Rural.",Karnataka,Bengaluru Rural,Bengaluru Rural (LS-23),Devanahalli,Doddaballapura,13.268087,77.63576,C. N. Manjunath,Lok Sabha,Drinking Water Supply,IN_PROGRESS,2026-02-01,2026-10-03,,AGY-CONTR-103-BEN,Shree Balaji Civic Builders,Registered Contractor,1130000,689300.0,666700.0,22600.0,59.0,65.7,water_installation,2.6,434615.38,NORMAL,DEMO DATA — NOT OFFICIAL GOVERNMENT DATA
MPLAD-KA-BEN-01371,Upgradation of link road and culvert bridging at Magadi,"Administrative sanction under MPLADS for: Upgradation of link road and culvert bridging at Magadi. Implemented by Apex Engineering & Construction Syndicate for public benefit in Magadi, Bengaluru Rural.",Karnataka,Bengaluru Rural,Bengaluru Rural (LS-23),Devanahalli,Magadi,13.300803,77.425476,C. N. Manjunath,Lok Sabha,Roads & Pathways,IN_PROGRESS,2025-09-02,2026-05-25,,AGY-CONTR-102-BEN,Apex Engineering & Construction Syndicate,Registered Contractor,6670000,6269800.0,5669500.0,600300.0,85.0,95.2,kilometer,3.3,2021212.12,NORMAL,DEMO DATA — NOT OFFICIAL GOVERNMENT DATA
MPLAD-MA-IND-01335,Desilting and embankment strengthening of drainage canal serving agricultural fields in Betma,"Administrative sanction under MPLADS for: Desilting and embankment strengthening of drainage canal serving agricultural fields in Betma. Implemented by Apex Engineering & Construction Syndicate for public benefit in Betma, Indore.",Madhya Pradesh,Indore,Indore (LS-26),Mhow,Betma,22.778018,75.81007,Shankar Lalwani,Lok Sabha,Irrigation & Flood Control,IN_PROGRESS,2024-12-11,2025-11-21,,AGY-CONTR-102-IND,Apex Engineering & Construction Syndicate,Registered Contractor,6480000,6091200.0,5767200.0,324000.0,89.0,92.8,check_dam,3.6,1800000.0,NORMAL,DEMO DATA — NOT OFFICIAL GOVERNMENT DATA
MPLAD-MA-IND-01573,Setting up of Community RO Water Purification Plant with distribution kiosk at Sanwer,"Administrative sanction under MPLADS for: Setting up of Community RO Water Purification Plant with distribution kiosk at Sanwer. Implemented by Vanguard Infra Projects Pvt Ltd for public benefit in Sanwer, Indore.",Madhya Pradesh,Indore,Indore (LS-26),Mhow,Sanwer,22.799276,75.801245,Shankar Lalwani,Lok Sabha,Drinking Water Supply,IN_PROGRESS,2026-02-27,2026-08-28,,AGY-CONTR-101-IND,Vanguard Infra Projects Pvt Ltd,Registered Contractor,2000000,1980000.0,-50000.0,2030000.0,-2.5,72.3,water_installation,4.4,454545.45,DATA_INCONSISTENT,DEMO DATA — NOT OFFICIAL GOVERNMENT DATA
MPLAD-BI-PAT-01357,Construction of Cement Concrete (CC) Road with side drains from Fatuha to Bakhtiarpur,"Administrative sanction under MPLADS for: Construction of Cement Concrete (CC) Road with side drains from Fatuha to Bakhtiarpur. Implemented by Public Works Department (Div-1) for public benefit in Fatuha, Patna.",Bihar,Patna,Patna Sahib (LS-30),Bakhtiarpur,Fatuha,25.623412,85.120639,Ravi Shankar Prasad,Lok Sabha,Roads & Pathways,IN_PROGRESS,2025-11-12,2026-10-07,,AGY-PWD-PAT,Public Works Department (Div-1),Line Department,6890000,6476600.0,5925400.0,551200.0,86.0,74.1,kilometer,2.3,2995652.17,NORMAL,DEMO DATA — NOT OFFICIAL GOVERNMENT DATA
MPLAD-MA-PUN-01024,Creation of Farmer Training & Seed Storage Facility near agricultural marketing yard at Khadakwasla,"Administrative sanction under MPLADS for: Creation of Farmer Training & Seed Storage Facility near agricultural marketing yard at Khadakwasla. Implemented by Vanguard Infra Projects Pvt Ltd for public benefit in Khadakwasla, Pune.",Maharashtra,Pune,Pune (LS-34),Haveli,Khadakwasla,18.526820999999998,73.809826,Murlidhar Mohol,Lok Sabha,Community Infrastructure,IN_PROGRESS,2025-02-26,2026-02-10,,AGY-CONTR-101-PUN,Vanguard Infra Projects Pvt Ltd,Registered Contractor,5370000,4886700.0,4403400.0,483300.0,82.0,98.7,community_hall,1.9,2826315.79,NORMAL,DEMO DATA — NOT OFFICIAL GOVERNMENT DATA
MPLAD-TA-COI-01175,Paving of interlocking paver block street in Mettupalayam Ward 4,"Administrative sanction under MPLADS for: Paving of interlocking paver block street in Mettupalayam Ward 4. Implemented by State Rural Water Supply & Sanitation Board for public benefit in Mettupalayam, Coimbatore.",Tamil Nadu,Coimbatore,Coimbatore (LS-20),Sulur,Mettupalayam,10.964223,77.039278,Ganapathi P. Rajkumar,Lok Sabha,Roads & Pathways,IN_PROGRESS,2025-12-31,2026-11-05,,AGY-JAL-COI,State Rural Water Supply & Sanitation Board,Line Department,9150000,5307000.0,4666500.0,640500.0,51.0,67.6,kilometer,4.3,2127906.98,NORMAL,DEMO DATA — NOT OFFICIAL GOVERNMENT DATA
MPLAD-UT-VAR-01044,Rejuvenation of traditional percolation tank and public drinking well at Kashi,"Administrative sanction under MPLADS for: Rejuvenation of traditional percolation tank and public drinking well at Kashi. Implemented by Shree Balaji Civic Builders for public benefit in Kashi, Varanasi.",Uttar Pradesh,Varanasi,Varanasi (LS-77),Rohaniya,Kashi,25.344581,83.085101,Narendra Modi,Lok Sabha,Drinking Water Supply,IN_PROGRESS,2025-09-26,2026-04-01,,AGY-CONTR-103-VAR,Shree Balaji Civic Builders,Registered Contractor,1050000,945000.0,819000.0,126000.0,78.0,90.3,water_installation,2.9,362068.97,NORMAL,DEMO DATA — NOT OFFICIAL GOVERNMENT DATA
MPLAD-TA-COI-01204,Setting up of Community RO Water Purification Plant with distribution kiosk at Sulur,"Administrative sanction under MPLADS for: Setting up of Community RO Water Purification Plant with distribution kiosk at Sulur. Implemented by Municipal Corporation Public Infrastructure Cell for public benefit in Sulur, Coimbatore.",Tamil Nadu,Coimbatore,Coimbatore (LS-20),Sulur,Sulur,11.046327,76.959961,Ganapathi P. Rajkumar,Lok Sabha,Drinking Water Supply,IN_PROGRESS,2025-07-27,2026-03-03,,AGY-MUNC-COI,Municipal Corporation Public Infrastructure Cell,Municipal Corporation,360000,291600.0,248400.0,43200.0,69.0,85.7,water_installation,1.0,360000.0,NORMAL,DEMO DATA — NOT OFFICIAL GOVERNMENT DATA
MPLAD-MA-IND-01064,Construction of Check Dam across local seasonal stream for groundwater recharge at Betma,"Administrative sanction under MPLADS for: Construction of Check Dam across local seasonal stream for groundwater recharge at Betma. Implemented by District Rural Development Agency for public benefit in Betma, Indore.",Madhya Pradesh,Indore,Indore (LS-26),Mhow,Betma,22.747543,75.835699,Shankar Lalwani,Lok Sabha,Irrigation & Flood Control,IN_PROGRESS,2025-04-12,2025-12-10,,AGY-DRDA-IND,District Rural Development Agency,Line Department,10340000,9512800.0,9306000.0,206800.0,90.0,83.6,check_dam,4.8,2154166.67,NORMAL,DEMO DATA — NOT OFFICIAL GOVERNMENT DATA
MPLAD-KA-BEN-01100,Upgradation and modernization of Primary Health Sub-Centre with emergency maternity unit at Doddaballapura,"Administrative sanction under MPLADS for: Upgradation and modernization of Primary Health Sub-Centre with emergency maternity unit at Doddaballapura. Implemented by Gram Panchayat Development Committee for public benefit in Doddaballapura, Bengaluru Rural.",Karnataka,Bengaluru Rural,Bengaluru Rural (LS-23),Devanahalli,Doddaballapura,13.291696,77.438657,C. N. Manjunath,Lok Sabha,Health & Sanitation,IN_PROGRESS,2024-01-31,2024-10-05,,AGY-PRI-BEN,Gram Panchayat Development Committee,Panchayati Raj,6470000,6405300.0,5693600.0,711700.0,88.0,88.1,facility_center,2.6,2488461.54,NORMAL,DEMO DATA — NOT OFFICIAL GOVERNMENT DATA
MPLAD-MA-IND-01020,"Construction of 2 additional smart classroom blocks at Government Higher Secondary School, Depalpur","Administrative sanction under MPLADS for: Construction of 2 additional smart classroom blocks at Government Higher Secondary School, Depalpur. Implemented by Zilla Parishad Engineering Cell for public benefit in Depalpur, Indore.",Madhya Pradesh,Indore,Indore (LS-26),Mhow,Depalpur,22.711746,75.934708,Shankar Lalwani,Lok Sabha,Education & School Infrastructure,IN_PROGRESS,2024-02-28,2024-10-30,,AGY-ZP-IND,Zilla Parishad Engineering Cell,Panchayati Raj,3000000,2460000.0,1860000.0,600000.0,62.0,82.5,classroom_block,2.7,1111111.11,NORMAL,DEMO DATA — NOT OFFICIAL GOVERNMENT DATA
MPLAD-WE-DAR-01317,Construction of Multi-Purpose Community Hall and Cultural Center for public gatherings at Siliguri,"Administrative sanction under MPLADS for: Construction of Multi-Purpose Community Hall and Cultural Center for public gatherings at Siliguri. Implemented by Zilla Parishad Engineering Cell for public benefit in Siliguri, Darjeeling.",West Bengal,Darjeeling,Darjeeling (LS-04),Kurseong,Siliguri,26.959937,88.291006,Raju Bista,Lok Sabha,Community Infrastructure,IN_PROGRESS,2025-06-06,2026-03-23,,AGY-ZP-DAR,Zilla Parishad Engineering Cell,Panchayati Raj,6310000,5489700.0,4858700.0,631000.0,77.0,96.3,community_hall,2.4,2629166.67,NORMAL,DEMO DATA — NOT OFFICIAL GOVERNMENT DATA
MPLAD-TA-COI-01076,"Installation of rooftop solar photovoltaic system at Model Senior Secondary School, Kinathukadavu","Administrative sanction under MPLADS for: Installation of rooftop solar photovoltaic system at Model Senior Secondary School, Kinathukadavu. Implemented by District Rural Development Agency for public benefit in Kinathukadavu, Coimbatore.",Tamil Nadu,Coimbatore,Coimbatore (LS-20),Sulur,Kinathukadavu,10.966346,77.042678,Ganapathi P. Rajkumar,Lok Sabha,Education & School Infrastructure,IN_PROGRESS,2026-04-22,2026-11-24,,AGY-DRDA-COI,District Rural Development Agency,Line Department,5890000,2473800.0,2297100.0,176700.0,39.0,44.8,classroom_block,3.4,1732352.94,NORMAL,DEMO DATA — NOT OFFICIAL GOVERNMENT DATA
MPLAD-UT-VAR-01040,Construction of Check Dam across local seasonal stream for groundwater recharge at Sewapuri,"Administrative sanction under MPLADS for: Construction of Check Dam across local seasonal stream for groundwater recharge at Sewapuri. Implemented by Shree Balaji Civic Builders for public benefit in Sewapuri, Varanasi.",Uttar Pradesh,Varanasi,Varanasi (LS-77),Rohaniya,Sewapuri,25.397388,82.931165,Narendra Modi,Lok Sabha,Irrigation & Flood Control,IN_PROGRESS,2025-09-21,2026-07-16,,AGY-CONTR-103-VAR,Shree Balaji Civic Builders,Registered Contractor,4030000,3788200.0,2901600.0,886600.0,72.0,88.3,check_dam,1.8,2238888.89,NORMAL,DEMO DATA — NOT OFFICIAL GOVERNMENT DATA
MPLAD-RA-JAI-01406,"Installation of rooftop solar photovoltaic system at Model Senior Secondary School, Chaksu","Administrative sanction under MPLADS for: Installation of rooftop solar photovoltaic system at Model Senior Secondary School, Chaksu. Implemented by State Rural Water Supply & Sanitation Board for public benefit in Chaksu, Jaipur.",Rajasthan,Jaipur,Jaipur (LS-07),Sanganer,Chaksu,26.90021,75.928703,Manju Sharma,Lok Sabha,Education & School Infrastructure,IN_PROGRESS,2025-07-08,2026-01-09,,AGY-JAL-JAI,State Rural Water Supply & Sanitation Board,Line Department,3620000,3547600.0,2787400.0,760200.0,77.0,94.8,classroom_block,2.9,1248275.86,NORMAL,DEMO DATA — NOT OFFICIAL GOVERNMENT DATA
MPLAD-KA-BEN-01181,"Construction of 2 additional smart classroom blocks at Government Higher Secondary School, Magadi","Administrative sanction under MPLADS for: Construction of 2 additional smart classroom blocks at Government Higher Secondary School, Magadi. Implemented by Gram Panchayat Development Committee for public benefit in Magadi, Bengaluru Rural.",Karnataka,Bengaluru Rural,Bengaluru Rural (LS-23),Devanahalli,Magadi,13.163421,77.434209,C. N. Manjunath,Lok Sabha,Education & School Infrastructure,IN_PROGRESS,2024-02-24,2025-01-10,,AGY-PRI-BEN,Gram Panchayat Development Committee,Panchayati Raj,3910000,3870900.0,2932500.0,938400.0,75.0,96.2,classroom_block,2.2,1777272.73,NORMAL,DEMO DATA — NOT OFFICIAL GOVERNMENT DATA
MPLAD-KA-BEN-01061,Construction of gabion flood protection retaining wall along vulnerable bank in Magadi,"Administrative sanction under MPLADS for: Construction of gabion flood protection retaining wall along vulnerable bank in Magadi. Implemented by Shree Balaji Civic Builders for public benefit in Magadi, Bengaluru Rural.",Karnataka,Bengaluru Rural,Bengaluru Rural (LS-23),Devanahalli,Magadi,13.305053,77.562501,C. N. Manjunath,Lok Sabha,Irrigation & Flood Control,IN_PROGRESS,2025-09-12,2026-07-26,,AGY-CONTR-103-BEN,Shree Balaji Civic Builders,Registered Contractor,4150000,3361500.0,2822000.0,539500.0,68.0,91.1,check_dam,2.6,1596153.85,NORMAL,DEMO DATA — NOT OFFICIAL GOVERNMENT DATA
MPLAD-UT-VAR-01010,Installation of Deep Borewell with Solar Dual Pump and overhead storage tank at Rohaniya,"Administrative sanction under MPLADS for: Installation of Deep Borewell with Solar Dual Pump and overhead storage tank at Rohaniya. Implemented by State Rural Water Supply & Sanitation Board for public benefit in Rohaniya, Varanasi.",Uttar Pradesh,Varanasi,Varanasi (LS-77),Rohaniya,Rohaniya,25.362778,83.091273,Narendra Modi,Lok Sabha,Drinking Water Supply,IN_PROGRESS,2024-06-18,2025-05-26,,AGY-JAL-VAR,State Rural Water Supply & Sanitation Board,Line Department,720000,669600.0,590400.0,79200.0,82.0,98.5,water_installation,2.4,300000.0,NORMAL,DEMO DATA — NOT OFFICIAL GOVERNMENT DATA
MPLAD-BI-PAT-01585,Setting up of Community RO Water Purification Plant with distribution kiosk at Danapur,"Administrative sanction under MPLADS for: Setting up of Community RO Water Purification Plant with distribution kiosk at Danapur. Implemented by Zilla Parishad Engineering Cell for public benefit in Danapur, Patna.",Bihar,Patna,Patna Sahib (LS-30),Bakhtiarpur,Danapur,,,Ravi Shankar Prasad,Lok Sabha,Drinking Water Supply,IN_PROGRESS,2025-05-27,2026-02-11,,AGY-ZP-PAT,Zilla Parishad Engineering Cell,Panchayati Raj,420000,415800.0,361200.0,54600.0,86.0,84.0,water_installation,1.3,323076.92,DATA_MISSING,DEMO DATA — NOT OFFICIAL GOVERNMENT DATA
MPLAD-KA-BEN-01288,"Construction of modern girls toilet block and sanitation facility at Primary School, Devanahalli","Administrative sanction under MPLADS for: Construction of modern girls toilet block and sanitation facility at Primary School, Devanahalli. Implemented by Gram Panchayat Development Committee for public benefit in Devanahalli, Bengaluru Rural.",Karnataka,Bengaluru Rural,Bengaluru Rural (LS-23),Devanahalli,Devanahalli,13.222621,77.515821,C. N. Manjunath,Lok Sabha,Education & School Infrastructure,IN_PROGRESS,2025-07-21,2026-06-20,,AGY-PRI-BEN,Gram Panchayat Development Committee,Panchayati Raj,4480000,3763200.0,3404800.0,358400.0,76.0,89.8,classroom_block,2.5,1792000.0,NORMAL,DEMO DATA — NOT OFFICIAL GOVERNMENT DATA
MPLAD-RA-JAI-01189,Upgradation of link road and culvert bridging at Chaksu,"Administrative sanction under MPLADS for: Upgradation of link road and culvert bridging at Chaksu. Implemented by Public Works Department (Div-1) for public benefit in Chaksu, Jaipur.",Rajasthan,Jaipur,Jaipur (LS-07),Sanganer,Chaksu,27.016863,75.852725,Manju Sharma,Lok Sabha,Roads & Pathways,IN_PROGRESS,2024-01-10,2024-12-15,,AGY-PWD-JAI,Public Works Department (Div-1),Line Department,13830000,13553400.0,11340600.0,2212800.0,82.0,86.1,kilometer,4.9,2822448.98,NORMAL,DEMO DATA — NOT OFFICIAL GOVERNMENT DATA
MPLAD-RA-JAI-01031,Creation of Farmer Training & Seed Storage Facility near agricultural marketing yard at Shahpura,"Administrative sanction under MPLADS for: Creation of Farmer Training & Seed Storage Facility near agricultural marketing yard at Shahpura. Implemented by Public Works Department (Div-1) for public benefit in Shahpura, Jaipur.",Rajasthan,Jaipur,Jaipur (LS-07),Sanganer,Shahpura,26.888915,75.893093,Manju Sharma,Lok Sabha,Community Infrastructure,IN_PROGRESS,2024-02-28,2025-01-10,,AGY-PWD-JAI,Public Works Department (Div-1),Line Department,6000000,5040000.0,4380000.0,660000.0,73.0,83.3,community_hall,1.7000000000000002,3529411.76,NORMAL,DEMO DATA — NOT OFFICIAL GOVERNMENT DATA
MPLAD-UT-VAR-01572,Creation of Farmer Training & Seed Storage Facility near agricultural marketing yard at Sewapuri,"Administrative sanction under MPLADS for: Creation of Farmer Training & Seed Storage Facility near agricultural marketing yard at Sewapuri. Implemented by Public Works Department (Div-1) for public benefit in Sewapuri, Varanasi.",Uttar Pradesh,Varanasi,Varanasi (LS-77),Rohaniya,Sewapuri,25.308431,83.00725,Narendra Modi,Lok Sabha,Community Infrastructure,IN_PROGRESS,2026-04-16,2026-11-13,,AGY-PWD-VAR,Public Works Department (Div-1),Line Department,7630000,10054612.1,10054612.1,0.0,131.8,47.7,community_hall,2.9,2631034.48,DATA_INCONSISTENT,DEMO DATA — NOT OFFICIAL GOVERNMENT DATA
MPLAD-UT-VAR-01114,Construction of Multi-Purpose Community Hall and Cultural Center for public gatherings at Kashi,"Administrative sanction under MPLADS for: Construction of Multi-Purpose Community Hall and Cultural Center for public gatherings at Kashi. Implemented by State Rural Water Supply & Sanitation Board for public benefit in Kashi, Varanasi.",Uttar Pradesh,Varanasi,Varanasi (LS-77),Rohaniya,Kashi,25.318404,82.903977,Narendra Modi,Lok Sabha,Community Infrastructure,IN_PROGRESS,2025-12-23,2026-08-14,,AGY-JAL-VAR,State Rural Water Supply & Sanitation Board,Line Department,14060000,12935200.0,10826200.0,2109000.0,77.0,92.6,community_hall,3.2,4393750.0,NORMAL,DEMO DATA — NOT OFFICIAL GOVERNMENT DATA
MPLAD-UT-VAR-01232,"Installation of rooftop solar photovoltaic system at Model Senior Secondary School, Rohaniya","Administrative sanction under MPLADS for: Installation of rooftop solar photovoltaic system at Model Senior Secondary School, Rohaniya. Implemented by Zilla Parishad Engineering Cell for public benefit in Rohaniya, Varanasi.",Uttar Pradesh,Varanasi,Varanasi (LS-77),Rohaniya,Rohaniya,25.395349,83.006661,Narendra Modi,Lok Sabha,Education & School Infrastructure,IN_PROGRESS,2025-01-14,2025-12-23,,AGY-ZP-VAR,Zilla Parishad Engineering Cell,Panchayati Raj,5770000,4904500.0,4096700.0,807800.0,71.0,85.2,classroom_block,3.7,1559459.46,NORMAL,DEMO DATA — NOT OFFICIAL GOVERNMENT DATA
MPLAD-BI-PAT-01318,Desilting and embankment strengthening of drainage canal serving agricultural fields in Barh,"Administrative sanction under MPLADS for: Desilting and embankment strengthening of drainage canal serving agricultural fields in Barh. Implemented by District Rural Development Agency for public benefit in Barh, Patna.",Bihar,Patna,Patna Sahib (LS-30),Bakhtiarpur,Barh,25.670599,85.140802,Ravi Shankar Prasad,Lok Sabha,Irrigation & Flood Control,IN_PROGRESS,2026-02-24,2027-01-10,,AGY-DRDA-PAT,District Rural Development Agency,Line Department,11800000,5782000.0,5664000.0,118000.0,48.0,49.2,check_dam,4.8,2458333.33,NORMAL,DEMO DATA — NOT OFFICIAL GOVERNMENT DATA
MPLAD-TA-COI-01460,"Setting up of automated diagnostic lab unit at Community Health Centre, Pollachi","Administrative sanction under MPLADS for: Setting up of automated diagnostic lab unit at Community Health Centre, Pollachi. Implemented by Shree Balaji Civic Builders for public benefit in Pollachi, Coimbatore.",Tamil Nadu,Coimbatore,Coimbatore (LS-20),Sulur,Pollachi,11.038608,77.026305,Ganapathi P. Rajkumar,Lok Sabha,Health & Sanitation,IN_PROGRESS,2025-04-28,2025-12-02,,AGY-CONTR-103-COI,Shree Balaji Civic Builders,Registered Contractor,14880000,13414339.05,12877514.48,536824.57,86.5,5.6,facility_center,4.6,3234782.61,HIGH_SPEND_LOW_PROGRESS,DEMO DATA — NOT OFFICIAL GOVERNMENT DATA
MPLAD-KA-BEN-01056,Rejuvenation of traditional percolation tank and public drinking well at Devanahalli,"Administrative sanction under MPLADS for: Rejuvenation of traditional percolation tank and public drinking well at Devanahalli. Implemented by Apex Engineering & Construction Syndicate for public benefit in Devanahalli, Bengaluru Rural.",Karnataka,Bengaluru Rural,Bengaluru Rural (LS-23),Devanahalli,Devanahalli,13.220709,77.404905,C. N. Manjunath,Lok Sabha,Drinking Water Supply,IN_PROGRESS,2025-09-22,2026-06-27,,AGY-CONTR-102-BEN,Apex Engineering & Construction Syndicate,Registered Contractor,1790000,1718400.0,1414100.0,304300.0,79.0,97.2,water_installation,3.9,458974.36,NORMAL,DEMO DATA — NOT OFFICIAL GOVERNMENT DATA
MPLAD-MA-PUN-01462,Paving of interlocking paver block street in Baramati Ward 4,"Administrative sanction under MPLADS for: Paving of interlocking paver block street in Baramati Ward 4. Implemented by Municipal Corporation Public Infrastructure Cell for public benefit in Baramati, Pune.",Maharashtra,Pune,Pune (LS-34),Haveli,Baramati,18.500392,73.769658,Murlidhar Mohol,Lok Sabha,Roads & Pathways,IN_PROGRESS,2024-06-02,2024-12-28,,AGY-MUNC-PUN,Municipal Corporation Public Infrastructure Cell,Municipal Corporation,5580000,5165334.14,5060472.73,104861.41,90.7,15.8,kilometer,2.5,2232000.0,HIGH_SPEND_LOW_PROGRESS,DEMO DATA — NOT OFFICIAL GOVERNMENT DATA
MPLAD-BI-PAT-01229,Upgradation and modernization of Primary Health Sub-Centre with emergency maternity unit at Bakhtiarpur,"Administrative sanction under MPLADS for: Upgradation and modernization of Primary Health Sub-Centre with emergency maternity unit at Bakhtiarpur. Implemented by Shree Balaji Civic Builders for public benefit in Bakhtiarpur, Patna.",Bihar,Patna,Patna Sahib (LS-30),Bakhtiarpur,Bakhtiarpur,25.676815,85.127292,Ravi Shankar Prasad,Lok Sabha,Health & Sanitation,IN_PROGRESS,2025-03-22,2026-01-12,,AGY-CONTR-103-PAT,Shree Balaji Civic Builders,Registered Contractor,12970000,11024500.0,9597800.0,1426700.0,74.0,85.5,facility_center,4.3,3016279.07,NORMAL,DEMO DATA — NOT OFFICIAL GOVERNMENT DATA
MPLAD-BI-PAT-01584,Paving of interlocking paver block street in Fatuha Ward 4,Work,Bihar,Patna,Patna Sahib (LS-30),Bakhtiarpur,Fatuha,25.592726,85.155861,Ravi Shankar Prasad,Lok Sabha,Roads & Pathways,IN_PROGRESS,2024-01-20,2024-12-09,,AGY-MUNC-PAT,Municipal Corporation Public Infrastructure Cell,Municipal Corporation,11820000,10638000.0,8155800.0,2482200.0,69.0,88.0,kilometer,3.9,3030769.23,DATA_MISSING,DEMO DATA — NOT OFFICIAL GOVERNMENT DATA
MPLAD-BI-PAT-01350,Rejuvenation of traditional percolation tank and public drinking well at Barh,"Administrative sanction under MPLADS for: Rejuvenation of traditional percolation tank and public drinking well at Barh. Implemented by Gram Panchayat Development Committee for public benefit in Barh, Patna.",Bihar,Patna,Patna Sahib (LS-30),Bakhtiarpur,Barh,25.676953,85.103773,Ravi Shankar Prasad,Lok Sabha,Drinking Water Supply,IN_PROGRESS,2026-04-09,2027-01-14,,AGY-PRI-PAT,Gram Panchayat Development Committee,Panchayati Raj,1910000,802200.0,725800.0,76400.0,38.0,33.4,water_installation,4.3,444186.05,NORMAL,DEMO DATA — NOT OFFICIAL GOVERNMENT DATA
MPLAD-MA-PUN-01412,Creation of Farmer Training & Seed Storage Facility near agricultural marketing yard at Manchar,"Administrative sanction under MPLADS for: Creation of Farmer Training & Seed Storage Facility near agricultural marketing yard at Manchar. Implemented by District Rural Development Agency for public benefit in Manchar, Pune. (Contains specialized premium design parameters and expedited specifications).",Maharashtra,Pune,Pune (LS-34),Haveli,Manchar,18.586255,73.864971,Murlidhar Mohol,Lok Sabha,Community Infrastructure,IN_PROGRESS,2025-11-27,2026-09-18,,AGY-DRDA-PUN,District Rural Development Agency,Line Department,58960000,53064000.0,45104400.0,7959600.0,76.5,67.9,community_hall,3.3,17866666.67,COST_OUTLIER,DEMO DATA — NOT OFFICIAL GOVERNMENT DATA
MPLAD-KA-BEN-01046,Laying of underground irrigation pipeline connecting minor irrigation tank to farmlands at Devanahalli,"Administrative sanction under MPLADS for: Laying of underground irrigation pipeline connecting minor irrigation tank to farmlands at Devanahalli. Implemented by Public Works Department (Div-1) for public benefit in Devanahalli, Bengaluru Rural.",Karnataka,Bengaluru Rural,Bengaluru Rural (LS-23),Devanahalli,Devanahalli,13.335243,77.453696,C. N. Manjunath,Lok Sabha,Irrigation & Flood Control,IN_PROGRESS,2025-08-03,2026-06-17,,AGY-PWD-BEN,Public Works Department (Div-1),Line Department,6230000,5170900.0,4672500.0,498400.0,75.0,95.0,check_dam,3.8,1639473.68,NORMAL,DEMO DATA — NOT OFFICIAL GOVERNMENT DATA
MPLAD-MA-IND-01268,Upgradation of link road and culvert bridging at Hatod,"Administrative sanction under MPLADS for: Upgradation of link road and culvert bridging at Hatod. Implemented by District Rural Development Agency for public benefit in Hatod, Indore.",Madhya Pradesh,Indore,Indore (LS-26),Mhow,Hatod,22.732179,75.822452,Shankar Lalwani,Lok Sabha,Roads & Pathways,IN_PROGRESS,2025-06-10,2026-05-02,,AGY-DRDA-IND,District Rural Development Agency,Line Department,14740000,13855600.0,12381600.0,1474000.0,84.0,93.5,kilometer,4.9,3008163.27,NORMAL,DEMO DATA — NOT OFFICIAL GOVERNMENT DATA
MPLAD-MA-PUN-01072,Rejuvenation of traditional percolation tank and public drinking well at Khadakwasla,"Administrative sanction under MPLADS for: Rejuvenation of traditional percolation tank and public drinking well at Khadakwasla. Implemented by District Rural Development Agency for public benefit in Khadakwasla, Pune.",Maharashtra,Pune,Pune (LS-34),Haveli,Khadakwasla,18.573555,73.868221,Murlidhar Mohol,Lok Sabha,Drinking Water Supply,IN_PROGRESS,2024-01-21,2024-08-28,,AGY-DRDA-PUN,District Rural Development Agency,Line Department,960000,777600.0,595200.0,182400.0,62.0,82.0,water_installation,2.7,355555.56,NORMAL,DEMO DATA — NOT OFFICIAL GOVERNMENT DATA
MPLAD-MA-IND-01342,Laying of underground irrigation pipeline connecting minor irrigation tank to farmlands at Mhow,"Administrative sanction under MPLADS for: Laying of underground irrigation pipeline connecting minor irrigation tank to farmlands at Mhow. Implemented by District Rural Development Agency for public benefit in Mhow, Indore.",Madhya Pradesh,Indore,Indore (LS-26),Mhow,Mhow,22.698809,75.838487,Shankar Lalwani,Lok Sabha,Irrigation & Flood Control,IN_PROGRESS,2024-02-15,2024-10-09,,AGY-DRDA-IND,District Rural Development Agency,Line Department,6240000,5491200.0,4243200.0,1248000.0,68.0,81.1,check_dam,3.8,1642105.26,NORMAL,DEMO DATA — NOT OFFICIAL GOVERNMENT DATA
MPLAD-UT-VAR-01236,Construction of modern cremation shed with solar lighting and water facility at Shivpur,"Administrative sanction under MPLADS for: Construction of modern cremation shed with solar lighting and water facility at Shivpur. Implemented by Zilla Parishad Engineering Cell for public benefit in Shivpur, Varanasi.",Uttar Pradesh,Varanasi,Varanasi (LS-77),Rohaniya,Shivpur,25.318414,83.03012,Narendra Modi,Lok Sabha,Community Infrastructure,IN_PROGRESS,2024-10-30,2025-08-04,,AGY-ZP-VAR,Zilla Parishad Engineering Cell,Panchayati Raj,2980000,2771400.0,2592600.0,178800.0,87.0,96.4,community_hall,1.1,2709090.91,NORMAL,DEMO DATA — NOT OFFICIAL GOVERNMENT DATA
MPLAD-MA-IND-01301,Upgradation and modernization of Primary Health Sub-Centre with emergency maternity unit at Betma,"Administrative sanction under MPLADS for: Upgradation and modernization of Primary Health Sub-Centre with emergency maternity unit at Betma. Implemented by Apex Engineering & Construction Syndicate for public benefit in Betma, Indore.",Madhya Pradesh,Indore,Indore (LS-26),Mhow,Betma,22.7299,75.949613,Shankar Lalwani,Lok Sabha,Health & Sanitation,IN_PROGRESS,2025-10-13,2026-06-29,,AGY-CONTR-102-IND,Apex Engineering & Construction Syndicate,Registered Contractor,10600000,10388000.0,9646000.0,742000.0,91.0,82.6,facility_center,3.4,3117647.06,NORMAL,DEMO DATA — NOT OFFICIAL GOVERNMENT DATA
MPLAD-WE-DAR-01477,Rejuvenation of traditional percolation tank and public drinking well at Siliguri,"Administrative sanction under MPLADS for: Rejuvenation of traditional percolation tank and public drinking well at Siliguri. Implemented by Municipal Corporation Public Infrastructure Cell for public benefit in Siliguri, Darjeeling.",West Bengal,Darjeeling,Darjeeling (LS-04),Kurseong,Siliguri,26.959245,88.254236,Raju Bista,Lok Sabha,Drinking Water Supply,IN_PROGRESS,2025-04-06,2026-01-17,,AGY-MUNC-DAR,Municipal Corporation Public Infrastructure Cell,Municipal Corporation,1280000,1175770.13,1091517.82,84252.31,85.3,13.1,water_installation,3.4,376470.59,HIGH_SPEND_LOW_PROGRESS,DEMO DATA — NOT OFFICIAL GOVERNMENT DATA
MPLAD-TA-COI-01080,Construction of modern cremation shed with solar lighting and water facility at Annur,"Administrative sanction under MPLADS for: Construction of modern cremation shed with solar lighting and water facility at Annur. Implemented by Apex Engineering & Construction Syndicate for public benefit in Annur, Coimbatore.",Tamil Nadu,Coimbatore,Coimbatore (LS-20),Sulur,Annur,11.080406,77.048905,Ganapathi P. Rajkumar,Lok Sabha,Community Infrastructure,IN_PROGRESS,2024-03-21,2025-03-10,,AGY-CONTR-102-COI,Apex Engineering & Construction Syndicate,Registered Contractor,8920000,7849600.0,5887200.0,1962400.0,66.0,87.1,community_hall,2.8,3185714.29,NORMAL,DEMO DATA — NOT OFFICIAL GOVERNMENT DATA
MPLAD-UT-VAR-01155,"Installation of rooftop solar photovoltaic system at Model Senior Secondary School, Kashi","Administrative sanction under MPLADS for: Installation of rooftop solar photovoltaic system at Model Senior Secondary School, Kashi. Implemented by Zilla Parishad Engineering Cell for public benefit in Kashi, Varanasi.",Uttar Pradesh,Varanasi,Varanasi (LS-77),Rohaniya,Kashi,25.321804,82.945274,Narendra Modi,Lok Sabha,Education & School Infrastructure,IN_PROGRESS,2024-04-18,2025-02-06,,AGY-ZP-VAR,Zilla Parishad Engineering Cell,Panchayati Raj,3780000,3628800.0,2986200.0,642600.0,79.0,96.5,classroom_block,2.1,1800000.0,NORMAL,DEMO DATA — NOT OFFICIAL GOVERNMENT DATA
MPLAD-MA-IND-01310,"Setting up of automated diagnostic lab unit at Community Health Centre, Mhow","Administrative sanction under MPLADS for: Setting up of automated diagnostic lab unit at Community Health Centre, Mhow. Implemented by Public Works Department (Div-1) for public benefit in Mhow, Indore.",Madhya Pradesh,Indore,Indore (LS-26),Mhow,Mhow,22.690482,75.810719,Shankar Lalwani,Lok Sabha,Health & Sanitation,IN_PROGRESS,2024-02-25,2024-11-14,,AGY-PWD-IND,Public Works Department (Div-1),Line Department,10240000,9932800.0,9011200.0,921600.0,88.0,81.9,facility_center,2.9,3531034.48,NORMAL,DEMO DATA — NOT OFFICIAL GOVERNMENT DATA
MPLAD-RA-JAI-01359,Upgradation and modernization of Primary Health Sub-Centre with emergency maternity unit at Amer,"Administrative sanction under MPLADS for: Upgradation and modernization of Primary Health Sub-Centre with emergency maternity unit at Amer. Implemented by Gram Panchayat Development Committee for public benefit in Amer, Jaipur.",Rajasthan,Jaipur,Jaipur (LS-07),Sanganer,Amer,26.960669,75.800022,Manju Sharma,Lok Sabha,Health & Sanitation,IN_PROGRESS,2024-02-16,2024-12-19,,AGY-PRI-JAI,Gram Panchayat Development Committee,Panchayati Raj,7230000,5856300.0,5567100.0,289200.0,77.0,95.0,facility_center,2.1,3442857.14,NORMAL,DEMO DATA — NOT OFFICIAL GOVERNMENT DATA
MPLAD-TA-COI-01111,Construction of Multi-Purpose Community Hall and Cultural Center for public gatherings at Pollachi,"Administrative sanction under MPLADS for: Construction of Multi-Purpose Community Hall and Cultural Center for public gatherings at Pollachi. Implemented by Zilla Parishad Engineering Cell for public benefit in Pollachi, Coimbatore.",Tamil Nadu,Coimbatore,Coimbatore (LS-20),Sulur,Pollachi,11.067632,77.002405,Ganapathi P. Rajkumar,Lok Sabha,Community Infrastructure,IN_PROGRESS,2024-09-02,2025-08-10,,AGY-ZP-COI,Zilla Parishad Engineering Cell,Panchayati Raj,10180000,8245800.0,8042200.0,203600.0,79.0,82.4,community_hall,3.8,2678947.37,NORMAL,DEMO DATA — NOT OFFICIAL GOVERNMENT DATA
MPLAD-WE-DAR-01007,Procurement of Basic Life Support Mobile Ambulance van for community health services in Darjeeling,"Administrative sanction under MPLADS for: Procurement of Basic Life Support Mobile Ambulance van for community health services in Darjeeling. Implemented by Vanguard Infra Projects Pvt Ltd for public benefit in Kalimpong, Darjeeling.",West Bengal,Darjeeling,Darjeeling (LS-04),Kurseong,Kalimpong,26.951855,88.222477,Raju Bista,Lok Sabha,Health & Sanitation,IN_PROGRESS,2023-11-12,2024-10-09,,AGY-CONTR-101-DAR,Vanguard Infra Projects Pvt Ltd,Registered Contractor,16730000,16562700.0,13718600.0,2844100.0,82.0,84.0,facility_center,4.8,3485416.67,NORMAL,DEMO DATA — NOT OFFICIAL GOVERNMENT DATA
MPLAD-BI-PAT-01125,Installation of Deep Borewell with Solar Dual Pump and overhead storage tank at Fatuha,"Administrative sanction under MPLADS for: Installation of Deep Borewell with Solar Dual Pump and overhead storage tank at Fatuha. Implemented by Public Works Department (Div-1) for public benefit in Fatuha, Patna.",Bihar,Patna,Patna Sahib (LS-30),Bakhtiarpur,Fatuha,25.590739,85.157879,Ravi Shankar Prasad,Lok Sabha,Drinking Water Supply,IN_PROGRESS,2024-01-15,2024-08-14,,AGY-PWD-PAT,Public Works Department (Div-1),Line Department,1790000,1682600.0,1270900.0,411700.0,71.0,86.8,water_installation,4.3,416279.07,NORMAL,DEMO DATA — NOT OFFICIAL GOVERNMENT DATA
MPLAD-WE-DAR-01112,"Construction of 2 additional smart classroom blocks at Government Higher Secondary School, Kurseong","Administrative sanction under MPLADS for: Construction of 2 additional smart classroom blocks at Government Higher Secondary School, Kurseong. Implemented by Public Works Department (Div-1) for public benefit in Kurseong, Darjeeling.",West Bengal,Darjeeling,Darjeeling (LS-04),Kurseong,Kurseong,27.042512,88.280395,Raju Bista,Lok Sabha,Education & School Infrastructure,IN_PROGRESS,2024-01-14,2024-08-07,,AGY-PWD-DAR,Public Works Department (Div-1),Line Department,3230000,2680900.0,2551700.0,129200.0,79.0,87.7,classroom_block,1.9,1700000.0,NORMAL,DEMO DATA — NOT OFFICIAL GOVERNMENT DATA
MPLAD-MA-IND-01346,Upgradation of link road and culvert bridging at Rau,"Administrative sanction under MPLADS for: Upgradation of link road and culvert bridging at Rau. Implemented by Gram Panchayat Development Committee for public benefit in Rau, Indore.",Madhya Pradesh,Indore,Indore (LS-26),Mhow,Rau,22.771307,75.928078,Shankar Lalwani,Lok Sabha,Roads & Pathways,IN_PROGRESS,2025-09-28,2026-06-06,,AGY-PRI-IND,Gram Panchayat Development Committee,Panchayati Raj,8340000,8256600.0,6421800.0,1834800.0,77.0,99.1,kilometer,3.1,2690322.58,NORMAL,DEMO DATA — NOT OFFICIAL GOVERNMENT DATA
MPLAD-MA-PUN-01378,Paving of interlocking paver block street in Shirur Ward 4,"Administrative sanction under MPLADS for: Paving of interlocking paver block street in Shirur Ward 4. Implemented by Zilla Parishad Engineering Cell for public benefit in Shirur, Pune.",Maharashtra,Pune,Pune (LS-34),Haveli,Shirur,18.499927,73.953258,Murlidhar Mohol,Lok Sabha,Roads & Pathways,IN_PROGRESS,2024-03-21,2024-11-22,,AGY-ZP-PUN,Zilla Parishad Engineering Cell,Panchayati Raj,7430000,6464100.0,5275300.0,1188800.0,71.0,99.2,kilometer,3.3,2251515.15,NORMAL,DEMO DATA — NOT OFFICIAL GOVERNMENT DATA
MPLAD-MA-IND-01108,"Construction of 2 additional smart classroom blocks at Government Higher Secondary School, Hatod","Administrative sanction under MPLADS for: Construction of 2 additional smart classroom blocks at Government Higher Secondary School, Hatod. Implemented by Municipal Corporation Public Infrastructure Cell for public benefit in Hatod, Indore.",Madhya Pradesh,Indore,Indore (LS-26),Mhow,Hatod,22.713461,75.945212,Shankar Lalwani,Lok Sabha,Education & School Infrastructure,IN_PROGRESS,2025-09-10,2026-06-01,,AGY-MUNC-IND,Municipal Corporation Public Infrastructure Cell,Municipal Corporation,2100000,2016000.0,1743000.0,273000.0,83.0,99.7,classroom_block,1.4,1500000.0,NORMAL,DEMO DATA — NOT OFFICIAL GOVERNMENT DATA
MPLAD-MA-PUN-01374,Upgradation and modernization of Primary Health Sub-Centre with emergency maternity unit at Haveli,"Administrative sanction under MPLADS for: Upgradation and modernization of Primary Health Sub-Centre with emergency maternity unit at Haveli. Implemented by Apex Engineering & Construction Syndicate for public benefit in Haveli, Pune.",Maharashtra,Pune,Pune (LS-34),Haveli,Haveli,18.612563,73.881018,Murlidhar Mohol,Lok Sabha,Health & Sanitation,IN_PROGRESS,2024-08-21,2025-04-16,,AGY-CONTR-102-PUN,Apex Engineering & Construction Syndicate,Registered Contractor,6800000,5780000.0,4352000.0,1428000.0,64.0,99.3,facility_center,1.9,3578947.37,NORMAL,DEMO DATA — NOT OFFICIAL GOVERNMENT DATA
MPLAD-RA-JAI-01420,"Construction of 2 additional smart classroom blocks at Government Higher Secondary School, Jhotwara","Administrative sanction under MPLADS for: Construction of 2 additional smart classroom blocks at Government Higher Secondary School, Jhotwara. Implemented by Municipal Corporation Public Infrastructure Cell for public benefit in Jhotwara, Jaipur. (Contains specialized premium design parameters and expedited specifications).",Rajasthan,Jaipur,Jaipur (LS-07),Sanganer,Jhotwara,26.857746,75.755961,Manju Sharma,Lok Sabha,Education & School Infrastructure,IN_PROGRESS,2025-03-10,2025-10-31,,AGY-MUNC-JAI,Municipal Corporation Public Infrastructure Cell,Municipal Corporation,22340000,20106000.0,17090100.0,3015900.0,76.5,97.5,classroom_block,3.0,7446666.67,COST_OUTLIER,DEMO DATA — NOT OFFICIAL GOVERNMENT DATA
MPLAD-MA-PUN-01555,Paving of interlocking paver block street in Shirur Ward 4,"Administrative sanction under MPLADS for: Paving of interlocking paver block street in Shirur Ward 4. Implemented by Vanguard Infra Projects Pvt Ltd for public benefit in Shirur, Pune.",Maharashtra,Pune,Pune (LS-34),Haveli,Shirur,18.585667,73.805225,Murlidhar Mohol,Lok Sabha,Roads & Pathways,IN_PROGRESS,2025-01-31,2025-09-10,,AGY-CONTR-101-PUN,Vanguard Infra Projects Pvt Ltd,Registered Contractor,2960000,2427200.0,2160800.0,266400.0,73.0,85.1,kilometer,1.2,2466666.67,AGENCY_MONOPOLY,DEMO DATA — NOT OFFICIAL GOVERNMENT DATA
MPLAD-KA-BEN-01503,Procurement of Basic Life Support Mobile Ambulance van for community health services in Bengaluru Rural,"Administrative sanction under MPLADS for: Procurement of Basic Life Support Mobile Ambulance van for community health services in Bengaluru Rural. Implemented by Apex Engineering & Construction Syndicate for public benefit in Nelamangala, Bengaluru Rural.",Karnataka,Bengaluru Rural,Bengaluru Rural (LS-23),Devanahalli,Nelamangala,13.266685,77.614079,C. N. Manjunath,Lok Sabha,Health & Sanitation,STALLED,2023-03-17,2024-01-11,,AGY-CONTR-102-BEN,Apex Engineering & Construction Syndicate,Registered Contractor,7520000,5264000.0,4474400.0,789600.0,59.5,35.3,facility_center,3.0,2506666.67,DELAYED_PROJECT,DEMO DATA — NOT OFFICIAL GOVERNMENT DATA
MPLAD-BI-PAT-01533,Construction of Cement Concrete (CC) Road and side drains from Panchayat Bhawan to Main Gate in Bakhtiarpur,"Administrative sanction under MPLADS for: Installation of rooftop solar photovoltaic system at Model Senior Secondary School, Danapur. Implemented by Public Works Department (Div-1) for public benefit in Danapur, Patna.",Bihar,Patna,Patna Sahib (LS-30),Bakhtiarpur,Bakhtiarpur,25.665258,85.057725,Ravi Shankar Prasad,Lok Sabha,Roads & Pathways,IN_PROGRESS,2024-06-14,2025-03-09,,AGY-PWD-PAT,Public Works Department (Div-1),Line Department,5180000,2528400.0,2322600.0,205800.0,79.0,82.0,classroom_block,2.0,2590000.0,DUPLICATE_PAIR,DEMO DATA — NOT OFFICIAL GOVERNMENT DATA
MPLAD-UT-VAR-01246,"Construction of modern girls toilet block and sanitation facility at Primary School, Rohaniya","Administrative sanction under MPLADS for: Construction of modern girls toilet block and sanitation facility at Primary School, Rohaniya. Implemented by Shree Balaji Civic Builders for public benefit in Rohaniya, Varanasi.",Uttar Pradesh,Varanasi,Varanasi (LS-77),Rohaniya,Rohaniya,25.288875,83.03836,Narendra Modi,Lok Sabha,Education & School Infrastructure,IN_PROGRESS,2025-02-18,2025-08-23,,AGY-CONTR-103-VAR,Shree Balaji Civic Builders,Registered Contractor,4380000,4336200.0,4073400.0,262800.0,93.0,97.9,classroom_block,3.9,1123076.92,NORMAL,DEMO DATA — NOT OFFICIAL GOVERNMENT DATA
MPLAD-RA-JAI-01279,Laying of piped drinking water distribution network for scheduled caste colony in Jhotwara,"Administrative sanction under MPLADS for: Laying of piped drinking water distribution network for scheduled caste colony in Jhotwara. Implemented by Public Works Department (Div-1) for public benefit in Jhotwara, Jaipur.",Rajasthan,Jaipur,Jaipur (LS-07),Sanganer,Jhotwara,26.883371,75.838583,Manju Sharma,Lok Sabha,Drinking Water Supply,IN_PROGRESS,2026-04-21,2027-01-19,,AGY-PWD-JAI,Public Works Department (Div-1),Line Department,1760000,580800.0,440000.0,140800.0,25.0,30.2,water_installation,3.3,533333.33,NORMAL,DEMO DATA — NOT OFFICIAL GOVERNMENT DATA
MPLAD-RA-JAI-01091,Construction of modern cremation shed with solar lighting and water facility at Sanganer,"Administrative sanction under MPLADS for: Construction of modern cremation shed with solar lighting and water facility at Sanganer. Implemented by State Rural Water Supply & Sanitation Board for public benefit in Sanganer, Jaipur.",Rajasthan,Jaipur,Jaipur (LS-07),Sanganer,Sanganer,26.850515,75.856525,Manju Sharma,Lok Sabha,Community Infrastructure,IN_PROGRESS,2025-06-11,2026-01-01,,AGY-JAL-JAI,State Rural Water Supply & Sanitation Board,Line Department,8720000,8458400.0,7673600.0,784800.0,88.0,90.8,community_hall,2.0,4360000.0,NORMAL,DEMO DATA — NOT OFFICIAL GOVERNMENT DATA
MPLAD-WE-DAR-01390,"Establishment of Composite Science and STEM Laboratory at Zilla Parishad High School, Kalimpong","Administrative sanction under MPLADS for: Establishment of Composite Science and STEM Laboratory at Zilla Parishad High School, Kalimpong. Implemented by Municipal Corporation Public Infrastructure Cell for public benefit in Kalimpong, Darjeeling.",West Bengal,Darjeeling,Darjeeling (LS-04),Kurseong,Kalimpong,26.954179,88.244422,Raju Bista,Lok Sabha,Education & School Infrastructure,IN_PROGRESS,2024-05-15,2025-02-10,,AGY-MUNC-DAR,Municipal Corporation Public Infrastructure Cell,Municipal Corporation,3300000,2739000.0,2409000.0,330000.0,73.0,80.6,classroom_block,1.8,1833333.33,NORMAL,DEMO DATA — NOT OFFICIAL GOVERNMENT DATA
MPLAD-RA-JAI-01249,Setting up of Community RO Water Purification Plant with distribution kiosk at Amer,"Administrative sanction under MPLADS for: Setting up of Community RO Water Purification Plant with distribution kiosk at Amer. Implemented by Shree Balaji Civic Builders for public benefit in Amer, Jaipur.",Rajasthan,Jaipur,Jaipur (LS-07),Sanganer,Amer,26.922104,75.77506,Manju Sharma,Lok Sabha,Drinking Water Supply,IN_PROGRESS,2024-12-06,2025-09-07,,AGY-CONTR-103-JAI,Shree Balaji Civic Builders,Registered Contractor,390000,327600.0,257400.0,70200.0,66.0,83.4,water_installation,1.2,325000.0,NORMAL,DEMO DATA — NOT OFFICIAL GOVERNMENT DATA
MPLAD-MA-IND-01491,Upgradation of link road and culvert bridging at Hatod,"Administrative sanction under MPLADS for: Upgradation of link road and culvert bridging at Hatod. Implemented by Zilla Parishad Engineering Cell for public benefit in Hatod, Indore.",Madhya Pradesh,Indore,Indore (LS-26),Mhow,Hatod,22.729611,75.80594,Shankar Lalwani,Lok Sabha,Roads & Pathways,STALLED,2023-02-26,2023-12-23,,AGY-ZP-IND,Zilla Parishad Engineering Cell,Panchayati Raj,10940000,7658000.0,6509300.0,1148700.0,59.5,40.0,kilometer,4.9,2232653.06,DELAYED_PROJECT,DEMO DATA — NOT OFFICIAL GOVERNMENT DATA
MPLAD-TA-COI-01380,Procurement of Basic Life Support Mobile Ambulance van for community health services in Coimbatore,"Administrative sanction under MPLADS for: Procurement of Basic Life Support Mobile Ambulance van for community health services in Coimbatore. Implemented by Public Works Department (Div-1) for public benefit in Kinathukadavu, Coimbatore.",Tamil Nadu,Coimbatore,Coimbatore (LS-20),Sulur,Kinathukadavu,10.964979,76.927161,Ganapathi P. Rajkumar,Lok Sabha,Health & Sanitation,IN_PROGRESS,2026-02-22,2026-09-27,,AGY-PWD-COI,Public Works Department (Div-1),Line Department,7470000,5229000.0,4257900.0,971100.0,57.0,73.1,facility_center,2.8,2667857.14,NORMAL,DEMO DATA — NOT OFFICIAL GOVERNMENT DATA
MPLAD-KA-BEN-01292,Rejuvenation of traditional percolation tank and public drinking well at Magadi,"Administrative sanction under MPLADS for: Rejuvenation of traditional percolation tank and public drinking well at Magadi. Implemented by Zilla Parishad Engineering Cell for public benefit in Magadi, Bengaluru Rural.",Karnataka,Bengaluru Rural,Bengaluru Rural (LS-23),Devanahalli,Magadi,13.267002,77.533401,C. N. Manjunath,Lok Sabha,Drinking Water Supply,IN_PROGRESS,2025-01-28,2025-11-01,,AGY-ZP-BEN,Zilla Parishad Engineering Cell,Panchayati Raj,1340000,1165800.0,978200.0,187600.0,73.0,89.2,water_installation,2.4,558333.33,NORMAL,DEMO DATA — NOT OFFICIAL GOVERNMENT DATA
MPLAD-BI-PAT-01017,Installation of Deep Borewell with Solar Dual Pump and overhead storage tank at Danapur,"Administrative sanction under MPLADS for: Installation of Deep Borewell with Solar Dual Pump and overhead storage tank at Danapur. Implemented by District Rural Development Agency for public benefit in Danapur, Patna.",Bihar,Patna,Patna Sahib (LS-30),Bakhtiarpur,Danapur,25.664221,85.179136,Ravi Shankar Prasad,Lok Sabha,Drinking Water Supply,IN_PROGRESS,2025-03-12,2026-01-25,,AGY-DRDA-PAT,District Rural Development Agency,Line Department,2270000,2111100.0,2043000.0,68100.0,90.0,87.0,water_installation,4.1,553658.54,NORMAL,DEMO DATA — NOT OFFICIAL GOVERNMENT DATA
MPLAD-WE-DAR-01498,Construction of Community Sanitary Complex with biological septic filtration in Siliguri,"Administrative sanction under MPLADS for: Construction of Community Sanitary Complex with biological septic filtration in Siliguri. Implemented by Shree Balaji Civic Builders for public benefit in Siliguri, Darjeeling.",West Bengal,Darjeeling,Darjeeling (LS-04),Kurseong,Siliguri,27.145753,88.260271,Raju Bista,Lok Sabha,Health & Sanitation,STALLED,2023-05-02,2024-02-26,,AGY-CONTR-103-DAR,Shree Balaji Civic Builders,Registered Contractor,9890000,6923000.0,5884550.0,1038450.0,59.5,42.0,facility_center,3.9,2535897.44,DELAYED_PROJECT,DEMO DATA — NOT OFFICIAL GOVERNMENT DATA
MPLAD-UT-VAR-01383,Rejuvenation of traditional percolation tank and public drinking well at Rohaniya,"Administrative sanction under MPLADS for: Rejuvenation of traditional percolation tank and public drinking well at Rohaniya. Implemented by State Rural Water Supply & Sanitation Board for public benefit in Rohaniya, Varanasi.",Uttar Pradesh,Varanasi,Varanasi (LS-77),Rohaniya,Rohaniya,25.293166,82.989713,Narendra Modi,Lok Sabha,Drinking Water Supply,IN_PROGRESS,2025-10-21,2026-09-27,,AGY-JAL-VAR,State Rural Water Supply & Sanitation Board,Line Department,1640000,1131600.0,918400.0,213200.0,56.0,73.5,water_installation,3.1,529032.26,NORMAL,DEMO DATA — NOT OFFICIAL GOVERNMENT DATA
MPLAD-BI-PAT-01427,"Setting up of automated diagnostic lab unit at Community Health Centre, Danapur","Administrative sanction under MPLADS for: Setting up of automated diagnostic lab unit at Community Health Centre, Danapur. Implemented by Apex Engineering & Construction Syndicate for public benefit in Danapur, Patna. (Contains specialized premium design parameters and expedited specifications).",Bihar,Patna,Patna Sahib (LS-30),Bakhtiarpur,Danapur,25.619478,85.067831,Ravi Shankar Prasad,Lok Sabha,Health & Sanitation,IN_PROGRESS,2025-10-25,2026-04-24,,AGY-CONTR-102-PAT,Apex Engineering & Construction Syndicate,Registered Contractor,34050000,30645000.0,26048250.0,4596750.0,76.5,87.6,facility_center,4.9,6948979.59,COST_OUTLIER,DEMO DATA — NOT OFFICIAL GOVERNMENT DATA
